solid OpenSCAD_Model
  facet normal 0 0 -1
    outer loop
      vertex -17.9987 11.4054 0.4
      vertex -17.6284 11.252 0.4
      vertex -17.8019 10.9 0.4
    endloop
  endfacet
  facet normal 0 0 -1
    outer loop
      vertex -17.6284 11.252 0.4
      vertex -17.8231 12.0608 0.4
      vertex -17.8 12.4132 0.4
    endloop
  endfacet
  facet normal 0 0 -1
    outer loop
      vertex -17.6284 11.252 0.4
      vertex -17.8895 11.7273 0.4
      vertex -17.8231 12.0608 0.4
    endloop
  endfacet
  facet normal 0 0 -1
    outer loop
      vertex -17.6284 11.252 0.4
      vertex -17.9987 11.4054 0.4
      vertex -17.8895 11.7273 0.4
    endloop
  endfacet
  facet normal 0 0 -1
    outer loop
      vertex -18.1491 11.1005 0.4
      vertex -17.8019 10.9 0.4
      vertex -18.0199 10.5737 0.4
    endloop
  endfacet
  facet normal 0 0 -1
    outer loop
      vertex -17.8019 10.9 0.4
      vertex -18.1491 11.1005 0.4
      vertex -17.9987 11.4054 0.4
    endloop
  endfacet
  facet normal 0 0 -1
    outer loop
      vertex -18.338 10.8177 0.4
      vertex -18.0199 10.5737 0.4
      vertex -18.2787 10.2787 0.4
    endloop
  endfacet
  facet normal 0 0 -1
    outer loop
      vertex -18.0199 10.5737 0.4
      vertex -18.338 10.8177 0.4
      vertex -18.1491 11.1005 0.4
    endloop
  endfacet
  facet normal 0 0 -1
    outer loop
      vertex -18.2787 10.2787 0.4
      vertex -18.5621 10.5621 0.4
      vertex -18.338 10.8177 0.4
    endloop
  endfacet
  facet normal 0 0 -1
    outer loop
      vertex -18.5737 10.0199 0.4
      vertex -18.5621 10.5621 0.4
      vertex -18.2787 10.2787 0.4
    endloop
  endfacet
  facet normal 0 0 -1
    outer loop
      vertex -18.5737 10.0199 0.4
      vertex -18.8177 10.338 0.4
      vertex -18.5621 10.5621 0.4
    endloop
  endfacet
  facet normal 0 0 -1
    outer loop
      vertex -18.9 9.80193 0.4
      vertex -18.8177 10.338 0.4
      vertex -18.5737 10.0199 0.4
    endloop
  endfacet
  facet normal 0 0 -1
    outer loop
      vertex -18.9 9.80193 0.4
      vertex -19.1005 10.1491 0.4
      vertex -18.8177 10.338 0.4
    endloop
  endfacet
  facet normal 0 0 -1
    outer loop
      vertex -19.252 9.62837 0.4
      vertex -19.1005 10.1491 0.4
      vertex -18.9 9.80193 0.4
    endloop
  endfacet
  facet normal 0 0 -1
    outer loop
      vertex -19.252 9.62837 0.4
      vertex -19.4054 9.99872 0.4
      vertex -19.1005 10.1491 0.4
    endloop
  endfacet
  facet normal 0 0 -1
    outer loop
      vertex -19.6236 9.50223 0.4
      vertex -19.4054 9.99872 0.4
      vertex -19.252 9.62837 0.4
    endloop
  endfacet
  facet normal 0 0 -1
    outer loop
      vertex -19.6236 9.50223 0.4
      vertex -19.7273 9.88945 0.4
      vertex -19.4054 9.99872 0.4
    endloop
  endfacet
  facet normal 0 0 -1
    outer loop
      vertex -20.0084 9.42568 0.4
      vertex -19.7273 9.88945 0.4
      vertex -19.6236 9.50223 0.4
    endloop
  endfacet
  facet normal 0 0 -1
    outer loop
      vertex -20.0084 9.42568 0.4
      vertex -20.0608 9.82312 0.4
      vertex -19.7273 9.88945 0.4
    endloop
  endfacet
  facet normal 0 0 -1
    outer loop
      vertex -20.4 9.40001 0.4
      vertex -20.0608 9.82312 0.4
      vertex -20.0084 9.42568 0.4
    endloop
  endfacet
  facet normal 0 0 -1
    outer loop
      vertex -20.4 9.40001 0.4
      vertex -20.4132 9.80001 0.4
      vertex -20.0608 9.82312 0.4
    endloop
  endfacet
  facet normal 0 0 -1
    outer loop
      vertex -20.4 9.40001 0.4
      vertex -55.5868 9.80001 0.4
      vertex -20.4132 9.80001 0.4
    endloop
  endfacet
  facet normal 0 0 -1
    outer loop
      vertex -55.6 9.40001 0.4
      vertex -55.5868 9.80001 0.4
      vertex -20.4 9.40001 0.4
    endloop
  endfacet
  facet normal 0 0 -1
    outer loop
      vertex -55.6 9.40001 0.4
      vertex -55.9392 9.82312 0.4
      vertex -55.5868 9.80001 0.4
    endloop
  endfacet
  facet normal 0 0 -1
    outer loop
      vertex -55.9916 9.42568 0.4
      vertex -55.9392 9.82312 0.4
      vertex -55.6 9.40001 0.4
    endloop
  endfacet
  facet normal 0 0 -1
    outer loop
      vertex -55.9916 9.42568 0.4
      vertex -56.2727 9.88945 0.4
      vertex -55.9392 9.82312 0.4
    endloop
  endfacet
  facet normal 0 0 -1
    outer loop
      vertex -56.3764 9.50223 0.4
      vertex -56.2727 9.88945 0.4
      vertex -55.9916 9.42568 0.4
    endloop
  endfacet
  facet normal 0 0 -1
    outer loop
      vertex -56.3764 9.50223 0.4
      vertex -56.5946 9.99872 0.4
      vertex -56.2727 9.88945 0.4
    endloop
  endfacet
  facet normal 0 0 -1
    outer loop
      vertex -56.748 9.62837 0.4
      vertex -56.5946 9.99872 0.4
      vertex -56.3764 9.50223 0.4
    endloop
  endfacet
  facet normal 0 0 -1
    outer loop
      vertex -56.748 9.62837 0.4
      vertex -56.8995 10.1491 0.4
      vertex -56.5946 9.99872 0.4
    endloop
  endfacet
  facet normal 0 0 -1
    outer loop
      vertex -57.1 9.80193 0.4
      vertex -56.8995 10.1491 0.4
      vertex -56.748 9.62837 0.4
    endloop
  endfacet
  facet normal 0 0 -1
    outer loop
      vertex -57.1 9.80193 0.4
      vertex -57.1823 10.338 0.4
      vertex -56.8995 10.1491 0.4
    endloop
  endfacet
  facet normal 0 0 -1
    outer loop
      vertex -57.4263 10.0199 0.4
      vertex -57.1823 10.338 0.4
      vertex -57.1 9.80193 0.4
    endloop
  endfacet
  facet normal 0 0 -1
    outer loop
      vertex -57.4263 10.0199 0.4
      vertex -57.4379 10.5621 0.4
      vertex -57.1823 10.338 0.4
    endloop
  endfacet
  facet normal 0 0 -1
    outer loop
      vertex -57.7213 10.2787 0.4
      vertex -57.4379 10.5621 0.4
      vertex -57.4263 10.0199 0.4
    endloop
  endfacet
  facet normal -0 0 -1
    outer loop
      vertex -57.4379 10.5621 0.4
      vertex -57.7213 10.2787 0.4
      vertex -57.662 10.8177 0.4
    endloop
  endfacet
  facet normal 0 0 -1
    outer loop
      vertex -57.9801 10.5737 0.4
      vertex -57.662 10.8177 0.4
      vertex -57.7213 10.2787 0.4
    endloop
  endfacet
  facet normal -0 0 -1
    outer loop
      vertex -57.662 10.8177 0.4
      vertex -57.9801 10.5737 0.4
      vertex -57.8509 11.1005 0.4
    endloop
  endfacet
  facet normal 0 0 -1
    outer loop
      vertex -58.1981 10.9 0.4
      vertex -57.8509 11.1005 0.4
      vertex -57.9801 10.5737 0.4
    endloop
  endfacet
  facet normal -0 0 -1
    outer loop
      vertex -57.8509 11.1005 0.4
      vertex -58.1981 10.9 0.4
      vertex -58.0013 11.4054 0.4
    endloop
  endfacet
  facet normal 0 0 -1
    outer loop
      vertex -58.3716 11.252 0.4
      vertex -58.0013 11.4054 0.4
      vertex -58.1981 10.9 0.4
    endloop
  endfacet
  facet normal -0 0 -1
    outer loop
      vertex -58.0013 11.4054 0.4
      vertex -58.3716 11.252 0.4
      vertex -58.1105 11.7273 0.4
    endloop
  endfacet
  facet normal 0 0 -1
    outer loop
      vertex -58.4978 11.6236 0.4
      vertex -58.1105 11.7273 0.4
      vertex -58.3716 11.252 0.4
    endloop
  endfacet
  facet normal 0 0 -1
    outer loop
      vertex -58.5743 12.0084 0.4
      vertex -58.1769 12.0608 0.4
      vertex -58.4978 11.6236 0.4
    endloop
  endfacet
  facet normal -0 0 -1
    outer loop
      vertex -58.1105 11.7273 0.4
      vertex -58.4978 11.6236 0.4
      vertex -58.1769 12.0608 0.4
    endloop
  endfacet
  facet normal 0 0 -1
    outer loop
      vertex -17.8 12.4132 0.4
      vertex -17.4 12.4 0.4
      vertex -17.4257 12.0084 0.4
    endloop
  endfacet
  facet normal 0 0 -1
    outer loop
      vertex -17.8 12.4132 0.4
      vertex -17.4257 12.0084 0.4
      vertex -17.5022 11.6236 0.4
    endloop
  endfacet
  facet normal 0 0 -1
    outer loop
      vertex -17.8 12.4132 0.4
      vertex -17.5022 11.6236 0.4
      vertex -17.6284 11.252 0.4
    endloop
  endfacet
  facet normal 0 0 -1
    outer loop
      vertex -17.8 46.2402 0.4
      vertex -17.4 12.4 0.4
      vertex -17.8 12.4132 0.4
    endloop
  endfacet
  facet normal 0 0 -1
    outer loop
      vertex -17.4 12.4 0.4
      vertex -17.8 46.2402 0.4
      vertex -17.4 46.6402 0.4
    endloop
  endfacet
  facet normal 0 0 -1
    outer loop
      vertex -55.6 50.6 0.4
      vertex -21.7598 50.2 0.4
      vertex -55.5868 50.2 0.4
    endloop
  endfacet
  facet normal 0 0 -1
    outer loop
      vertex -21.7598 50.2 0.4
      vertex -55.6 50.6 0.4
      vertex -21.3598 50.6 0.4
    endloop
  endfacet
  facet normal 0 0 -1
    outer loop
      vertex -55.9392 50.1769 0.4
      vertex -55.6 50.6 0.4
      vertex -55.5868 50.2 0.4
    endloop
  endfacet
  facet normal 0 0 -1
    outer loop
      vertex -55.9392 50.1769 0.4
      vertex -55.9916 50.5743 0.4
      vertex -55.6 50.6 0.4
    endloop
  endfacet
  facet normal 0 0 -1
    outer loop
      vertex -56.2727 50.1105 0.4
      vertex -55.9916 50.5743 0.4
      vertex -55.9392 50.1769 0.4
    endloop
  endfacet
  facet normal 0 0 -1
    outer loop
      vertex -56.2727 50.1105 0.4
      vertex -56.3764 50.4978 0.4
      vertex -55.9916 50.5743 0.4
    endloop
  endfacet
  facet normal 0 0 -1
    outer loop
      vertex -56.5946 50.0013 0.4
      vertex -56.3764 50.4978 0.4
      vertex -56.2727 50.1105 0.4
    endloop
  endfacet
  facet normal 0 0 -1
    outer loop
      vertex -56.5946 50.0013 0.4
      vertex -56.748 50.3716 0.4
      vertex -56.3764 50.4978 0.4
    endloop
  endfacet
  facet normal 0 0 -1
    outer loop
      vertex -56.8995 49.8509 0.4
      vertex -56.748 50.3716 0.4
      vertex -56.5946 50.0013 0.4
    endloop
  endfacet
  facet normal 0 0 -1
    outer loop
      vertex -56.8995 49.8509 0.4
      vertex -57.1 50.1981 0.4
      vertex -56.748 50.3716 0.4
    endloop
  endfacet
  facet normal 0 0 -1
    outer loop
      vertex -57.1823 49.662 0.4
      vertex -57.1 50.1981 0.4
      vertex -56.8995 49.8509 0.4
    endloop
  endfacet
  facet normal 0 0 -1
    outer loop
      vertex -57.1823 49.662 0.4
      vertex -57.4263 49.9801 0.4
      vertex -57.1 50.1981 0.4
    endloop
  endfacet
  facet normal 0 0 -1
    outer loop
      vertex -57.4379 49.4379 0.4
      vertex -57.4263 49.9801 0.4
      vertex -57.1823 49.662 0.4
    endloop
  endfacet
  facet normal 0 0 -1
    outer loop
      vertex -57.7213 49.7213 0.4
      vertex -57.4379 49.4379 0.4
      vertex -57.662 49.1823 0.4
    endloop
  endfacet
  facet normal 0 0 -1
    outer loop
      vertex -57.4379 49.4379 0.4
      vertex -57.7213 49.7213 0.4
      vertex -57.4263 49.9801 0.4
    endloop
  endfacet
  facet normal 0 0 -1
    outer loop
      vertex -57.9801 49.4263 0.4
      vertex -57.662 49.1823 0.4
      vertex -57.8509 48.8995 0.4
    endloop
  endfacet
  facet normal 0 0 -1
    outer loop
      vertex -57.662 49.1823 0.4
      vertex -57.9801 49.4263 0.4
      vertex -57.7213 49.7213 0.4
    endloop
  endfacet
  facet normal 0 0 -1
    outer loop
      vertex -58.1981 49.1 0.4
      vertex -57.8509 48.8995 0.4
      vertex -58.0013 48.5946 0.4
    endloop
  endfacet
  facet normal 0 0 -1
    outer loop
      vertex -58.3716 48.748 0.4
      vertex -58.0013 48.5946 0.4
      vertex -58.1105 48.2727 0.4
    endloop
  endfacet
  facet normal 0 0 -1
    outer loop
      vertex -58.4978 48.3764 0.4
      vertex -58.1105 48.2727 0.4
      vertex -58.1769 47.9392 0.4
    endloop
  endfacet
  facet normal 0 0 -1
    outer loop
      vertex -57.8509 48.8995 0.4
      vertex -58.1981 49.1 0.4
      vertex -57.9801 49.4263 0.4
    endloop
  endfacet
  facet normal 0 0 -1
    outer loop
      vertex -58.6 47.6 0.4
      vertex -58.1769 47.9392 0.4
      vertex -58.2 47.5868 0.4
    endloop
  endfacet
  facet normal -0 0 -1
    outer loop
      vertex -58.2 12.4132 0.4
      vertex -58.6 12.4 0.4
      vertex -58.2 47.5868 0.4
    endloop
  endfacet
  facet normal 0 0 -1
    outer loop
      vertex -58.6 47.6 0.4
      vertex -58.2 47.5868 0.4
      vertex -58.6 12.4 0.4
    endloop
  endfacet
  facet normal 0 0 -1
    outer loop
      vertex -58.6 12.4 0.4
      vertex -58.1769 12.0608 0.4
      vertex -58.5743 12.0084 0.4
    endloop
  endfacet
  facet normal -0 0 -1
    outer loop
      vertex -58.1769 47.9392 0.4
      vertex -58.6 47.6 0.4
      vertex -58.5743 47.9916 0.4
    endloop
  endfacet
  facet normal 0 0 -1
    outer loop
      vertex -58.1769 12.0608 0.4
      vertex -58.6 12.4 0.4
      vertex -58.2 12.4132 0.4
    endloop
  endfacet
  facet normal 0 0 -1
    outer loop
      vertex -58.0013 48.5946 0.4
      vertex -58.3716 48.748 0.4
      vertex -58.1981 49.1 0.4
    endloop
  endfacet
  facet normal 0 0 -1
    outer loop
      vertex -58.1105 48.2727 0.4
      vertex -58.4978 48.3764 0.4
      vertex -58.3716 48.748 0.4
    endloop
  endfacet
  facet normal 0 0 -1
    outer loop
      vertex -58.1769 47.9392 0.4
      vertex -58.5743 47.9916 0.4
      vertex -58.4978 48.3764 0.4
    endloop
  endfacet
  facet normal 1 -0 0
    outer loop
      vertex -17.4 12.4 1.6
      vertex -17.4 46.6402 0.4
      vertex -17.4 46.6402 1.6
    endloop
  endfacet
  facet normal 1 0 0
    outer loop
      vertex -17.4 46.6402 0.4
      vertex -17.4 12.4 1.6
      vertex -17.4 12.4 0.4
    endloop
  endfacet
  facet normal 0.896961 -0.44211 0
    outer loop
      vertex -17.8019 10.9 1.6
      vertex -17.6284 11.252 0.4
      vertex -17.6284 11.252 1.6
    endloop
  endfacet
  facet normal 0.896961 -0.44211 0
    outer loop
      vertex -17.6284 11.252 0.4
      vertex -17.8019 10.9 1.6
      vertex -17.8019 10.9 0.4
    endloop
  endfacet
  facet normal 0.751724 -0.659478 0
    outer loop
      vertex -18.2787 10.2787 1.6
      vertex -18.0199 10.5737 0.4
      vertex -18.0199 10.5737 1.6
    endloop
  endfacet
  facet normal 0.751724 -0.659478 0
    outer loop
      vertex -18.0199 10.5737 0.4
      vertex -18.2787 10.2787 1.6
      vertex -18.2787 10.2787 0.4
    endloop
  endfacet
  facet normal -0.321437 -0.946931 0
    outer loop
      vertex -56.748 9.62837 0.4
      vertex -56.3764 9.50223 1.6
      vertex -56.748 9.62837 1.6
    endloop
  endfacet
  facet normal -0.321437 -0.946931 -0
    outer loop
      vertex -56.3764 9.50223 1.6
      vertex -56.748 9.62837 0.4
      vertex -56.3764 9.50223 0.4
    endloop
  endfacet
  facet normal -0.44211 0.896961 0
    outer loop
      vertex -56.748 50.3716 0.4
      vertex -57.1 50.1981 1.6
      vertex -56.748 50.3716 1.6
    endloop
  endfacet
  facet normal -0.44211 0.896961 0
    outer loop
      vertex -57.1 50.1981 1.6
      vertex -56.748 50.3716 0.4
      vertex -57.1 50.1981 0.4
    endloop
  endfacet
  facet normal 0.831501 -0.555523 0
    outer loop
      vertex -18.0199 10.5737 1.6
      vertex -17.8019 10.9 0.4
      vertex -17.8019 10.9 1.6
    endloop
  endfacet
  facet normal 0.831501 -0.555523 0
    outer loop
      vertex -17.8019 10.9 0.4
      vertex -18.0199 10.5737 1.6
      vertex -18.0199 10.5737 0.4
    endloop
  endfacet
  facet normal -0.751724 -0.659478 0
    outer loop
      vertex -57.7213 10.2787 0.4
      vertex -57.9801 10.5737 1.6
      vertex -57.9801 10.5737 0.4
    endloop
  endfacet
  facet normal -0.751724 -0.659478 0
    outer loop
      vertex -57.9801 10.5737 1.6
      vertex -57.7213 10.2787 0.4
      vertex -57.7213 10.2787 1.6
    endloop
  endfacet
  facet normal 0.442233 -0.8969 0
    outer loop
      vertex -19.252 9.62837 0.4
      vertex -18.9 9.80193 1.6
      vertex -19.252 9.62837 1.6
    endloop
  endfacet
  facet normal 0.442233 -0.8969 0
    outer loop
      vertex -18.9 9.80193 1.6
      vertex -19.252 9.62837 0.4
      vertex -18.9 9.80193 0.4
    endloop
  endfacet
  facet normal -0.896961 0.44211 0
    outer loop
      vertex -58.3716 48.748 0.4
      vertex -58.1981 49.1 1.6
      vertex -58.1981 49.1 0.4
    endloop
  endfacet
  facet normal -0.896961 0.44211 0
    outer loop
      vertex -58.1981 49.1 1.6
      vertex -58.3716 48.748 0.4
      vertex -58.3716 48.748 1.6
    endloop
  endfacet
  facet normal 0 -1 0
    outer loop
      vertex -55.6 9.40001 0.4
      vertex -20.4 9.40001 1.6
      vertex -55.6 9.40001 1.6
    endloop
  endfacet
  facet normal 0 -1 -0
    outer loop
      vertex -20.4 9.40001 1.6
      vertex -55.6 9.40001 0.4
      vertex -20.4 9.40001 0.4
    endloop
  endfacet
  facet normal -0.896961 -0.44211 0
    outer loop
      vertex -58.1981 10.9 0.4
      vertex -58.3716 11.252 1.6
      vertex -58.3716 11.252 0.4
    endloop
  endfacet
  facet normal -0.896961 -0.44211 0
    outer loop
      vertex -58.3716 11.252 1.6
      vertex -58.1981 10.9 0.4
      vertex -58.1981 10.9 1.6
    endloop
  endfacet
  facet normal -0.997853 0.0654873 0
    outer loop
      vertex -58.6 47.6 0.4
      vertex -58.5743 47.9916 1.6
      vertex -58.5743 47.9916 0.4
    endloop
  endfacet
  facet normal -0.997853 0.0654873 0
    outer loop
      vertex -58.5743 47.9916 1.6
      vertex -58.6 47.6 0.4
      vertex -58.6 47.6 1.6
    endloop
  endfacet
  facet normal 0.946885 -0.321574 0
    outer loop
      vertex -17.6284 11.252 1.6
      vertex -17.5022 11.6236 0.4
      vertex -17.5022 11.6236 1.6
    endloop
  endfacet
  facet normal 0.946885 -0.321574 0
    outer loop
      vertex -17.5022 11.6236 0.4
      vertex -17.6284 11.252 1.6
      vertex -17.6284 11.252 0.4
    endloop
  endfacet
  facet normal 0.997853 -0.0654873 0
    outer loop
      vertex -17.4257 12.0084 1.6
      vertex -17.4 12.4 0.4
      vertex -17.4 12.4 1.6
    endloop
  endfacet
  facet normal 0.997853 -0.0654873 0
    outer loop
      vertex -17.4 12.4 0.4
      vertex -17.4257 12.0084 1.6
      vertex -17.4257 12.0084 0.4
    endloop
  endfacet
  facet normal -0.194989 0.980806 0
    outer loop
      vertex -55.9916 50.5743 0.4
      vertex -56.3764 50.4978 1.6
      vertex -55.9916 50.5743 1.6
    endloop
  endfacet
  facet normal -0.194989 0.980806 0
    outer loop
      vertex -56.3764 50.4978 1.6
      vertex -55.9916 50.5743 0.4
      vertex -56.3764 50.4978 0.4
    endloop
  endfacet
  facet normal 0.321437 -0.946931 0
    outer loop
      vertex -19.6236 9.50223 0.4
      vertex -19.252 9.62837 1.6
      vertex -19.6236 9.50223 1.6
    endloop
  endfacet
  facet normal 0.321437 -0.946931 0
    outer loop
      vertex -19.252 9.62837 1.6
      vertex -19.6236 9.50223 0.4
      vertex -19.252 9.62837 0.4
    endloop
  endfacet
  facet normal -0.831501 0.555523 0
    outer loop
      vertex -58.1981 49.1 0.4
      vertex -57.9801 49.4263 1.6
      vertex -57.9801 49.4263 0.4
    endloop
  endfacet
  facet normal -0.831501 0.555523 0
    outer loop
      vertex -57.9801 49.4263 1.6
      vertex -58.1981 49.1 0.4
      vertex -58.1981 49.1 1.6
    endloop
  endfacet
  facet normal -0.555523 0.831501 0
    outer loop
      vertex -57.1 50.1981 0.4
      vertex -57.4263 49.9801 1.6
      vertex -57.1 50.1981 1.6
    endloop
  endfacet
  facet normal -0.555523 0.831501 0
    outer loop
      vertex -57.4263 49.9801 1.6
      vertex -57.1 50.1981 0.4
      vertex -57.4263 49.9801 0.4
    endloop
  endfacet
  facet normal 0 1 -0
    outer loop
      vertex -21.3598 50.6 0.4
      vertex -55.6 50.6 1.6
      vertex -21.3598 50.6 1.6
    endloop
  endfacet
  facet normal 0 1 0
    outer loop
      vertex -55.6 50.6 1.6
      vertex -21.3598 50.6 0.4
      vertex -55.6 50.6 0.4
    endloop
  endfacet
  facet normal -1 0 0
    outer loop
      vertex -58.6 12.4 0.4
      vertex -58.6 47.6 1.6
      vertex -58.6 47.6 0.4
    endloop
  endfacet
  facet normal -1 -0 0
    outer loop
      vertex -58.6 47.6 1.6
      vertex -58.6 12.4 0.4
      vertex -58.6 12.4 1.6
    endloop
  endfacet
  facet normal 0.980806 -0.194989 0
    outer loop
      vertex -17.5022 11.6236 1.6
      vertex -17.4257 12.0084 0.4
      vertex -17.4257 12.0084 1.6
    endloop
  endfacet
  facet normal 0.980806 -0.194989 0
    outer loop
      vertex -17.4257 12.0084 0.4
      vertex -17.5022 11.6236 1.6
      vertex -17.5022 11.6236 0.4
    endloop
  endfacet
  facet normal -0.946885 -0.321574 0
    outer loop
      vertex -58.3716 11.252 0.4
      vertex -58.4978 11.6236 1.6
      vertex -58.4978 11.6236 0.4
    endloop
  endfacet
  facet normal -0.946885 -0.321574 0
    outer loop
      vertex -58.4978 11.6236 1.6
      vertex -58.3716 11.252 0.4
      vertex -58.3716 11.252 1.6
    endloop
  endfacet
  facet normal -0.442233 -0.8969 0
    outer loop
      vertex -57.1 9.80193 0.4
      vertex -56.748 9.62837 1.6
      vertex -57.1 9.80193 1.6
    endloop
  endfacet
  facet normal -0.442233 -0.8969 -0
    outer loop
      vertex -56.748 9.62837 1.6
      vertex -57.1 9.80193 0.4
      vertex -56.748 9.62837 0.4
    endloop
  endfacet
  facet normal -0.55547 -0.831536 0
    outer loop
      vertex -57.4263 10.0199 0.4
      vertex -57.1 9.80193 1.6
      vertex -57.4263 10.0199 1.6
    endloop
  endfacet
  facet normal -0.55547 -0.831536 -0
    outer loop
      vertex -57.1 9.80193 1.6
      vertex -57.4263 10.0199 0.4
      vertex -57.1 9.80193 0.4
    endloop
  endfacet
  facet normal -0.997853 -0.0654873 0
    outer loop
      vertex -58.5743 12.0084 0.4
      vertex -58.6 12.4 1.6
      vertex -58.6 12.4 0.4
    endloop
  endfacet
  facet normal -0.997853 -0.0654873 0
    outer loop
      vertex -58.6 12.4 1.6
      vertex -58.5743 12.0084 0.4
      vertex -58.5743 12.0084 1.6
    endloop
  endfacet
  facet normal 0.0654112 -0.997858 0
    outer loop
      vertex -20.4 9.40001 0.4
      vertex -20.0084 9.42568 1.6
      vertex -20.4 9.40001 1.6
    endloop
  endfacet
  facet normal 0.0654112 -0.997858 0
    outer loop
      vertex -20.0084 9.42568 1.6
      vertex -20.4 9.40001 0.4
      vertex -20.0084 9.42568 0.4
    endloop
  endfacet
  facet normal -0.659478 -0.751724 0
    outer loop
      vertex -57.7213 10.2787 0.4
      vertex -57.4263 10.0199 1.6
      vertex -57.7213 10.2787 1.6
    endloop
  endfacet
  facet normal -0.659478 -0.751724 -0
    outer loop
      vertex -57.4263 10.0199 1.6
      vertex -57.7213 10.2787 0.4
      vertex -57.4263 10.0199 0.4
    endloop
  endfacet
  facet normal -0.980806 -0.194989 0
    outer loop
      vertex -58.4978 11.6236 0.4
      vertex -58.5743 12.0084 1.6
      vertex -58.5743 12.0084 0.4
    endloop
  endfacet
  facet normal -0.980806 -0.194989 0
    outer loop
      vertex -58.5743 12.0084 1.6
      vertex -58.4978 11.6236 0.4
      vertex -58.4978 11.6236 1.6
    endloop
  endfacet
  facet normal -0.195111 -0.980781 0
    outer loop
      vertex -56.3764 9.50223 0.4
      vertex -55.9916 9.42568 1.6
      vertex -56.3764 9.50223 1.6
    endloop
  endfacet
  facet normal -0.195111 -0.980781 -0
    outer loop
      vertex -55.9916 9.42568 1.6
      vertex -56.3764 9.50223 0.4
      vertex -55.9916 9.42568 0.4
    endloop
  endfacet
  facet normal -0.321574 0.946885 0
    outer loop
      vertex -56.3764 50.4978 0.4
      vertex -56.748 50.3716 1.6
      vertex -56.3764 50.4978 1.6
    endloop
  endfacet
  facet normal -0.321574 0.946885 0
    outer loop
      vertex -56.748 50.3716 1.6
      vertex -56.3764 50.4978 0.4
      vertex -56.748 50.3716 0.4
    endloop
  endfacet
  facet normal -0.946885 0.321574 0
    outer loop
      vertex -58.4978 48.3764 0.4
      vertex -58.3716 48.748 1.6
      vertex -58.3716 48.748 0.4
    endloop
  endfacet
  facet normal -0.946885 0.321574 0
    outer loop
      vertex -58.3716 48.748 1.6
      vertex -58.4978 48.3764 0.4
      vertex -58.4978 48.3764 1.6
    endloop
  endfacet
  facet normal -0.751724 0.659478 0
    outer loop
      vertex -57.9801 49.4263 0.4
      vertex -57.7213 49.7213 1.6
      vertex -57.7213 49.7213 0.4
    endloop
  endfacet
  facet normal -0.751724 0.659478 0
    outer loop
      vertex -57.7213 49.7213 1.6
      vertex -57.9801 49.4263 0.4
      vertex -57.9801 49.4263 1.6
    endloop
  endfacet
  facet normal 0.659478 -0.751724 0
    outer loop
      vertex -18.5737 10.0199 0.4
      vertex -18.2787 10.2787 1.6
      vertex -18.5737 10.0199 1.6
    endloop
  endfacet
  facet normal 0.659478 -0.751724 0
    outer loop
      vertex -18.2787 10.2787 1.6
      vertex -18.5737 10.0199 0.4
      vertex -18.2787 10.2787 0.4
    endloop
  endfacet
  facet normal -0.831501 -0.555523 0
    outer loop
      vertex -57.9801 10.5737 0.4
      vertex -58.1981 10.9 1.6
      vertex -58.1981 10.9 0.4
    endloop
  endfacet
  facet normal -0.831501 -0.555523 0
    outer loop
      vertex -58.1981 10.9 1.6
      vertex -57.9801 10.5737 0.4
      vertex -57.9801 10.5737 1.6
    endloop
  endfacet
  facet normal -0.980806 0.194989 0
    outer loop
      vertex -58.5743 47.9916 0.4
      vertex -58.4978 48.3764 1.6
      vertex -58.4978 48.3764 0.4
    endloop
  endfacet
  facet normal -0.980806 0.194989 0
    outer loop
      vertex -58.4978 48.3764 1.6
      vertex -58.5743 47.9916 0.4
      vertex -58.5743 47.9916 1.6
    endloop
  endfacet
  facet normal -0.0654873 0.997853 0
    outer loop
      vertex -55.6 50.6 0.4
      vertex -55.9916 50.5743 1.6
      vertex -55.6 50.6 1.6
    endloop
  endfacet
  facet normal -0.0654873 0.997853 0
    outer loop
      vertex -55.9916 50.5743 1.6
      vertex -55.6 50.6 0.4
      vertex -55.9916 50.5743 0.4
    endloop
  endfacet
  facet normal -0.0654112 -0.997858 0
    outer loop
      vertex -55.9916 9.42568 0.4
      vertex -55.6 9.40001 1.6
      vertex -55.9916 9.42568 1.6
    endloop
  endfacet
  facet normal -0.0654112 -0.997858 -0
    outer loop
      vertex -55.6 9.40001 1.6
      vertex -55.9916 9.42568 0.4
      vertex -55.6 9.40001 0.4
    endloop
  endfacet
  facet normal -0.659478 0.751724 0
    outer loop
      vertex -57.4263 49.9801 0.4
      vertex -57.7213 49.7213 1.6
      vertex -57.4263 49.9801 1.6
    endloop
  endfacet
  facet normal -0.659478 0.751724 0
    outer loop
      vertex -57.7213 49.7213 1.6
      vertex -57.4263 49.9801 0.4
      vertex -57.7213 49.7213 0.4
    endloop
  endfacet
  facet normal 0 0 1
    outer loop
      vertex -21.3598 50.6 1.6
      vertex -25.7671 48.8797 1.6
      vertex -24.4235 47.5362 1.6
    endloop
  endfacet
  facet normal 0 0 1
    outer loop
      vertex -25.7671 48.8797 1.6
      vertex -28.0276 48.0149 1.6
      vertex -28.0147 47.8191 1.6
    endloop
  endfacet
  facet normal -0 0 1
    outer loop
      vertex -29.1265 49.268 1.6
      vertex -25.7671 48.8797 1.6
      vertex -21.3598 50.6 1.6
    endloop
  endfacet
  facet normal 0 0 1
    outer loop
      vertex -25.7671 48.8797 1.6
      vertex -28.0658 48.2073 1.6
      vertex -28.0276 48.0149 1.6
    endloop
  endfacet
  facet normal 0 0 1
    outer loop
      vertex -25.7671 48.8797 1.6
      vertex -28.1289 48.3931 1.6
      vertex -28.0658 48.2073 1.6
    endloop
  endfacet
  facet normal 0 0 1
    outer loop
      vertex -25.7671 48.8797 1.6
      vertex -28.2157 48.5691 1.6
      vertex -28.1289 48.3931 1.6
    endloop
  endfacet
  facet normal 0 0 1
    outer loop
      vertex -25.7671 48.8797 1.6
      vertex -28.3247 48.7322 1.6
      vertex -28.2157 48.5691 1.6
    endloop
  endfacet
  facet normal 0 0 1
    outer loop
      vertex -25.7671 48.8797 1.6
      vertex -28.4541 48.8797 1.6
      vertex -28.3247 48.7322 1.6
    endloop
  endfacet
  facet normal 0 0 1
    outer loop
      vertex -25.7671 48.8797 1.6
      vertex -28.6016 49.0091 1.6
      vertex -28.4541 48.8797 1.6
    endloop
  endfacet
  facet normal 0 0 1
    outer loop
      vertex -25.7671 48.8797 1.6
      vertex -28.7647 49.1181 1.6
      vertex -28.6016 49.0091 1.6
    endloop
  endfacet
  facet normal 0 0 1
    outer loop
      vertex -25.7671 48.8797 1.6
      vertex -28.9407 49.2049 1.6
      vertex -28.7647 49.1181 1.6
    endloop
  endfacet
  facet normal 0 0 1
    outer loop
      vertex -25.7671 48.8797 1.6
      vertex -29.1265 49.268 1.6
      vertex -28.9407 49.2049 1.6
    endloop
  endfacet
  facet normal 0 0 1
    outer loop
      vertex -21.3598 50.6 1.6
      vertex -29.3189 49.3063 1.6
      vertex -29.1265 49.268 1.6
    endloop
  endfacet
  facet normal 0 0 1
    outer loop
      vertex -21.3598 50.6 1.6
      vertex -29.5147 49.3191 1.6
      vertex -29.3189 49.3063 1.6
    endloop
  endfacet
  facet normal 0 0 1
    outer loop
      vertex -21.3598 50.6 1.6
      vertex -29.7105 49.3063 1.6
      vertex -29.5147 49.3191 1.6
    endloop
  endfacet
  facet normal 0 0 1
    outer loop
      vertex -31.0019 48.0149 1.6
      vertex -32.4846 44.2836 1.6
      vertex -31.0147 47.8191 1.6
    endloop
  endfacet
  facet normal 0 0 1
    outer loop
      vertex -46.556 43.5057 1.6
      vertex -31.0019 48.0149 1.6
      vertex -30.9636 48.2073 1.6
    endloop
  endfacet
  facet normal 0 0 1
    outer loop
      vertex -46.556 43.5057 1.6
      vertex -30.9636 48.2073 1.6
      vertex -30.9005 48.3931 1.6
    endloop
  endfacet
  facet normal 0 0 1
    outer loop
      vertex -31.0019 48.0149 1.6
      vertex -46.556 43.5057 1.6
      vertex -32.4846 44.2836 1.6
    endloop
  endfacet
  facet normal 0 0 1
    outer loop
      vertex -46.556 43.5057 1.6
      vertex -30.9005 48.3931 1.6
      vertex -30.8138 48.5691 1.6
    endloop
  endfacet
  facet normal 0 0 1
    outer loop
      vertex -50.6641 47.1508 1.6
      vertex -30.8138 48.5691 1.6
      vertex -30.7047 48.7322 1.6
    endloop
  endfacet
  facet normal 0 0 1
    outer loop
      vertex -32.4846 44.2836 1.6
      vertex -43.1619 40.1116 1.6
      vertex -42.3841 34.3841 1.6
    endloop
  endfacet
  facet normal 0 0 1
    outer loop
      vertex -50.9401 47.4655 1.6
      vertex -30.7047 48.7322 1.6
      vertex -30.5754 48.8797 1.6
    endloop
  endfacet
  facet normal 0 0 1
    outer loop
      vertex -51.2548 47.7415 1.6
      vertex -30.5754 48.8797 1.6
      vertex -30.4279 49.0091 1.6
    endloop
  endfacet
  facet normal 0 0 1
    outer loop
      vertex -32.4846 44.2836 1.6
      vertex -46.556 43.5057 1.6
      vertex -43.1619 40.1116 1.6
    endloop
  endfacet
  facet normal 0 0 1
    outer loop
      vertex -51.6028 47.9741 1.6
      vertex -30.4279 49.0091 1.6
      vertex -30.2647 49.1181 1.6
    endloop
  endfacet
  facet normal 0 0 1
    outer loop
      vertex -55.6 50.6 1.6
      vertex -30.2647 49.1181 1.6
      vertex -30.0887 49.2049 1.6
    endloop
  endfacet
  facet normal 0 0 1
    outer loop
      vertex -30.8138 48.5691 1.6
      vertex -50.6641 47.1508 1.6
      vertex -46.556 43.5057 1.6
    endloop
  endfacet
  facet normal 0 0 1
    outer loop
      vertex -55.6 50.6 1.6
      vertex -30.0887 49.2049 1.6
      vertex -29.9029 49.268 1.6
    endloop
  endfacet
  facet normal 0 0 1
    outer loop
      vertex -46.556 43.5057 1.6
      vertex -50.0302 45.6205 1.6
      vertex -50.0028 45.2028 1.6
    endloop
  endfacet
  facet normal 0 0 1
    outer loop
      vertex -55.6 50.6 1.6
      vertex -29.9029 49.268 1.6
      vertex -29.7105 49.3063 1.6
    endloop
  endfacet
  facet normal 0 0 1
    outer loop
      vertex -46.556 43.5057 1.6
      vertex -50.1118 46.031 1.6
      vertex -50.0302 45.6205 1.6
    endloop
  endfacet
  facet normal 0 0 1
    outer loop
      vertex -46.556 43.5057 1.6
      vertex -50.2464 46.4274 1.6
      vertex -50.1118 46.031 1.6
    endloop
  endfacet
  facet normal -0 0 1
    outer loop
      vertex -55.6 50.6 1.6
      vertex -29.7105 49.3063 1.6
      vertex -21.3598 50.6 1.6
    endloop
  endfacet
  facet normal 0 0 1
    outer loop
      vertex -46.556 43.5057 1.6
      vertex -50.4315 46.8028 1.6
      vertex -50.2464 46.4274 1.6
    endloop
  endfacet
  facet normal 0 0 1
    outer loop
      vertex -46.556 43.5057 1.6
      vertex -50.6641 47.1508 1.6
      vertex -50.4315 46.8028 1.6
    endloop
  endfacet
  facet normal 0 0 1
    outer loop
      vertex -30.7047 48.7322 1.6
      vertex -50.9401 47.4655 1.6
      vertex -50.6641 47.1508 1.6
    endloop
  endfacet
  facet normal 0 0 1
    outer loop
      vertex -30.5754 48.8797 1.6
      vertex -51.2548 47.7415 1.6
      vertex -50.9401 47.4655 1.6
    endloop
  endfacet
  facet normal 0 0 1
    outer loop
      vertex -30.4279 49.0091 1.6
      vertex -51.6028 47.9741 1.6
      vertex -51.2548 47.7415 1.6
    endloop
  endfacet
  facet normal 0 0 1
    outer loop
      vertex -30.2647 49.1181 1.6
      vertex -55.6 50.6 1.6
      vertex -51.6028 47.9741 1.6
    endloop
  endfacet
  facet normal 0 0 1
    outer loop
      vertex -51.6028 47.9741 1.6
      vertex -55.6 50.6 1.6
      vertex -51.9782 48.1592 1.6
    endloop
  endfacet
  facet normal 0 0 1
    outer loop
      vertex -51.9782 48.1592 1.6
      vertex -55.6 50.6 1.6
      vertex -52.3746 48.2938 1.6
    endloop
  endfacet
  facet normal 0 0 1
    outer loop
      vertex -52.3746 48.2938 1.6
      vertex -55.6 50.6 1.6
      vertex -54.8582 49.0628 1.6
    endloop
  endfacet
  facet normal 0 0 1
    outer loop
      vertex -54.8582 49.0628 1.6
      vertex -55.6 50.6 1.6
      vertex -55.0892 49.1087 1.6
    endloop
  endfacet
  facet normal 0 0 1
    outer loop
      vertex -55.0892 49.1087 1.6
      vertex -55.6 50.6 1.6
      vertex -55.3241 49.1241 1.6
    endloop
  endfacet
  facet normal 0 0 1
    outer loop
      vertex -55.6 50.6 1.6
      vertex -55.5591 49.1087 1.6
      vertex -55.3241 49.1241 1.6
    endloop
  endfacet
  facet normal -0 0 1
    outer loop
      vertex -55.9916 50.5743 1.6
      vertex -55.5591 49.1087 1.6
      vertex -55.6 50.6 1.6
    endloop
  endfacet
  facet normal 0 0 1
    outer loop
      vertex -55.5591 49.1087 1.6
      vertex -55.9916 50.5743 1.6
      vertex -55.79 49.0628 1.6
    endloop
  endfacet
  facet normal -0 0 1
    outer loop
      vertex -56.3764 50.4978 1.6
      vertex -55.79 49.0628 1.6
      vertex -55.9916 50.5743 1.6
    endloop
  endfacet
  facet normal 0 0 1
    outer loop
      vertex -55.79 49.0628 1.6
      vertex -56.3764 50.4978 1.6
      vertex -56.0129 48.9871 1.6
    endloop
  endfacet
  facet normal -0 0 1
    outer loop
      vertex -56.748 50.3716 1.6
      vertex -56.0129 48.9871 1.6
      vertex -56.3764 50.4978 1.6
    endloop
  endfacet
  facet normal 0 0 1
    outer loop
      vertex -56.0129 48.9871 1.6
      vertex -56.748 50.3716 1.6
      vertex -56.2241 48.883 1.6
    endloop
  endfacet
  facet normal -0 0 1
    outer loop
      vertex -57.1 50.1981 1.6
      vertex -56.2241 48.883 1.6
      vertex -56.748 50.3716 1.6
    endloop
  endfacet
  facet normal 0 0 1
    outer loop
      vertex -56.2241 48.883 1.6
      vertex -57.1 50.1981 1.6
      vertex -56.4199 48.7522 1.6
    endloop
  endfacet
  facet normal -0 0 1
    outer loop
      vertex -57.4263 49.9801 1.6
      vertex -56.4199 48.7522 1.6
      vertex -57.1 50.1981 1.6
    endloop
  endfacet
  facet normal 0 0 1
    outer loop
      vertex -56.4199 48.7522 1.6
      vertex -57.4263 49.9801 1.6
      vertex -56.5969 48.5969 1.6
    endloop
  endfacet
  facet normal -0 0 1
    outer loop
      vertex -57.7213 49.7213 1.6
      vertex -56.5969 48.5969 1.6
      vertex -57.4263 49.9801 1.6
    endloop
  endfacet
  facet normal -0 0 1
    outer loop
      vertex -57.9801 49.4263 1.6
      vertex -56.5969 48.5969 1.6
      vertex -57.7213 49.7213 1.6
    endloop
  endfacet
  facet normal 0 0 1
    outer loop
      vertex -56.5969 48.5969 1.6
      vertex -57.9801 49.4263 1.6
      vertex -56.7522 48.4199 1.6
    endloop
  endfacet
  facet normal -0 0 1
    outer loop
      vertex -58.1981 49.1 1.6
      vertex -56.7522 48.4199 1.6
      vertex -57.9801 49.4263 1.6
    endloop
  endfacet
  facet normal 0 0 1
    outer loop
      vertex -56.7522 48.4199 1.6
      vertex -58.1981 49.1 1.6
      vertex -56.883 48.2241 1.6
    endloop
  endfacet
  facet normal 0 0 1
    outer loop
      vertex -56.2938 15.6254 1.6
      vertex -58.6 12.4 1.6
      vertex -57.0628 13.1418 1.6
    endloop
  endfacet
  facet normal -0 0 1
    outer loop
      vertex -58.3716 48.748 1.6
      vertex -56.883 48.2241 1.6
      vertex -58.1981 49.1 1.6
    endloop
  endfacet
  facet normal 0 0 1
    outer loop
      vertex -28.0276 47.6233 1.6
      vertex -25.7671 48.8797 1.6
      vertex -28.0147 47.8191 1.6
    endloop
  endfacet
  facet normal 0 0 1
    outer loop
      vertex -28.0658 47.4309 1.6
      vertex -25.7671 48.8797 1.6
      vertex -28.0276 47.6233 1.6
    endloop
  endfacet
  facet normal 0 0 1
    outer loop
      vertex -28.1289 47.2451 1.6
      vertex -25.7671 48.8797 1.6
      vertex -28.0658 47.4309 1.6
    endloop
  endfacet
  facet normal 0 0 1
    outer loop
      vertex -28.2157 47.0691 1.6
      vertex -25.7671 48.8797 1.6
      vertex -28.1289 47.2451 1.6
    endloop
  endfacet
  facet normal 0 0 1
    outer loop
      vertex -28.3247 46.9059 1.6
      vertex -25.7671 48.8797 1.6
      vertex -28.2157 47.0691 1.6
    endloop
  endfacet
  facet normal 0 0 1
    outer loop
      vertex -28.4541 46.7584 1.6
      vertex -25.7671 48.8797 1.6
      vertex -28.3247 46.9059 1.6
    endloop
  endfacet
  facet normal 0 0 1
    outer loop
      vertex -30.434 44.2128 1.6
      vertex -28.4541 46.7584 1.6
      vertex -28.6016 46.6291 1.6
    endloop
  endfacet
  facet normal -0 0 1
    outer loop
      vertex -28.4541 46.7584 1.6
      vertex -30.434 44.2128 1.6
      vertex -25.7671 48.8797 1.6
    endloop
  endfacet
  facet normal -0 0 1
    outer loop
      vertex -28.7647 46.5201 1.6
      vertex -30.434 44.2128 1.6
      vertex -28.6016 46.6291 1.6
    endloop
  endfacet
  facet normal -0 0 1
    outer loop
      vertex -28.9407 46.4333 1.6
      vertex -30.434 44.2128 1.6
      vertex -28.7647 46.5201 1.6
    endloop
  endfacet
  facet normal -0 0 1
    outer loop
      vertex -29.1265 46.3702 1.6
      vertex -30.434 44.2128 1.6
      vertex -28.9407 46.4333 1.6
    endloop
  endfacet
  facet normal -0 0 1
    outer loop
      vertex -29.3189 46.3319 1.6
      vertex -30.434 44.2128 1.6
      vertex -29.1265 46.3702 1.6
    endloop
  endfacet
  facet normal -0 0 1
    outer loop
      vertex -29.5147 46.3191 1.6
      vertex -30.434 44.2128 1.6
      vertex -29.3189 46.3319 1.6
    endloop
  endfacet
  facet normal 0 0 1
    outer loop
      vertex -29.7105 46.3319 1.6
      vertex -30.434 44.2128 1.6
      vertex -29.5147 46.3191 1.6
    endloop
  endfacet
  facet normal 0 0 1
    outer loop
      vertex -29.9029 46.3702 1.6
      vertex -30.434 44.2128 1.6
      vertex -29.7105 46.3319 1.6
    endloop
  endfacet
  facet normal 0 0 1
    outer loop
      vertex -30.0887 46.4333 1.6
      vertex -30.434 44.2128 1.6
      vertex -29.9029 46.3702 1.6
    endloop
  endfacet
  facet normal 0 0 1
    outer loop
      vertex -30.2647 46.5201 1.6
      vertex -30.434 44.2128 1.6
      vertex -30.0887 46.4333 1.6
    endloop
  endfacet
  facet normal 0 0 1
    outer loop
      vertex -30.4279 46.6291 1.6
      vertex -30.434 44.2128 1.6
      vertex -30.2647 46.5201 1.6
    endloop
  endfacet
  facet normal 0 0 1
    outer loop
      vertex -32.4846 44.2836 1.6
      vertex -30.4279 46.6291 1.6
      vertex -30.5754 46.7584 1.6
    endloop
  endfacet
  facet normal 0 0 1
    outer loop
      vertex -30.434 44.2128 1.6
      vertex -30.0804 41.8794 1.6
      vertex -29.0905 42.8693 1.6
    endloop
  endfacet
  facet normal 0 0 1
    outer loop
      vertex -32.4846 44.2836 1.6
      vertex -30.5754 46.7584 1.6
      vertex -30.7047 46.9059 1.6
    endloop
  endfacet
  facet normal 0 0 1
    outer loop
      vertex -32.4846 44.2836 1.6
      vertex -30.7047 46.9059 1.6
      vertex -30.8138 47.0691 1.6
    endloop
  endfacet
  facet normal 0 0 1
    outer loop
      vertex -32.4846 44.2836 1.6
      vertex -30.8138 47.0691 1.6
      vertex -30.9005 47.2451 1.6
    endloop
  endfacet
  facet normal 0 0 1
    outer loop
      vertex -30.4279 46.6291 1.6
      vertex -32.4846 44.2836 1.6
      vertex -30.434 44.2128 1.6
    endloop
  endfacet
  facet normal 0 0 1
    outer loop
      vertex -32.4846 44.2836 1.6
      vertex -30.9005 47.2451 1.6
      vertex -30.9636 47.4309 1.6
    endloop
  endfacet
  facet normal 0 0 1
    outer loop
      vertex -32.4846 44.2836 1.6
      vertex -30.9636 47.4309 1.6
      vertex -31.0019 47.6233 1.6
    endloop
  endfacet
  facet normal 0 0 1
    outer loop
      vertex -30.434 44.2128 1.6
      vertex -32.4846 44.2836 1.6
      vertex -30.0804 41.8794 1.6
    endloop
  endfacet
  facet normal 0 0 1
    outer loop
      vertex -32.4846 44.2836 1.6
      vertex -31.0019 47.6233 1.6
      vertex -31.0147 47.8191 1.6
    endloop
  endfacet
  facet normal 0 0 1
    outer loop
      vertex -42.3841 34.3841 1.6
      vertex -45.7782 30 1.6
      vertex -41.8891 33.8891 1.6
    endloop
  endfacet
  facet normal -0 0 1
    outer loop
      vertex -48.1116 35.1619 1.6
      vertex -42.3841 34.3841 1.6
      vertex -43.1619 40.1116 1.6
    endloop
  endfacet
  facet normal 0 0 1
    outer loop
      vertex -42.3841 34.3841 1.6
      vertex -48.1116 35.1619 1.6
      vertex -45.7782 30 1.6
    endloop
  endfacet
  facet normal 0 0 1
    outer loop
      vertex -43.1088 27.3307 1.6
      vertex -45.7782 30 1.6
      vertex -43.816 26.6236 1.6
    endloop
  endfacet
  facet normal 0 0 1
    outer loop
      vertex -38 22.2218 1.6
      vertex -50.0302 15.2149 1.6
      vertex -50.0028 14.7972 1.6
    endloop
  endfacet
  facet normal 0 0 1
    outer loop
      vertex -45.7782 30 1.6
      vertex -50.1118 15.6254 1.6
      vertex -50.0302 15.2149 1.6
    endloop
  endfacet
  facet normal 0 0 1
    outer loop
      vertex -45.7782 30 1.6
      vertex -50.2464 16.0218 1.6
      vertex -50.1118 15.6254 1.6
    endloop
  endfacet
  facet normal 0 0 1
    outer loop
      vertex -45.7782 30 1.6
      vertex -50.4315 16.3972 1.6
      vertex -50.2464 16.0218 1.6
    endloop
  endfacet
  facet normal 0 0 1
    outer loop
      vertex -45.7782 30 1.6
      vertex -50.6641 16.7452 1.6
      vertex -50.4315 16.3972 1.6
    endloop
  endfacet
  facet normal 0 0 1
    outer loop
      vertex -45.7782 30 1.6
      vertex -50.9401 17.0599 1.6
      vertex -50.6641 16.7452 1.6
    endloop
  endfacet
  facet normal 0 0 1
    outer loop
      vertex -45.7782 30 1.6
      vertex -51.2548 17.3359 1.6
      vertex -50.9401 17.0599 1.6
    endloop
  endfacet
  facet normal 0 0 1
    outer loop
      vertex -54.031 17.8882 1.6
      vertex -48.1116 35.1619 1.6
      vertex -51.5057 38.556 1.6
    endloop
  endfacet
  facet normal -0 0 1
    outer loop
      vertex -51.9782 42.2464 1.6
      vertex -51.5057 38.556 1.6
      vertex -51.6028 42.4315 1.6
    endloop
  endfacet
  facet normal 0 0 1
    outer loop
      vertex -45.7782 30 1.6
      vertex -51.6028 17.5685 1.6
      vertex -51.2548 17.3359 1.6
    endloop
  endfacet
  facet normal -0 0 1
    outer loop
      vertex -52.3746 42.1118 1.6
      vertex -51.5057 38.556 1.6
      vertex -51.9782 42.2464 1.6
    endloop
  endfacet
  facet normal 0 0 1
    outer loop
      vertex -45.7782 30 1.6
      vertex -51.9782 17.7536 1.6
      vertex -51.6028 17.5685 1.6
    endloop
  endfacet
  facet normal -0 0 1
    outer loop
      vertex -52.7851 42.0302 1.6
      vertex -51.5057 38.556 1.6
      vertex -52.3746 42.1118 1.6
    endloop
  endfacet
  facet normal 0 0 1
    outer loop
      vertex -45.7782 30 1.6
      vertex -52.3746 17.8882 1.6
      vertex -51.9782 17.7536 1.6
    endloop
  endfacet
  facet normal -0 0 1
    outer loop
      vertex -53.2028 42.0028 1.6
      vertex -51.5057 38.556 1.6
      vertex -52.7851 42.0302 1.6
    endloop
  endfacet
  facet normal 0 0 1
    outer loop
      vertex -45.7782 30 1.6
      vertex -52.7851 17.9698 1.6
      vertex -52.3746 17.8882 1.6
    endloop
  endfacet
  facet normal 0 0 1
    outer loop
      vertex -53.6205 42.0302 1.6
      vertex -51.5057 38.556 1.6
      vertex -53.2028 42.0028 1.6
    endloop
  endfacet
  facet normal 0 0 1
    outer loop
      vertex -45.7782 30 1.6
      vertex -53.2028 17.9972 1.6
      vertex -52.7851 17.9698 1.6
    endloop
  endfacet
  facet normal 0 0 1
    outer loop
      vertex -54.031 42.1118 1.6
      vertex -51.5057 38.556 1.6
      vertex -53.6205 42.0302 1.6
    endloop
  endfacet
  facet normal 0 0 1
    outer loop
      vertex -45.7782 30 1.6
      vertex -53.6205 17.9698 1.6
      vertex -53.2028 17.9972 1.6
    endloop
  endfacet
  facet normal 0 0 1
    outer loop
      vertex -54.4274 42.2464 1.6
      vertex -51.5057 38.556 1.6
      vertex -54.031 42.1118 1.6
    endloop
  endfacet
  facet normal 0 0 1
    outer loop
      vertex -45.7782 30 1.6
      vertex -54.031 17.8882 1.6
      vertex -53.6205 17.9698 1.6
    endloop
  endfacet
  facet normal 0 0 1
    outer loop
      vertex -54.8028 42.4315 1.6
      vertex -51.5057 38.556 1.6
      vertex -54.4274 42.2464 1.6
    endloop
  endfacet
  facet normal 0 0 1
    outer loop
      vertex -51.5057 38.556 1.6
      vertex -54.4274 17.7536 1.6
      vertex -54.031 17.8882 1.6
    endloop
  endfacet
  facet normal 0 0 1
    outer loop
      vertex -55.1508 42.6641 1.6
      vertex -51.5057 38.556 1.6
      vertex -54.8028 42.4315 1.6
    endloop
  endfacet
  facet normal 0 0 1
    outer loop
      vertex -51.5057 38.556 1.6
      vertex -54.8028 17.5685 1.6
      vertex -54.4274 17.7536 1.6
    endloop
  endfacet
  facet normal 0 0 1
    outer loop
      vertex -55.1508 17.3359 1.6
      vertex -51.5057 38.556 1.6
      vertex -55.1508 42.6641 1.6
    endloop
  endfacet
  facet normal 0 0 1
    outer loop
      vertex -51.5057 38.556 1.6
      vertex -55.1508 17.3359 1.6
      vertex -54.8028 17.5685 1.6
    endloop
  endfacet
  facet normal 0 0 1
    outer loop
      vertex -55.4655 42.9401 1.6
      vertex -55.1508 17.3359 1.6
      vertex -55.1508 42.6641 1.6
    endloop
  endfacet
  facet normal 0 0 1
    outer loop
      vertex -55.4655 42.9401 1.6
      vertex -55.4655 17.0599 1.6
      vertex -55.1508 17.3359 1.6
    endloop
  endfacet
  facet normal 0 0 1
    outer loop
      vertex -55.7415 43.2548 1.6
      vertex -55.4655 17.0599 1.6
      vertex -55.4655 42.9401 1.6
    endloop
  endfacet
  facet normal 0 0 1
    outer loop
      vertex -55.7415 43.2548 1.6
      vertex -55.7415 16.7452 1.6
      vertex -55.4655 17.0599 1.6
    endloop
  endfacet
  facet normal 0 0 1
    outer loop
      vertex -55.9741 43.6028 1.6
      vertex -55.7415 16.7452 1.6
      vertex -55.7415 43.2548 1.6
    endloop
  endfacet
  facet normal 0 0 1
    outer loop
      vertex -55.9741 43.6028 1.6
      vertex -55.9741 16.3972 1.6
      vertex -55.7415 16.7452 1.6
    endloop
  endfacet
  facet normal 0 0 1
    outer loop
      vertex -58.6 47.6 1.6
      vertex -55.9741 43.6028 1.6
      vertex -56.1592 43.9782 1.6
    endloop
  endfacet
  facet normal 0 0 1
    outer loop
      vertex -55.9741 43.6028 1.6
      vertex -58.6 47.6 1.6
      vertex -55.9741 16.3972 1.6
    endloop
  endfacet
  facet normal 0 0 1
    outer loop
      vertex -58.6 47.6 1.6
      vertex -56.1592 43.9782 1.6
      vertex -56.2938 44.3746 1.6
    endloop
  endfacet
  facet normal 0 0 1
    outer loop
      vertex -58.6 12.4 1.6
      vertex -55.9741 16.3972 1.6
      vertex -58.6 47.6 1.6
    endloop
  endfacet
  facet normal 0 0 1
    outer loop
      vertex -58.6 47.6 1.6
      vertex -56.2938 44.3746 1.6
      vertex -57.0628 46.8582 1.6
    endloop
  endfacet
  facet normal 0 0 1
    outer loop
      vertex -55.9741 16.3972 1.6
      vertex -58.6 12.4 1.6
      vertex -56.1592 16.0218 1.6
    endloop
  endfacet
  facet normal 0 0 1
    outer loop
      vertex -58.6 47.6 1.6
      vertex -57.0628 46.8582 1.6
      vertex -57.1087 47.0892 1.6
    endloop
  endfacet
  facet normal 0 0 1
    outer loop
      vertex -56.1592 16.0218 1.6
      vertex -58.6 12.4 1.6
      vertex -56.2938 15.6254 1.6
    endloop
  endfacet
  facet normal 0 0 1
    outer loop
      vertex -57.1087 47.5591 1.6
      vertex -58.6 47.6 1.6
      vertex -57.1241 47.3241 1.6
    endloop
  endfacet
  facet normal 0 0 1
    outer loop
      vertex -57.1241 47.3241 1.6
      vertex -58.6 47.6 1.6
      vertex -57.1087 47.0892 1.6
    endloop
  endfacet
  facet normal -0 0 1
    outer loop
      vertex -50.0302 44.7851 1.6
      vertex -46.556 43.5057 1.6
      vertex -50.0028 45.2028 1.6
    endloop
  endfacet
  facet normal -0 0 1
    outer loop
      vertex -50.1118 44.3746 1.6
      vertex -46.556 43.5057 1.6
      vertex -50.0302 44.7851 1.6
    endloop
  endfacet
  facet normal -0 0 1
    outer loop
      vertex -50.2464 43.9782 1.6
      vertex -46.556 43.5057 1.6
      vertex -50.1118 44.3746 1.6
    endloop
  endfacet
  facet normal -0 0 1
    outer loop
      vertex -50.4315 43.6028 1.6
      vertex -46.556 43.5057 1.6
      vertex -50.2464 43.9782 1.6
    endloop
  endfacet
  facet normal 0 0 1
    outer loop
      vertex -50.6641 43.2548 1.6
      vertex -46.556 43.5057 1.6
      vertex -50.4315 43.6028 1.6
    endloop
  endfacet
  facet normal 0 0 1
    outer loop
      vertex -50.9401 42.9401 1.6
      vertex -46.556 43.5057 1.6
      vertex -50.6641 43.2548 1.6
    endloop
  endfacet
  facet normal 0 0 1
    outer loop
      vertex -51.5057 38.556 1.6
      vertex -50.9401 42.9401 1.6
      vertex -51.2548 42.6641 1.6
    endloop
  endfacet
  facet normal -0 0 1
    outer loop
      vertex -50.9401 42.9401 1.6
      vertex -51.5057 38.556 1.6
      vertex -46.556 43.5057 1.6
    endloop
  endfacet
  facet normal 0 -0 1
    outer loop
      vertex -51.5057 38.556 1.6
      vertex -51.2548 42.6641 1.6
      vertex -51.6028 42.4315 1.6
    endloop
  endfacet
  facet normal -0 0 1
    outer loop
      vertex -20.0259 16.3972 1.6
      vertex -17.4 12.4 1.6
      vertex -18.8819 37.7353 1.6
    endloop
  endfacet
  facet normal 0 0 1
    outer loop
      vertex -17.4 12.4 1.6
      vertex -18.8913 12.9108 1.6
      vertex -18.8759 12.6759 1.6
    endloop
  endfacet
  facet normal 0 0 1
    outer loop
      vertex -17.4 12.4 1.6
      vertex -18.9372 13.1418 1.6
      vertex -18.8913 12.9108 1.6
    endloop
  endfacet
  facet normal 0 0 1
    outer loop
      vertex -20.0259 16.3972 1.6
      vertex -18.8819 37.7353 1.6
      vertex -18.9909 37.5721 1.6
    endloop
  endfacet
  facet normal 0 0 1
    outer loop
      vertex -20.2585 16.7452 1.6
      vertex -18.9909 37.5721 1.6
      vertex -19.1202 37.4246 1.6
    endloop
  endfacet
  facet normal 0 0 1
    outer loop
      vertex -20.5345 17.0599 1.6
      vertex -19.1202 37.4246 1.6
      vertex -19.2678 37.2953 1.6
    endloop
  endfacet
  facet normal 0 0 1
    outer loop
      vertex -20.5345 17.0599 1.6
      vertex -19.2678 37.2953 1.6
      vertex -19.4309 37.1862 1.6
    endloop
  endfacet
  facet normal 0 0 1
    outer loop
      vertex -24.4943 21.444 1.6
      vertex -19.4309 37.1862 1.6
      vertex -19.6069 37.0995 1.6
    endloop
  endfacet
  facet normal 0 0 1
    outer loop
      vertex -17.4 12.4 1.6
      vertex -19.7062 15.6254 1.6
      vertex -18.9372 13.1418 1.6
    endloop
  endfacet
  facet normal 0 0 1
    outer loop
      vertex -24.4943 21.444 1.6
      vertex -19.6069 37.0995 1.6
      vertex -19.7927 37.0364 1.6
    endloop
  endfacet
  facet normal 0 0 1
    outer loop
      vertex -17.4 12.4 1.6
      vertex -19.8408 16.0218 1.6
      vertex -19.7062 15.6254 1.6
    endloop
  endfacet
  facet normal 0 0 1
    outer loop
      vertex -24.4943 21.444 1.6
      vertex -19.7927 37.0364 1.6
      vertex -19.9851 36.9981 1.6
    endloop
  endfacet
  facet normal 0 0 1
    outer loop
      vertex -17.4 12.4 1.6
      vertex -20.0259 16.3972 1.6
      vertex -19.8408 16.0218 1.6
    endloop
  endfacet
  facet normal 0 0 1
    outer loop
      vertex -23.7164 35.5154 1.6
      vertex -19.9851 36.9981 1.6
      vertex -20.1809 36.9853 1.6
    endloop
  endfacet
  facet normal 0 0 1
    outer loop
      vertex -18.9909 37.5721 1.6
      vertex -20.2585 16.7452 1.6
      vertex -20.0259 16.3972 1.6
    endloop
  endfacet
  facet normal 0 0 1
    outer loop
      vertex -23.7164 35.5154 1.6
      vertex -20.1809 36.9853 1.6
      vertex -20.3767 36.9981 1.6
    endloop
  endfacet
  facet normal 0 0 1
    outer loop
      vertex -19.1202 37.4246 1.6
      vertex -20.5345 17.0599 1.6
      vertex -20.2585 16.7452 1.6
    endloop
  endfacet
  facet normal 0 0 1
    outer loop
      vertex -23.7164 35.5154 1.6
      vertex -20.3767 36.9981 1.6
      vertex -20.5691 37.0364 1.6
    endloop
  endfacet
  facet normal 0 0 1
    outer loop
      vertex -23.7164 35.5154 1.6
      vertex -20.5691 37.0364 1.6
      vertex -20.7549 37.0995 1.6
    endloop
  endfacet
  facet normal 0 0 1
    outer loop
      vertex -19.4309 37.1862 1.6
      vertex -20.8492 17.3359 1.6
      vertex -20.5345 17.0599 1.6
    endloop
  endfacet
  facet normal 0 0 1
    outer loop
      vertex -23.7164 35.5154 1.6
      vertex -20.7549 37.0995 1.6
      vertex -20.9309 37.1862 1.6
    endloop
  endfacet
  facet normal 0 0 1
    outer loop
      vertex -23.7164 35.5154 1.6
      vertex -20.9309 37.1862 1.6
      vertex -21.0941 37.2953 1.6
    endloop
  endfacet
  facet normal 0 0 1
    outer loop
      vertex -19.4309 37.1862 1.6
      vertex -24.4943 21.444 1.6
      vertex -20.8492 17.3359 1.6
    endloop
  endfacet
  facet normal 0 0 1
    outer loop
      vertex -23.7164 35.5154 1.6
      vertex -21.0941 37.2953 1.6
      vertex -21.2416 37.4246 1.6
    endloop
  endfacet
  facet normal 0 0 1
    outer loop
      vertex -23.7164 35.5154 1.6
      vertex -21.2416 37.4246 1.6
      vertex -21.3709 37.5721 1.6
    endloop
  endfacet
  facet normal 0 0 1
    outer loop
      vertex -23.7872 37.566 1.6
      vertex -21.3709 37.5721 1.6
      vertex -21.4799 37.7353 1.6
    endloop
  endfacet
  facet normal 0 0 1
    outer loop
      vertex -23.7872 37.566 1.6
      vertex -21.4799 37.7353 1.6
      vertex -21.5667 37.9113 1.6
    endloop
  endfacet
  facet normal 0 0 1
    outer loop
      vertex -19.9851 36.9981 1.6
      vertex -23.7164 35.5154 1.6
      vertex -24.4943 21.444 1.6
    endloop
  endfacet
  facet normal 0 0 1
    outer loop
      vertex -23.7872 37.566 1.6
      vertex -21.5667 37.9113 1.6
      vertex -21.6298 38.0971 1.6
    endloop
  endfacet
  facet normal 0 0 1
    outer loop
      vertex -23.7872 37.566 1.6
      vertex -21.6298 38.0971 1.6
      vertex -21.6681 38.2895 1.6
    endloop
  endfacet
  facet normal 0 0 1
    outer loop
      vertex -23.7872 37.566 1.6
      vertex -21.6681 38.2895 1.6
      vertex -21.6809 38.4853 1.6
    endloop
  endfacet
  facet normal 0 0 1
    outer loop
      vertex -20.8492 17.3359 1.6
      vertex -24.4943 21.444 1.6
      vertex -21.1972 17.5685 1.6
    endloop
  endfacet
  facet normal -0 0 1
    outer loop
      vertex -18.6937 38.2895 1.6
      vertex -17.4 12.4 1.6
      vertex -17.4 46.6402 1.6
    endloop
  endfacet
  facet normal -0 0 1
    outer loop
      vertex -18.732 38.0971 1.6
      vertex -17.4 12.4 1.6
      vertex -18.6937 38.2895 1.6
    endloop
  endfacet
  facet normal -0 0 1
    outer loop
      vertex -18.7951 37.9113 1.6
      vertex -17.4 12.4 1.6
      vertex -18.732 38.0971 1.6
    endloop
  endfacet
  facet normal -0 0 1
    outer loop
      vertex -18.8819 37.7353 1.6
      vertex -17.4 12.4 1.6
      vertex -18.7951 37.9113 1.6
    endloop
  endfacet
  facet normal -0 0 1
    outer loop
      vertex -18.8913 12.4409 1.6
      vertex -17.4 12.4 1.6
      vertex -18.8759 12.6759 1.6
    endloop
  endfacet
  facet normal 0 0 1
    outer loop
      vertex -17.4 12.4 1.6
      vertex -18.8913 12.4409 1.6
      vertex -17.4257 12.0084 1.6
    endloop
  endfacet
  facet normal -0 0 1
    outer loop
      vertex -18.9372 12.21 1.6
      vertex -17.4257 12.0084 1.6
      vertex -18.8913 12.4409 1.6
    endloop
  endfacet
  facet normal 0 0 1
    outer loop
      vertex -18.6937 38.2895 1.6
      vertex -17.4 46.6402 1.6
      vertex -18.6809 38.4853 1.6
    endloop
  endfacet
  facet normal 0 0 1
    outer loop
      vertex -17.4 46.6402 1.6
      vertex -18.6937 38.6811 1.6
      vertex -18.6809 38.4853 1.6
    endloop
  endfacet
  facet normal 0 0 1
    outer loop
      vertex -17.4 46.6402 1.6
      vertex -18.732 38.8735 1.6
      vertex -18.6937 38.6811 1.6
    endloop
  endfacet
  facet normal -0 0 1
    outer loop
      vertex -19.1202 42.2329 1.6
      vertex -18.732 38.8735 1.6
      vertex -17.4 46.6402 1.6
    endloop
  endfacet
  facet normal 0 0 1
    outer loop
      vertex -18.732 38.8735 1.6
      vertex -19.1202 42.2329 1.6
      vertex -18.7951 39.0593 1.6
    endloop
  endfacet
  facet normal 0 0 1
    outer loop
      vertex -18.7951 39.0593 1.6
      vertex -19.1202 42.2329 1.6
      vertex -18.8819 39.2353 1.6
    endloop
  endfacet
  facet normal 0 0 1
    outer loop
      vertex -18.8819 39.2353 1.6
      vertex -19.1202 42.2329 1.6
      vertex -18.9909 39.3984 1.6
    endloop
  endfacet
  facet normal 0 -0 1
    outer loop
      vertex -19.1202 42.2329 1.6
      vertex -17.4 46.6402 1.6
      vertex -20.4638 43.5765 1.6
    endloop
  endfacet
  facet normal 0 0 1
    outer loop
      vertex -17.4257 12.0084 1.6
      vertex -18.9372 12.21 1.6
      vertex -17.5022 11.6236 1.6
    endloop
  endfacet
  facet normal 0 0 1
    outer loop
      vertex -17.5022 11.6236 1.6
      vertex -19.0129 11.9871 1.6
      vertex -17.6284 11.252 1.6
    endloop
  endfacet
  facet normal -0 0 1
    outer loop
      vertex -19.0129 11.9871 1.6
      vertex -17.5022 11.6236 1.6
      vertex -18.9372 12.21 1.6
    endloop
  endfacet
  facet normal -0 0 1
    outer loop
      vertex -19.117 11.7759 1.6
      vertex -17.6284 11.252 1.6
      vertex -19.0129 11.9871 1.6
    endloop
  endfacet
  facet normal 0 0 1
    outer loop
      vertex -17.6284 11.252 1.6
      vertex -19.117 11.7759 1.6
      vertex -17.8019 10.9 1.6
    endloop
  endfacet
  facet normal -0 0 1
    outer loop
      vertex -19.2478 11.5801 1.6
      vertex -17.8019 10.9 1.6
      vertex -19.117 11.7759 1.6
    endloop
  endfacet
  facet normal 0 0 1
    outer loop
      vertex -17.8019 10.9 1.6
      vertex -19.2478 11.5801 1.6
      vertex -18.0199 10.5737 1.6
    endloop
  endfacet
  facet normal -0 0 1
    outer loop
      vertex -19.4031 11.4031 1.6
      vertex -18.0199 10.5737 1.6
      vertex -19.2478 11.5801 1.6
    endloop
  endfacet
  facet normal 0 0 1
    outer loop
      vertex -18.0199 10.5737 1.6
      vertex -19.4031 11.4031 1.6
      vertex -18.2787 10.2787 1.6
    endloop
  endfacet
  facet normal 0 0 1
    outer loop
      vertex -18.2787 10.2787 1.6
      vertex -19.4031 11.4031 1.6
      vertex -18.5737 10.0199 1.6
    endloop
  endfacet
  facet normal -0 0 1
    outer loop
      vertex -19.5801 11.2478 1.6
      vertex -18.5737 10.0199 1.6
      vertex -19.4031 11.4031 1.6
    endloop
  endfacet
  facet normal 0 0 1
    outer loop
      vertex -18.5737 10.0199 1.6
      vertex -19.5801 11.2478 1.6
      vertex -18.9 9.80193 1.6
    endloop
  endfacet
  facet normal -0 0 1
    outer loop
      vertex -19.7759 11.117 1.6
      vertex -18.9 9.80193 1.6
      vertex -19.5801 11.2478 1.6
    endloop
  endfacet
  facet normal 0 0 1
    outer loop
      vertex -18.9 9.80193 1.6
      vertex -19.7759 11.117 1.6
      vertex -19.252 9.62837 1.6
    endloop
  endfacet
  facet normal -0 0 1
    outer loop
      vertex -19.9871 11.0129 1.6
      vertex -19.252 9.62837 1.6
      vertex -19.7759 11.117 1.6
    endloop
  endfacet
  facet normal 0 0 1
    outer loop
      vertex -19.252 9.62837 1.6
      vertex -19.9871 11.0129 1.6
      vertex -19.6236 9.50223 1.6
    endloop
  endfacet
  facet normal -0 0 1
    outer loop
      vertex -20.21 10.9372 1.6
      vertex -19.6236 9.50223 1.6
      vertex -19.9871 11.0129 1.6
    endloop
  endfacet
  facet normal 0 0 1
    outer loop
      vertex -19.6236 9.50223 1.6
      vertex -20.21 10.9372 1.6
      vertex -20.0084 9.42568 1.6
    endloop
  endfacet
  facet normal -0 0 1
    outer loop
      vertex -20.4409 10.8913 1.6
      vertex -20.0084 9.42568 1.6
      vertex -20.21 10.9372 1.6
    endloop
  endfacet
  facet normal 0 0 1
    outer loop
      vertex -20.0084 9.42568 1.6
      vertex -20.4409 10.8913 1.6
      vertex -20.4 9.40001 1.6
    endloop
  endfacet
  facet normal -0 0 1
    outer loop
      vertex -20.6759 10.8759 1.6
      vertex -20.4 9.40001 1.6
      vertex -20.4409 10.8913 1.6
    endloop
  endfacet
  facet normal 0 0 1
    outer loop
      vertex -20.9108 10.8913 1.6
      vertex -20.4 9.40001 1.6
      vertex -20.6759 10.8759 1.6
    endloop
  endfacet
  facet normal 0 0 1
    outer loop
      vertex -21.1418 10.9372 1.6
      vertex -20.4 9.40001 1.6
      vertex -20.9108 10.8913 1.6
    endloop
  endfacet
  facet normal 0 0 1
    outer loop
      vertex -23.6254 11.7062 1.6
      vertex -20.4 9.40001 1.6
      vertex -21.1418 10.9372 1.6
    endloop
  endfacet
  facet normal 0 0 1
    outer loop
      vertex -24.0218 11.8408 1.6
      vertex -20.4 9.40001 1.6
      vertex -23.6254 11.7062 1.6
    endloop
  endfacet
  facet normal 0 0 1
    outer loop
      vertex -24.3972 12.0259 1.6
      vertex -20.4 9.40001 1.6
      vertex -24.0218 11.8408 1.6
    endloop
  endfacet
  facet normal 0 0 1
    outer loop
      vertex -29.444 16.4943 1.6
      vertex -25.9698 14.3795 1.6
      vertex -25.9972 14.7972 1.6
    endloop
  endfacet
  facet normal 0 0 1
    outer loop
      vertex -29.444 16.4943 1.6
      vertex -25.8882 13.969 1.6
      vertex -25.9698 14.3795 1.6
    endloop
  endfacet
  facet normal 0 0 1
    outer loop
      vertex -29.444 16.4943 1.6
      vertex -25.7536 13.5726 1.6
      vertex -25.8882 13.969 1.6
    endloop
  endfacet
  facet normal 0 0 1
    outer loop
      vertex -29.444 16.4943 1.6
      vertex -25.5685 13.1972 1.6
      vertex -25.7536 13.5726 1.6
    endloop
  endfacet
  facet normal 0 0 1
    outer loop
      vertex -29.444 16.4943 1.6
      vertex -25.3359 12.8492 1.6
      vertex -25.5685 13.1972 1.6
    endloop
  endfacet
  facet normal 0 0 1
    outer loop
      vertex -50.6641 12.8492 1.6
      vertex -25.3359 12.8492 1.6
      vertex -29.444 16.4943 1.6
    endloop
  endfacet
  facet normal 0 0 1
    outer loop
      vertex -38 22.2218 1.6
      vertex -33.6159 25.6159 1.6
      vertex -34.1109 26.1109 1.6
    endloop
  endfacet
  facet normal 0 0 1
    outer loop
      vertex -33.6159 25.6159 1.6
      vertex -38 22.2218 1.6
      vertex -32.8381 19.8884 1.6
    endloop
  endfacet
  facet normal 0 0 1
    outer loop
      vertex -50.1118 13.969 1.6
      vertex -32.8381 19.8884 1.6
      vertex -38 22.2218 1.6
    endloop
  endfacet
  facet normal 0 0 1
    outer loop
      vertex -32.8381 19.8884 1.6
      vertex -50.1118 13.969 1.6
      vertex -29.444 16.4943 1.6
    endloop
  endfacet
  facet normal 0 0 1
    outer loop
      vertex -50.4315 13.1972 1.6
      vertex -29.444 16.4943 1.6
      vertex -50.2464 13.5726 1.6
    endloop
  endfacet
  facet normal -0 0 1
    outer loop
      vertex -41.3764 24.184 1.6
      vertex -38 22.2218 1.6
      vertex -40.6693 24.8912 1.6
    endloop
  endfacet
  facet normal 0 0 1
    outer loop
      vertex -50.0302 15.2149 1.6
      vertex -38 22.2218 1.6
      vertex -41.3764 24.184 1.6
    endloop
  endfacet
  facet normal 0 0 1
    outer loop
      vertex -54.031 17.8882 1.6
      vertex -45.7782 30 1.6
      vertex -48.1116 35.1619 1.6
    endloop
  endfacet
  facet normal 0 0 1
    outer loop
      vertex -50.0302 15.2149 1.6
      vertex -43.816 26.6236 1.6
      vertex -45.7782 30 1.6
    endloop
  endfacet
  facet normal 0 0 1
    outer loop
      vertex -50.0302 15.2149 1.6
      vertex -41.3764 24.184 1.6
      vertex -43.816 26.6236 1.6
    endloop
  endfacet
  facet normal 0 0 1
    outer loop
      vertex -38 22.2218 1.6
      vertex -50.0028 14.7972 1.6
      vertex -50.0302 14.3795 1.6
    endloop
  endfacet
  facet normal 0 0 1
    outer loop
      vertex -50.1118 13.969 1.6
      vertex -38 22.2218 1.6
      vertex -50.0302 14.3795 1.6
    endloop
  endfacet
  facet normal 0 0 1
    outer loop
      vertex -29.444 16.4943 1.6
      vertex -50.1118 13.969 1.6
      vertex -50.2464 13.5726 1.6
    endloop
  endfacet
  facet normal 0 0 1
    outer loop
      vertex -50.6641 12.8492 1.6
      vertex -29.444 16.4943 1.6
      vertex -50.4315 13.1972 1.6
    endloop
  endfacet
  facet normal 0 0 1
    outer loop
      vertex -25.3359 12.8492 1.6
      vertex -50.6641 12.8492 1.6
      vertex -25.0599 12.5345 1.6
    endloop
  endfacet
  facet normal 0 0 1
    outer loop
      vertex -50.9401 12.5345 1.6
      vertex -25.0599 12.5345 1.6
      vertex -50.6641 12.8492 1.6
    endloop
  endfacet
  facet normal 0 0 1
    outer loop
      vertex -25.0599 12.5345 1.6
      vertex -50.9401 12.5345 1.6
      vertex -24.7452 12.2585 1.6
    endloop
  endfacet
  facet normal 0 0 1
    outer loop
      vertex -51.2548 12.2585 1.6
      vertex -24.7452 12.2585 1.6
      vertex -50.9401 12.5345 1.6
    endloop
  endfacet
  facet normal 0 0 1
    outer loop
      vertex -24.7452 12.2585 1.6
      vertex -51.2548 12.2585 1.6
      vertex -24.3972 12.0259 1.6
    endloop
  endfacet
  facet normal 0 0 1
    outer loop
      vertex -51.6028 12.0259 1.6
      vertex -24.3972 12.0259 1.6
      vertex -51.2548 12.2585 1.6
    endloop
  endfacet
  facet normal 0 0 1
    outer loop
      vertex -24.3972 12.0259 1.6
      vertex -51.6028 12.0259 1.6
      vertex -20.4 9.40001 1.6
    endloop
  endfacet
  facet normal 0 0 1
    outer loop
      vertex -55.6 9.40001 1.6
      vertex -51.6028 12.0259 1.6
      vertex -51.9782 11.8408 1.6
    endloop
  endfacet
  facet normal 0 0 1
    outer loop
      vertex -55.6 9.40001 1.6
      vertex -51.9782 11.8408 1.6
      vertex -52.3746 11.7062 1.6
    endloop
  endfacet
  facet normal 0 0 1
    outer loop
      vertex -55.6 9.40001 1.6
      vertex -52.3746 11.7062 1.6
      vertex -54.8582 10.9372 1.6
    endloop
  endfacet
  facet normal 0 0 1
    outer loop
      vertex -55.6 9.40001 1.6
      vertex -54.8582 10.9372 1.6
      vertex -55.0892 10.8913 1.6
    endloop
  endfacet
  facet normal 0 0 1
    outer loop
      vertex -55.6 9.40001 1.6
      vertex -55.0892 10.8913 1.6
      vertex -55.3241 10.8759 1.6
    endloop
  endfacet
  facet normal 0 0 1
    outer loop
      vertex -51.6028 12.0259 1.6
      vertex -55.6 9.40001 1.6
      vertex -20.4 9.40001 1.6
    endloop
  endfacet
  facet normal 0 0 1
    outer loop
      vertex -55.5591 10.8913 1.6
      vertex -55.6 9.40001 1.6
      vertex -55.3241 10.8759 1.6
    endloop
  endfacet
  facet normal 0 0 1
    outer loop
      vertex -55.9916 9.42568 1.6
      vertex -55.5591 10.8913 1.6
      vertex -55.79 10.9372 1.6
    endloop
  endfacet
  facet normal 0 0 1
    outer loop
      vertex -55.5591 10.8913 1.6
      vertex -55.9916 9.42568 1.6
      vertex -55.6 9.40001 1.6
    endloop
  endfacet
  facet normal 0 0 1
    outer loop
      vertex -56.3764 9.50223 1.6
      vertex -55.79 10.9372 1.6
      vertex -56.0129 11.0129 1.6
    endloop
  endfacet
  facet normal 0 0 1
    outer loop
      vertex -56.748 9.62837 1.6
      vertex -56.0129 11.0129 1.6
      vertex -56.2241 11.117 1.6
    endloop
  endfacet
  facet normal 0 0 1
    outer loop
      vertex -55.79 10.9372 1.6
      vertex -56.3764 9.50223 1.6
      vertex -55.9916 9.42568 1.6
    endloop
  endfacet
  facet normal 0 0 1
    outer loop
      vertex -57.1 9.80193 1.6
      vertex -56.2241 11.117 1.6
      vertex -56.4199 11.2478 1.6
    endloop
  endfacet
  facet normal 0 0 1
    outer loop
      vertex -57.4263 10.0199 1.6
      vertex -56.4199 11.2478 1.6
      vertex -56.5969 11.4031 1.6
    endloop
  endfacet
  facet normal 0 0 1
    outer loop
      vertex -56.0129 11.0129 1.6
      vertex -56.748 9.62837 1.6
      vertex -56.3764 9.50223 1.6
    endloop
  endfacet
  facet normal 0 0 1
    outer loop
      vertex -57.9801 10.5737 1.6
      vertex -56.5969 11.4031 1.6
      vertex -56.7522 11.5801 1.6
    endloop
  endfacet
  facet normal 0 0 1
    outer loop
      vertex -58.1981 10.9 1.6
      vertex -56.7522 11.5801 1.6
      vertex -56.883 11.7759 1.6
    endloop
  endfacet
  facet normal 0 0 1
    outer loop
      vertex -58.3716 11.252 1.6
      vertex -56.883 11.7759 1.6
      vertex -56.9871 11.9871 1.6
    endloop
  endfacet
  facet normal 0 0 1
    outer loop
      vertex -58.4978 11.6236 1.6
      vertex -56.9871 11.9871 1.6
      vertex -57.0628 12.21 1.6
    endloop
  endfacet
  facet normal 0 0 1
    outer loop
      vertex -56.2241 11.117 1.6
      vertex -57.1 9.80193 1.6
      vertex -56.748 9.62837 1.6
    endloop
  endfacet
  facet normal 0 0 1
    outer loop
      vertex -58.5743 12.0084 1.6
      vertex -57.0628 12.21 1.6
      vertex -57.1087 12.4409 1.6
    endloop
  endfacet
  facet normal 0 0 1
    outer loop
      vertex -58.6 12.4 1.6
      vertex -57.1087 12.4409 1.6
      vertex -57.1241 12.6759 1.6
    endloop
  endfacet
  facet normal 0 0 1
    outer loop
      vertex -56.4199 11.2478 1.6
      vertex -57.4263 10.0199 1.6
      vertex -57.1 9.80193 1.6
    endloop
  endfacet
  facet normal 0 0 1
    outer loop
      vertex -57.0628 13.1418 1.6
      vertex -58.6 12.4 1.6
      vertex -57.1087 12.9108 1.6
    endloop
  endfacet
  facet normal 0 0 1
    outer loop
      vertex -56.883 48.2241 1.6
      vertex -58.3716 48.748 1.6
      vertex -56.9871 48.0129 1.6
    endloop
  endfacet
  facet normal 0 0 1
    outer loop
      vertex -57.1087 12.9108 1.6
      vertex -58.6 12.4 1.6
      vertex -57.1241 12.6759 1.6
    endloop
  endfacet
  facet normal -0 0 1
    outer loop
      vertex -58.4978 48.3764 1.6
      vertex -56.9871 48.0129 1.6
      vertex -58.3716 48.748 1.6
    endloop
  endfacet
  facet normal 0 0 1
    outer loop
      vertex -57.1087 12.4409 1.6
      vertex -58.6 12.4 1.6
      vertex -58.5743 12.0084 1.6
    endloop
  endfacet
  facet normal 0 0 1
    outer loop
      vertex -56.9871 48.0129 1.6
      vertex -58.4978 48.3764 1.6
      vertex -57.0628 47.79 1.6
    endloop
  endfacet
  facet normal 0 0 1
    outer loop
      vertex -56.5969 11.4031 1.6
      vertex -57.7213 10.2787 1.6
      vertex -57.4263 10.0199 1.6
    endloop
  endfacet
  facet normal -0 0 1
    outer loop
      vertex -58.5743 47.9916 1.6
      vertex -57.0628 47.79 1.6
      vertex -58.4978 48.3764 1.6
    endloop
  endfacet
  facet normal 0 0 1
    outer loop
      vertex -56.5969 11.4031 1.6
      vertex -57.9801 10.5737 1.6
      vertex -57.7213 10.2787 1.6
    endloop
  endfacet
  facet normal 0 0 1
    outer loop
      vertex -57.0628 47.79 1.6
      vertex -58.5743 47.9916 1.6
      vertex -57.1087 47.5591 1.6
    endloop
  endfacet
  facet normal 0 0 1
    outer loop
      vertex -56.7522 11.5801 1.6
      vertex -58.1981 10.9 1.6
      vertex -57.9801 10.5737 1.6
    endloop
  endfacet
  facet normal 0 0 1
    outer loop
      vertex -57.1087 47.5591 1.6
      vertex -58.5743 47.9916 1.6
      vertex -58.6 47.6 1.6
    endloop
  endfacet
  facet normal 0 0 1
    outer loop
      vertex -56.883 11.7759 1.6
      vertex -58.3716 11.252 1.6
      vertex -58.1981 10.9 1.6
    endloop
  endfacet
  facet normal 0 0 1
    outer loop
      vertex -56.9871 11.9871 1.6
      vertex -58.4978 11.6236 1.6
      vertex -58.3716 11.252 1.6
    endloop
  endfacet
  facet normal 0 0 1
    outer loop
      vertex -57.0628 12.21 1.6
      vertex -58.5743 12.0084 1.6
      vertex -58.4978 11.6236 1.6
    endloop
  endfacet
  facet normal 0 0 1
    outer loop
      vertex -19.1202 42.2329 1.6
      vertex -19.1202 39.5459 1.6
      vertex -18.9909 39.3984 1.6
    endloop
  endfacet
  facet normal 0 0 1
    outer loop
      vertex -19.1202 42.2329 1.6
      vertex -19.2678 39.6753 1.6
      vertex -19.1202 39.5459 1.6
    endloop
  endfacet
  facet normal 0 0 1
    outer loop
      vertex -19.1202 42.2329 1.6
      vertex -19.4309 39.7843 1.6
      vertex -19.2678 39.6753 1.6
    endloop
  endfacet
  facet normal 0 0 1
    outer loop
      vertex -19.1202 42.2329 1.6
      vertex -19.6069 39.8711 1.6
      vertex -19.4309 39.7843 1.6
    endloop
  endfacet
  facet normal 0 0 1
    outer loop
      vertex -19.1202 42.2329 1.6
      vertex -19.7927 39.9342 1.6
      vertex -19.6069 39.8711 1.6
    endloop
  endfacet
  facet normal 0 0 1
    outer loop
      vertex -19.1202 42.2329 1.6
      vertex -19.9851 39.9724 1.6
      vertex -19.7927 39.9342 1.6
    endloop
  endfacet
  facet normal 0 0 1
    outer loop
      vertex -19.1202 42.2329 1.6
      vertex -20.1809 39.9853 1.6
      vertex -19.9851 39.9724 1.6
    endloop
  endfacet
  facet normal 0 0 1
    outer loop
      vertex -19.1202 42.2329 1.6
      vertex -20.3767 39.9724 1.6
      vertex -20.1809 39.9853 1.6
    endloop
  endfacet
  facet normal 0 0 1
    outer loop
      vertex -19.1202 42.2329 1.6
      vertex -20.5691 39.9342 1.6
      vertex -20.3767 39.9724 1.6
    endloop
  endfacet
  facet normal 0 0 1
    outer loop
      vertex -19.1202 42.2329 1.6
      vertex -20.7549 39.8711 1.6
      vertex -20.5691 39.9342 1.6
    endloop
  endfacet
  facet normal 0 0 1
    outer loop
      vertex -19.1202 42.2329 1.6
      vertex -20.9309 39.7843 1.6
      vertex -20.7549 39.8711 1.6
    endloop
  endfacet
  facet normal 0 0 1
    outer loop
      vertex -19.1202 42.2329 1.6
      vertex -21.0941 39.6753 1.6
      vertex -20.9309 39.7843 1.6
    endloop
  endfacet
  facet normal 0 0 1
    outer loop
      vertex -19.1202 42.2329 1.6
      vertex -21.2416 39.5459 1.6
      vertex -21.0941 39.6753 1.6
    endloop
  endfacet
  facet normal 0 0 1
    outer loop
      vertex -23.7872 37.566 1.6
      vertex -21.2416 39.5459 1.6
      vertex -19.1202 42.2329 1.6
    endloop
  endfacet
  facet normal 0 0 1
    outer loop
      vertex -21.1972 17.5685 1.6
      vertex -24.4943 21.444 1.6
      vertex -21.5726 17.7536 1.6
    endloop
  endfacet
  facet normal 0 0 1
    outer loop
      vertex -21.5726 17.7536 1.6
      vertex -24.4943 21.444 1.6
      vertex -21.969 17.8882 1.6
    endloop
  endfacet
  facet normal 0 0 1
    outer loop
      vertex -22.3795 17.9698 1.6
      vertex -24.4943 21.444 1.6
      vertex -22.7972 17.9972 1.6
    endloop
  endfacet
  facet normal 0 0 1
    outer loop
      vertex -23.7872 37.566 1.6
      vertex -21.6809 38.4853 1.6
      vertex -21.6681 38.6811 1.6
    endloop
  endfacet
  facet normal 0 0 1
    outer loop
      vertex -22.7972 17.9972 1.6
      vertex -24.4943 21.444 1.6
      vertex -23.2149 17.9698 1.6
    endloop
  endfacet
  facet normal 0 0 1
    outer loop
      vertex -21.969 17.8882 1.6
      vertex -24.4943 21.444 1.6
      vertex -22.3795 17.9698 1.6
    endloop
  endfacet
  facet normal 0 0 1
    outer loop
      vertex -23.7872 37.566 1.6
      vertex -21.6681 38.6811 1.6
      vertex -21.6298 38.8735 1.6
    endloop
  endfacet
  facet normal 0 0 1
    outer loop
      vertex -23.7872 37.566 1.6
      vertex -21.6298 38.8735 1.6
      vertex -21.5667 39.0593 1.6
    endloop
  endfacet
  facet normal 0 0 1
    outer loop
      vertex -23.7872 37.566 1.6
      vertex -21.5667 39.0593 1.6
      vertex -21.4799 39.2353 1.6
    endloop
  endfacet
  facet normal 0 0 1
    outer loop
      vertex -21.2416 39.5459 1.6
      vertex -23.7872 37.566 1.6
      vertex -21.3709 39.3984 1.6
    endloop
  endfacet
  facet normal 0 0 1
    outer loop
      vertex -23.7872 37.566 1.6
      vertex -21.4799 39.2353 1.6
      vertex -21.3709 39.3984 1.6
    endloop
  endfacet
  facet normal 0 0 1
    outer loop
      vertex -21.3709 37.5721 1.6
      vertex -23.7872 37.566 1.6
      vertex -23.7164 35.5154 1.6
    endloop
  endfacet
  facet normal -0 0 1
    outer loop
      vertex -26.1206 37.9196 1.6
      vertex -23.7872 37.566 1.6
      vertex -25.1307 38.9095 1.6
    endloop
  endfacet
  facet normal 0 0 1
    outer loop
      vertex -23.7872 37.566 1.6
      vertex -26.1206 37.9196 1.6
      vertex -23.7164 35.5154 1.6
    endloop
  endfacet
  facet normal 0 0 1
    outer loop
      vertex -23.2149 17.9698 1.6
      vertex -24.4943 21.444 1.6
      vertex -23.6254 17.8882 1.6
    endloop
  endfacet
  facet normal 0 0 1
    outer loop
      vertex -23.6254 17.8882 1.6
      vertex -24.4943 21.444 1.6
      vertex -24.0218 17.7536 1.6
    endloop
  endfacet
  facet normal 0 0 1
    outer loop
      vertex -24.0218 17.7536 1.6
      vertex -24.4943 21.444 1.6
      vertex -24.3972 17.5685 1.6
    endloop
  endfacet
  facet normal 0 0 1
    outer loop
      vertex -23.7164 35.5154 1.6
      vertex -27.8884 24.8381 1.6
      vertex -24.4943 21.444 1.6
    endloop
  endfacet
  facet normal -0 0 1
    outer loop
      vertex -33.6159 25.6159 1.6
      vertex -27.8884 24.8381 1.6
      vertex -23.7164 35.5154 1.6
    endloop
  endfacet
  facet normal 0 0 1
    outer loop
      vertex -27.8884 24.8381 1.6
      vertex -33.6159 25.6159 1.6
      vertex -32.8381 19.8884 1.6
    endloop
  endfacet
  facet normal 0 0 1
    outer loop
      vertex -24.4943 21.444 1.6
      vertex -24.7452 17.3359 1.6
      vertex -24.3972 17.5685 1.6
    endloop
  endfacet
  facet normal 0 0 1
    outer loop
      vertex -24.4943 21.444 1.6
      vertex -25.0599 17.0599 1.6
      vertex -24.7452 17.3359 1.6
    endloop
  endfacet
  facet normal 0 0 1
    outer loop
      vertex -29.444 16.4943 1.6
      vertex -25.0599 17.0599 1.6
      vertex -24.4943 21.444 1.6
    endloop
  endfacet
  facet normal 0 0 1
    outer loop
      vertex -25.0599 17.0599 1.6
      vertex -29.444 16.4943 1.6
      vertex -25.3359 16.7452 1.6
    endloop
  endfacet
  facet normal 0 0 1
    outer loop
      vertex -25.3359 16.7452 1.6
      vertex -29.444 16.4943 1.6
      vertex -25.5685 16.3972 1.6
    endloop
  endfacet
  facet normal 0 0 1
    outer loop
      vertex -25.5685 16.3972 1.6
      vertex -29.444 16.4943 1.6
      vertex -25.7536 16.0218 1.6
    endloop
  endfacet
  facet normal 0 0 1
    outer loop
      vertex -25.9698 15.2149 1.6
      vertex -29.444 16.4943 1.6
      vertex -25.9972 14.7972 1.6
    endloop
  endfacet
  facet normal 0 0 1
    outer loop
      vertex -25.8882 15.6254 1.6
      vertex -29.444 16.4943 1.6
      vertex -25.9698 15.2149 1.6
    endloop
  endfacet
  facet normal 0 0 1
    outer loop
      vertex -25.7536 16.0218 1.6
      vertex -29.444 16.4943 1.6
      vertex -25.8882 15.6254 1.6
    endloop
  endfacet
  facet normal 0.55547 -0.831536 0
    outer loop
      vertex -18.9 9.80193 0.4
      vertex -18.5737 10.0199 1.6
      vertex -18.9 9.80193 1.6
    endloop
  endfacet
  facet normal 0.55547 -0.831536 0
    outer loop
      vertex -18.5737 10.0199 1.6
      vertex -18.9 9.80193 0.4
      vertex -18.5737 10.0199 0.4
    endloop
  endfacet
  facet normal 0.195111 -0.980781 0
    outer loop
      vertex -20.0084 9.42568 0.4
      vertex -19.6236 9.50223 1.6
      vertex -20.0084 9.42568 1.6
    endloop
  endfacet
  facet normal 0.195111 -0.980781 0
    outer loop
      vertex -19.6236 9.50223 1.6
      vertex -20.0084 9.42568 0.4
      vertex -19.6236 9.50223 0.4
    endloop
  endfacet
  facet normal 0.19507 -0.980789 0
    outer loop
      vertex -20.0608 9.82312 0
      vertex -19.7273 9.88945 0.4
      vertex -20.0608 9.82312 0.4
    endloop
  endfacet
  facet normal 0.19507 -0.980789 0
    outer loop
      vertex -19.7273 9.88945 0.4
      vertex -20.0608 9.82312 0
      vertex -19.7273 9.88945 0
    endloop
  endfacet
  facet normal -0.75192 -0.659254 0
    outer loop
      vertex -57.4379 10.5621 0
      vertex -57.662 10.8177 0.4
      vertex -57.662 10.8177 0
    endloop
  endfacet
  facet normal -0.75192 -0.659254 0
    outer loop
      vertex -57.662 10.8177 0.4
      vertex -57.4379 10.5621 0
      vertex -57.4379 10.5621 0.4
    endloop
  endfacet
  facet normal 0.98075 -0.195268 0
    outer loop
      vertex -17.8895 11.7273 0.4
      vertex -17.8231 12.0608 0
      vertex -17.8231 12.0608 0.4
    endloop
  endfacet
  facet normal 0.98075 -0.195268 0
    outer loop
      vertex -17.8231 12.0608 0
      vertex -17.8895 11.7273 0.4
      vertex -17.8895 11.7273 0
    endloop
  endfacet
  facet normal -0.997858 0.0654101 0
    outer loop
      vertex -58.2 47.5868 0
      vertex -58.1769 47.9392 0.4
      vertex -58.1769 47.9392 0
    endloop
  endfacet
  facet normal -0.997858 0.0654101 0
    outer loop
      vertex -58.1769 47.9392 0.4
      vertex -58.2 47.5868 0
      vertex -58.2 47.5868 0.4
    endloop
  endfacet
  facet normal 0.321439 -0.94693 0
    outer loop
      vertex -19.7273 9.88945 0
      vertex -19.4054 9.99872 0.4
      vertex -19.7273 9.88945 0.4
    endloop
  endfacet
  facet normal 0.321439 -0.94693 0
    outer loop
      vertex -19.4054 9.99872 0.4
      vertex -19.7273 9.88945 0
      vertex -19.4054 9.99872 0
    endloop
  endfacet
  facet normal -0.555446 0.831552 0
    outer loop
      vertex -56.8995 49.8509 0
      vertex -57.1823 49.662 0.4
      vertex -56.8995 49.8509 0.4
    endloop
  endfacet
  facet normal -0.555446 0.831552 0
    outer loop
      vertex -57.1823 49.662 0.4
      vertex -56.8995 49.8509 0
      vertex -57.1823 49.662 0
    endloop
  endfacet
  facet normal 0.75192 -0.659254 0
    outer loop
      vertex -18.5621 10.5621 0.4
      vertex -18.338 10.8177 0
      vertex -18.338 10.8177 0.4
    endloop
  endfacet
  facet normal 0.75192 -0.659254 0
    outer loop
      vertex -18.338 10.8177 0
      vertex -18.5621 10.5621 0.4
      vertex -18.5621 10.5621 0
    endloop
  endfacet
  facet normal -0.659254 0.75192 0
    outer loop
      vertex -57.1823 49.662 0
      vertex -57.4379 49.4379 0.4
      vertex -57.1823 49.662 0.4
    endloop
  endfacet
  facet normal -0.659254 0.75192 0
    outer loop
      vertex -57.4379 49.4379 0.4
      vertex -57.1823 49.662 0
      vertex -57.4379 49.4379 0
    endloop
  endfacet
  facet normal -0.0654101 0.997858 0
    outer loop
      vertex -55.5868 50.2 0
      vertex -55.9392 50.1769 0.4
      vertex -55.5868 50.2 0.4
    endloop
  endfacet
  facet normal -0.0654101 0.997858 0
    outer loop
      vertex -55.9392 50.1769 0.4
      vertex -55.5868 50.2 0
      vertex -55.9392 50.1769 0
    endloop
  endfacet
  facet normal 1 -0 0
    outer loop
      vertex -17.8 12.4132 0.4
      vertex -17.8 46.2402 0
      vertex -17.8 46.2402 0.4
    endloop
  endfacet
  facet normal 1 0 0
    outer loop
      vertex -17.8 46.2402 0
      vertex -17.8 12.4132 0.4
      vertex -17.8 12.4132 0
    endloop
  endfacet
  facet normal 0.997858 -0.0654101 0
    outer loop
      vertex -17.8231 12.0608 0.4
      vertex -17.8 12.4132 0
      vertex -17.8 12.4132 0.4
    endloop
  endfacet
  facet normal 0.997858 -0.0654101 0
    outer loop
      vertex -17.8 12.4132 0
      vertex -17.8231 12.0608 0.4
      vertex -17.8231 12.0608 0
    endloop
  endfacet
  facet normal -0.896826 -0.442383 0
    outer loop
      vertex -57.8509 11.1005 0
      vertex -58.0013 11.4054 0.4
      vertex -58.0013 11.4054 0
    endloop
  endfacet
  facet normal -0.896826 -0.442383 0
    outer loop
      vertex -58.0013 11.4054 0.4
      vertex -57.8509 11.1005 0
      vertex -57.8509 11.1005 0.4
    endloop
  endfacet
  facet normal 0 -1 0
    outer loop
      vertex -55.5868 9.80001 0
      vertex -20.4132 9.80001 0.4
      vertex -55.5868 9.80001 0.4
    endloop
  endfacet
  facet normal 0 -1 -0
    outer loop
      vertex -20.4132 9.80001 0.4
      vertex -55.5868 9.80001 0
      vertex -20.4132 9.80001 0
    endloop
  endfacet
  facet normal -1 0 0
    outer loop
      vertex -58.2 12.4132 0
      vertex -58.2 47.5868 0.4
      vertex -58.2 47.5868 0
    endloop
  endfacet
  facet normal -1 -0 0
    outer loop
      vertex -58.2 47.5868 0.4
      vertex -58.2 12.4132 0
      vertex -58.2 12.4132 0.4
    endloop
  endfacet
  facet normal -0.555446 -0.831552 0
    outer loop
      vertex -57.1823 10.338 0
      vertex -56.8995 10.1491 0.4
      vertex -57.1823 10.338 0.4
    endloop
  endfacet
  facet normal -0.555446 -0.831552 -0
    outer loop
      vertex -56.8995 10.1491 0.4
      vertex -57.1823 10.338 0
      vertex -56.8995 10.1491 0
    endloop
  endfacet
  facet normal 0.0654383 -0.997857 0
    outer loop
      vertex -20.4132 9.80001 0
      vertex -20.0608 9.82312 0.4
      vertex -20.4132 9.80001 0.4
    endloop
  endfacet
  facet normal 0.0654383 -0.997857 0
    outer loop
      vertex -20.0608 9.82312 0.4
      vertex -20.4132 9.80001 0
      vertex -20.0608 9.82312 0
    endloop
  endfacet
  facet normal -0.0654383 -0.997857 0
    outer loop
      vertex -55.9392 9.82312 0
      vertex -55.5868 9.80001 0.4
      vertex -55.9392 9.82312 0.4
    endloop
  endfacet
  facet normal -0.0654383 -0.997857 -0
    outer loop
      vertex -55.5868 9.80001 0.4
      vertex -55.9392 9.82312 0
      vertex -55.5868 9.80001 0
    endloop
  endfacet
  facet normal -0.442336 -0.896849 0
    outer loop
      vertex -56.8995 10.1491 0
      vertex -56.5946 9.99872 0.4
      vertex -56.8995 10.1491 0.4
    endloop
  endfacet
  facet normal -0.442336 -0.896849 -0
    outer loop
      vertex -56.5946 9.99872 0.4
      vertex -56.8995 10.1491 0
      vertex -56.5946 9.99872 0
    endloop
  endfacet
  facet normal 0 1 -0
    outer loop
      vertex -21.7598 50.2 0
      vertex -55.5868 50.2 0.4
      vertex -21.7598 50.2 0.4
    endloop
  endfacet
  facet normal 0 1 0
    outer loop
      vertex -55.5868 50.2 0.4
      vertex -21.7598 50.2 0
      vertex -55.5868 50.2 0
    endloop
  endfacet
  facet normal 0 0 -1
    outer loop
      vertex -24.7452 17.3359 0
      vertex -24.4943 21.444 0
      vertex -24.3972 17.5685 0
    endloop
  endfacet
  facet normal 0 0 -1
    outer loop
      vertex -25.0599 17.0599 0
      vertex -24.4943 21.444 0
      vertex -24.7452 17.3359 0
    endloop
  endfacet
  facet normal 0 0 -1
    outer loop
      vertex -29.444 16.4943 0
      vertex -25.0599 17.0599 0
      vertex -25.3359 16.7452 0
    endloop
  endfacet
  facet normal 0 0 -1
    outer loop
      vertex -29.444 16.4943 0
      vertex -25.3359 16.7452 0
      vertex -25.5685 16.3972 0
    endloop
  endfacet
  facet normal 0 0 -1
    outer loop
      vertex -29.444 16.4943 0
      vertex -25.5685 16.3972 0
      vertex -25.7536 16.0218 0
    endloop
  endfacet
  facet normal 0 0 -1
    outer loop
      vertex -29.444 16.4943 0
      vertex -25.7536 16.0218 0
      vertex -25.8882 15.6254 0
    endloop
  endfacet
  facet normal -0 0 -1
    outer loop
      vertex -25.0599 17.0599 0
      vertex -29.444 16.4943 0
      vertex -24.4943 21.444 0
    endloop
  endfacet
  facet normal 0 0 -1
    outer loop
      vertex -25.9698 15.2149 0
      vertex -29.444 16.4943 0
      vertex -25.8882 15.6254 0
    endloop
  endfacet
  facet normal 0 0 -1
    outer loop
      vertex -29.444 16.4943 0
      vertex -25.9698 15.2149 0
      vertex -25.9972 14.7972 0
    endloop
  endfacet
  facet normal -0 0 -1
    outer loop
      vertex -29.0905 42.8693 0
      vertex -33.2624 38.6974 0
      vertex -30.434 44.2128 0
    endloop
  endfacet
  facet normal 0 0 -1
    outer loop
      vertex -19.8408 16.0218 0
      vertex -17.8 12.4132 0
      vertex -19.7062 15.6254 0
    endloop
  endfacet
  facet normal 0 0 -1
    outer loop
      vertex -17.8 12.4132 0
      vertex -19.8408 16.0218 0
      vertex -19.1202 42.2329 0
    endloop
  endfacet
  facet normal 0 0 -1
    outer loop
      vertex -20.0259 16.3972 0
      vertex -19.1202 42.2329 0
      vertex -19.8408 16.0218 0
    endloop
  endfacet
  facet normal 0 0 -1
    outer loop
      vertex -20.2585 16.7452 0
      vertex -19.1202 42.2329 0
      vertex -20.0259 16.3972 0
    endloop
  endfacet
  facet normal 0 0 -1
    outer loop
      vertex -20.5345 17.0599 0
      vertex -19.1202 42.2329 0
      vertex -20.2585 16.7452 0
    endloop
  endfacet
  facet normal 0 0 -1
    outer loop
      vertex -20.8492 17.3359 0
      vertex -19.1202 42.2329 0
      vertex -20.5345 17.0599 0
    endloop
  endfacet
  facet normal 0 0 -1
    outer loop
      vertex -24.4943 21.444 0
      vertex -20.8492 17.3359 0
      vertex -21.1972 17.5685 0
    endloop
  endfacet
  facet normal 0 0 -1
    outer loop
      vertex -24.4943 21.444 0
      vertex -21.1972 17.5685 0
      vertex -21.5726 17.7536 0
    endloop
  endfacet
  facet normal 0 0 -1
    outer loop
      vertex -24.4943 21.444 0
      vertex -21.5726 17.7536 0
      vertex -21.969 17.8882 0
    endloop
  endfacet
  facet normal 0 0 -1
    outer loop
      vertex -24.4943 21.444 0
      vertex -21.969 17.8882 0
      vertex -22.3795 17.9698 0
    endloop
  endfacet
  facet normal 0 0 -1
    outer loop
      vertex -24.4943 21.444 0
      vertex -22.3795 17.9698 0
      vertex -22.7972 17.9972 0
    endloop
  endfacet
  facet normal 0 0 -1
    outer loop
      vertex -24.4943 21.444 0
      vertex -22.7972 17.9972 0
      vertex -23.2149 17.9698 0
    endloop
  endfacet
  facet normal 0 0 -1
    outer loop
      vertex -24.4943 21.444 0
      vertex -23.2149 17.9698 0
      vertex -23.6254 17.8882 0
    endloop
  endfacet
  facet normal 0 0 -1
    outer loop
      vertex -20.8492 17.3359 0
      vertex -24.4943 21.444 0
      vertex -23.7872 37.566 0
    endloop
  endfacet
  facet normal 0 0 -1
    outer loop
      vertex -24.4943 21.444 0
      vertex -23.6254 17.8882 0
      vertex -24.0218 17.7536 0
    endloop
  endfacet
  facet normal 0 0 -1
    outer loop
      vertex -24.4943 21.444 0
      vertex -24.0218 17.7536 0
      vertex -24.3972 17.5685 0
    endloop
  endfacet
  facet normal 0 0 -1
    outer loop
      vertex -20.8492 17.3359 0
      vertex -23.7872 37.566 0
      vertex -19.1202 42.2329 0
    endloop
  endfacet
  facet normal 0 0 -1
    outer loop
      vertex -27.8884 24.8381 0
      vertex -23.7872 37.566 0
      vertex -24.4943 21.444 0
    endloop
  endfacet
  facet normal 0 0 -1
    outer loop
      vertex -29.3026 34.7376 0
      vertex -23.7872 37.566 0
      vertex -27.8884 24.8381 0
    endloop
  endfacet
  facet normal -0 0 -1
    outer loop
      vertex -23.7872 37.566 0
      vertex -29.3026 34.7376 0
      vertex -25.1307 38.9095 0
    endloop
  endfacet
  facet normal 0 0 -1
    outer loop
      vertex -33.6513 30 0
      vertex -27.8884 24.8381 0
      vertex -32.8381 19.8884 0
    endloop
  endfacet
  facet normal 0 0 -1
    outer loop
      vertex -27.8884 24.8381 0
      vertex -33.6513 30 0
      vertex -29.3026 34.7376 0
    endloop
  endfacet
  facet normal 0 0 -1
    outer loop
      vertex -32.9619 32.5986 0
      vertex -33.2624 38.6974 0
      vertex -29.3026 34.7376 0
    endloop
  endfacet
  facet normal 0 -0 -1
    outer loop
      vertex -33.2624 38.6974 0
      vertex -32.9619 32.5986 0
      vertex -35.4014 35.0381 0
    endloop
  endfacet
  facet normal 0 0 -1
    outer loop
      vertex -17.8 12.4132 0
      vertex -18.8913 12.4409 0
      vertex -18.8759 12.6759 0
    endloop
  endfacet
  facet normal 0 0 -1
    outer loop
      vertex -18.5621 10.5621 0
      vertex -18.9372 12.21 0
      vertex -18.8913 12.4409 0
    endloop
  endfacet
  facet normal 0 0 -1
    outer loop
      vertex -18.5621 10.5621 0
      vertex -19.0129 11.9871 0
      vertex -18.9372 12.21 0
    endloop
  endfacet
  facet normal 0 0 -1
    outer loop
      vertex -19.5801 11.2478 0
      vertex -18.8177 10.338 0
      vertex -19.1005 10.1491 0
    endloop
  endfacet
  facet normal 0 0 -1
    outer loop
      vertex -18.5621 10.5621 0
      vertex -19.117 11.7759 0
      vertex -19.0129 11.9871 0
    endloop
  endfacet
  facet normal 0 0 -1
    outer loop
      vertex -18.5621 10.5621 0
      vertex -19.2478 11.5801 0
      vertex -19.117 11.7759 0
    endloop
  endfacet
  facet normal 0 0 -1
    outer loop
      vertex -18.5621 10.5621 0
      vertex -19.4031 11.4031 0
      vertex -19.2478 11.5801 0
    endloop
  endfacet
  facet normal 0 0 -1
    outer loop
      vertex -19.7759 11.117 0
      vertex -19.1005 10.1491 0
      vertex -19.4054 9.99872 0
    endloop
  endfacet
  facet normal 0 0 -1
    outer loop
      vertex -18.8177 10.338 0
      vertex -19.5801 11.2478 0
      vertex -19.4031 11.4031 0
    endloop
  endfacet
  facet normal 0 0 -1
    outer loop
      vertex -19.9871 11.0129 0
      vertex -19.4054 9.99872 0
      vertex -19.7273 9.88945 0
    endloop
  endfacet
  facet normal 0 0 -1
    outer loop
      vertex -19.1005 10.1491 0
      vertex -19.7759 11.117 0
      vertex -19.5801 11.2478 0
    endloop
  endfacet
  facet normal 0 0 -1
    outer loop
      vertex -19.4054 9.99872 0
      vertex -19.9871 11.0129 0
      vertex -19.7759 11.117 0
    endloop
  endfacet
  facet normal 0 0 -1
    outer loop
      vertex -20.21 10.9372 0
      vertex -19.7273 9.88945 0
      vertex -20.0608 9.82312 0
    endloop
  endfacet
  facet normal 0 0 -1
    outer loop
      vertex -19.7273 9.88945 0
      vertex -20.21 10.9372 0
      vertex -19.9871 11.0129 0
    endloop
  endfacet
  facet normal 0 0 -1
    outer loop
      vertex -20.4409 10.8913 0
      vertex -20.0608 9.82312 0
      vertex -20.4132 9.80001 0
    endloop
  endfacet
  facet normal 0 0 -1
    outer loop
      vertex -20.0608 9.82312 0
      vertex -20.4409 10.8913 0
      vertex -20.21 10.9372 0
    endloop
  endfacet
  facet normal 0 0 -1
    outer loop
      vertex -20.4132 9.80001 0
      vertex -20.6759 10.8759 0
      vertex -20.4409 10.8913 0
    endloop
  endfacet
  facet normal 0 0 -1
    outer loop
      vertex -20.4132 9.80001 0
      vertex -20.9108 10.8913 0
      vertex -20.6759 10.8759 0
    endloop
  endfacet
  facet normal 0 0 -1
    outer loop
      vertex -20.4132 9.80001 0
      vertex -21.1418 10.9372 0
      vertex -20.9108 10.8913 0
    endloop
  endfacet
  facet normal 0 0 -1
    outer loop
      vertex -20.4132 9.80001 0
      vertex -23.6254 11.7062 0
      vertex -21.1418 10.9372 0
    endloop
  endfacet
  facet normal 0 0 -1
    outer loop
      vertex -20.4132 9.80001 0
      vertex -24.0218 11.8408 0
      vertex -23.6254 11.7062 0
    endloop
  endfacet
  facet normal 0 0 -1
    outer loop
      vertex -51.9782 11.8408 0
      vertex -24.0218 11.8408 0
      vertex -20.4132 9.80001 0
    endloop
  endfacet
  facet normal 0 0 -1
    outer loop
      vertex -25.9698 14.3795 0
      vertex -29.444 16.4943 0
      vertex -25.9972 14.7972 0
    endloop
  endfacet
  facet normal 0 0 -1
    outer loop
      vertex -25.8882 13.969 0
      vertex -29.444 16.4943 0
      vertex -25.9698 14.3795 0
    endloop
  endfacet
  facet normal 0 0 -1
    outer loop
      vertex -25.7536 13.5726 0
      vertex -29.444 16.4943 0
      vertex -25.8882 13.969 0
    endloop
  endfacet
  facet normal 0 0 -1
    outer loop
      vertex -25.5685 13.1972 0
      vertex -29.444 16.4943 0
      vertex -25.7536 13.5726 0
    endloop
  endfacet
  facet normal 0 0 -1
    outer loop
      vertex -25.3359 12.8492 0
      vertex -29.444 16.4943 0
      vertex -25.5685 13.1972 0
    endloop
  endfacet
  facet normal 0 0 -1
    outer loop
      vertex -50.6641 12.8492 0
      vertex -25.3359 12.8492 0
      vertex -25.0599 12.5345 0
    endloop
  endfacet
  facet normal 0 0 -1
    outer loop
      vertex -29.3026 34.7376 0
      vertex -33.6513 30 0
      vertex -32.9619 32.5986 0
    endloop
  endfacet
  facet normal 0 0 -1
    outer loop
      vertex -32.8381 19.8884 0
      vertex -38 25.6513 0
      vertex -33.6513 30 0
    endloop
  endfacet
  facet normal 0 0 -1
    outer loop
      vertex -41.3764 24.184 0
      vertex -38 25.6513 0
      vertex -32.8381 19.8884 0
    endloop
  endfacet
  facet normal -0 0 -1
    outer loop
      vertex -38 25.6513 0
      vertex -41.3764 24.184 0
      vertex -38.9546 26.6059 0
    endloop
  endfacet
  facet normal 0 0 -1
    outer loop
      vertex -50.1118 13.969 0
      vertex -32.8381 19.8884 0
      vertex -29.444 16.4943 0
    endloop
  endfacet
  facet normal 0 0 -1
    outer loop
      vertex -25.3359 12.8492 0
      vertex -50.6641 12.8492 0
      vertex -29.444 16.4943 0
    endloop
  endfacet
  facet normal 0 0 -1
    outer loop
      vertex -50.9401 12.5345 0
      vertex -25.0599 12.5345 0
      vertex -24.7452 12.2585 0
    endloop
  endfacet
  facet normal 0 0 -1
    outer loop
      vertex -50.1118 15.6254 0
      vertex -41.3764 24.184 0
      vertex -50.0302 15.2149 0
    endloop
  endfacet
  facet normal 0 0 -1
    outer loop
      vertex -50.0302 15.2149 0
      vertex -41.3764 24.184 0
      vertex -50.0028 14.7972 0
    endloop
  endfacet
  facet normal 0 -0 -1
    outer loop
      vertex -50.0028 14.7972 0
      vertex -32.8381 19.8884 0
      vertex -50.0302 14.3795 0
    endloop
  endfacet
  facet normal 0 0 -1
    outer loop
      vertex -51.2548 12.2585 0
      vertex -24.7452 12.2585 0
      vertex -24.3972 12.0259 0
    endloop
  endfacet
  facet normal 0 0 -1
    outer loop
      vertex -24.0218 11.8408 0
      vertex -51.9782 11.8408 0
      vertex -24.3972 12.0259 0
    endloop
  endfacet
  facet normal -0 0 -1
    outer loop
      vertex -32.8381 19.8884 0
      vertex -50.0028 14.7972 0
      vertex -41.3764 24.184 0
    endloop
  endfacet
  facet normal 0 0 -1
    outer loop
      vertex -32.8381 19.8884 0
      vertex -50.1118 13.969 0
      vertex -50.0302 14.3795 0
    endloop
  endfacet
  facet normal 0 0 -1
    outer loop
      vertex -29.444 16.4943 0
      vertex -50.2464 13.5726 0
      vertex -50.1118 13.969 0
    endloop
  endfacet
  facet normal 0 0 -1
    outer loop
      vertex -29.444 16.4943 0
      vertex -50.4315 13.1972 0
      vertex -50.2464 13.5726 0
    endloop
  endfacet
  facet normal 0 0 -1
    outer loop
      vertex -29.444 16.4943 0
      vertex -50.6641 12.8492 0
      vertex -50.4315 13.1972 0
    endloop
  endfacet
  facet normal 0 0 -1
    outer loop
      vertex -25.0599 12.5345 0
      vertex -50.9401 12.5345 0
      vertex -50.6641 12.8492 0
    endloop
  endfacet
  facet normal 0 0 -1
    outer loop
      vertex -24.7452 12.2585 0
      vertex -51.2548 12.2585 0
      vertex -50.9401 12.5345 0
    endloop
  endfacet
  facet normal 0 0 -1
    outer loop
      vertex -24.3972 12.0259 0
      vertex -51.6028 12.0259 0
      vertex -51.2548 12.2585 0
    endloop
  endfacet
  facet normal -0 0 -1
    outer loop
      vertex -24.3972 12.0259 0
      vertex -51.9782 11.8408 0
      vertex -51.6028 12.0259 0
    endloop
  endfacet
  facet normal 0 0 -1
    outer loop
      vertex -55.5868 9.80001 0
      vertex -51.9782 11.8408 0
      vertex -20.4132 9.80001 0
    endloop
  endfacet
  facet normal 0 0 -1
    outer loop
      vertex -51.9782 11.8408 0
      vertex -55.5868 9.80001 0
      vertex -52.3746 11.7062 0
    endloop
  endfacet
  facet normal 0 0 -1
    outer loop
      vertex -52.3746 11.7062 0
      vertex -55.5868 9.80001 0
      vertex -54.8582 10.9372 0
    endloop
  endfacet
  facet normal 0 0 -1
    outer loop
      vertex -54.8582 10.9372 0
      vertex -55.5868 9.80001 0
      vertex -55.0892 10.8913 0
    endloop
  endfacet
  facet normal 0 0 -1
    outer loop
      vertex -55.0892 10.8913 0
      vertex -55.5868 9.80001 0
      vertex -55.3241 10.8759 0
    endloop
  endfacet
  facet normal 0 0 -1
    outer loop
      vertex -55.5868 9.80001 0
      vertex -55.5591 10.8913 0
      vertex -55.3241 10.8759 0
    endloop
  endfacet
  facet normal 0 0 -1
    outer loop
      vertex -55.9392 9.82312 0
      vertex -55.5591 10.8913 0
      vertex -55.5868 9.80001 0
    endloop
  endfacet
  facet normal -0 0 -1
    outer loop
      vertex -55.5591 10.8913 0
      vertex -55.9392 9.82312 0
      vertex -55.79 10.9372 0
    endloop
  endfacet
  facet normal 0 0 -1
    outer loop
      vertex -56.2727 9.88945 0
      vertex -55.79 10.9372 0
      vertex -55.9392 9.82312 0
    endloop
  endfacet
  facet normal -0 0 -1
    outer loop
      vertex -55.79 10.9372 0
      vertex -56.2727 9.88945 0
      vertex -56.0129 11.0129 0
    endloop
  endfacet
  facet normal 0 0 -1
    outer loop
      vertex -56.5946 9.99872 0
      vertex -56.0129 11.0129 0
      vertex -56.2727 9.88945 0
    endloop
  endfacet
  facet normal -0 0 -1
    outer loop
      vertex -56.0129 11.0129 0
      vertex -56.5946 9.99872 0
      vertex -56.2241 11.117 0
    endloop
  endfacet
  facet normal 0 0 -1
    outer loop
      vertex -56.8995 10.1491 0
      vertex -56.2241 11.117 0
      vertex -56.5946 9.99872 0
    endloop
  endfacet
  facet normal -0 0 -1
    outer loop
      vertex -56.2241 11.117 0
      vertex -56.8995 10.1491 0
      vertex -56.4199 11.2478 0
    endloop
  endfacet
  facet normal 0 0 -1
    outer loop
      vertex -57.1823 10.338 0
      vertex -56.4199 11.2478 0
      vertex -56.8995 10.1491 0
    endloop
  endfacet
  facet normal -0 0 -1
    outer loop
      vertex -56.4199 11.2478 0
      vertex -57.1823 10.338 0
      vertex -56.5969 11.4031 0
    endloop
  endfacet
  facet normal 0 0 -1
    outer loop
      vertex -57.4379 10.5621 0
      vertex -56.5969 11.4031 0
      vertex -57.1823 10.338 0
    endloop
  endfacet
  facet normal 0 0 -1
    outer loop
      vertex -57.662 10.8177 0
      vertex -56.5969 11.4031 0
      vertex -57.4379 10.5621 0
    endloop
  endfacet
  facet normal -0 0 -1
    outer loop
      vertex -56.5969 11.4031 0
      vertex -57.662 10.8177 0
      vertex -56.7522 11.5801 0
    endloop
  endfacet
  facet normal 0 0 -1
    outer loop
      vertex -57.8509 11.1005 0
      vertex -56.7522 11.5801 0
      vertex -57.662 10.8177 0
    endloop
  endfacet
  facet normal -0 0 -1
    outer loop
      vertex -56.883 11.7759 0
      vertex -58.0013 11.4054 0
      vertex -56.9871 11.9871 0
    endloop
  endfacet
  facet normal 0 0 -1
    outer loop
      vertex -58.0013 11.4054 0
      vertex -56.883 11.7759 0
      vertex -57.8509 11.1005 0
    endloop
  endfacet
  facet normal -0 0 -1
    outer loop
      vertex -56.7522 11.5801 0
      vertex -57.8509 11.1005 0
      vertex -56.883 11.7759 0
    endloop
  endfacet
  facet normal 0 0 -1
    outer loop
      vertex -18.8913 12.4409 0
      vertex -17.8 12.4132 0
      vertex -17.8231 12.0608 0
    endloop
  endfacet
  facet normal 0 0 -1
    outer loop
      vertex -18.8913 12.4409 0
      vertex -17.8231 12.0608 0
      vertex -17.8895 11.7273 0
    endloop
  endfacet
  facet normal 0 0 -1
    outer loop
      vertex -18.8913 12.4409 0
      vertex -17.8895 11.7273 0
      vertex -17.9987 11.4054 0
    endloop
  endfacet
  facet normal 0 0 -1
    outer loop
      vertex -18.8913 12.4409 0
      vertex -17.9987 11.4054 0
      vertex -18.1491 11.1005 0
    endloop
  endfacet
  facet normal 0 0 -1
    outer loop
      vertex -18.8913 12.4409 0
      vertex -18.1491 11.1005 0
      vertex -18.338 10.8177 0
    endloop
  endfacet
  facet normal 0 0 -1
    outer loop
      vertex -18.8913 12.4409 0
      vertex -18.338 10.8177 0
      vertex -18.5621 10.5621 0
    endloop
  endfacet
  facet normal 0 0 -1
    outer loop
      vertex -19.4031 11.4031 0
      vertex -18.5621 10.5621 0
      vertex -18.8177 10.338 0
    endloop
  endfacet
  facet normal 0 0 -1
    outer loop
      vertex -17.8 12.4132 0
      vertex -18.8759 12.6759 0
      vertex -18.8913 12.9108 0
    endloop
  endfacet
  facet normal 0 0 -1
    outer loop
      vertex -17.8 12.4132 0
      vertex -18.8913 12.9108 0
      vertex -18.9372 13.1418 0
    endloop
  endfacet
  facet normal 0 0 -1
    outer loop
      vertex -19.7062 15.6254 0
      vertex -17.8 12.4132 0
      vertex -18.9372 13.1418 0
    endloop
  endfacet
  facet normal 0 0 -1
    outer loop
      vertex -17.8 12.4132 0
      vertex -19.1202 42.2329 0
      vertex -17.8 46.2402 0
    endloop
  endfacet
  facet normal 0 0 -1
    outer loop
      vertex -17.8 46.2402 0
      vertex -19.1202 42.2329 0
      vertex -20.4638 43.5765 0
    endloop
  endfacet
  facet normal 0 0 -1
    outer loop
      vertex -25.7671 48.8797 0
      vertex -21.7598 50.2 0
      vertex -24.4235 47.5362 0
    endloop
  endfacet
  facet normal 0 0 -1
    outer loop
      vertex -38 34.3487 0
      vertex -33.2624 38.6974 0
      vertex -35.4014 35.0381 0
    endloop
  endfacet
  facet normal 0 0 -1
    outer loop
      vertex -38 34.3487 0
      vertex -35.4014 35.0381 0
      vertex -37.0454 33.3941 0
    endloop
  endfacet
  facet normal -0 0 -1
    outer loop
      vertex -33.2624 38.6974 0
      vertex -38 34.3487 0
      vertex -43.1619 40.1116 0
    endloop
  endfacet
  facet normal 0 0 -1
    outer loop
      vertex -43.1619 40.1116 0
      vertex -38 34.3487 0
      vertex -42.3487 30 0
    endloop
  endfacet
  facet normal 0 0 -1
    outer loop
      vertex -33.2624 38.6974 0
      vertex -43.1619 40.1116 0
      vertex -30.434 44.2128 0
    endloop
  endfacet
  facet normal 0 0 -1
    outer loop
      vertex -46.556 43.5057 0
      vertex -30.434 44.2128 0
      vertex -43.1619 40.1116 0
    endloop
  endfacet
  facet normal 0 0 -1
    outer loop
      vertex -50.6641 47.1508 0
      vertex -30.434 44.2128 0
      vertex -46.556 43.5057 0
    endloop
  endfacet
  facet normal 0 0 -1
    outer loop
      vertex -30.434 44.2128 0
      vertex -50.6641 47.1508 0
      vertex -25.7671 48.8797 0
    endloop
  endfacet
  facet normal 0 0 -1
    outer loop
      vertex -50.0302 45.6205 0
      vertex -46.556 43.5057 0
      vertex -50.0028 45.2028 0
    endloop
  endfacet
  facet normal 0 0 -1
    outer loop
      vertex -50.1118 46.031 0
      vertex -46.556 43.5057 0
      vertex -50.0302 45.6205 0
    endloop
  endfacet
  facet normal 0 0 -1
    outer loop
      vertex -50.2464 46.4274 0
      vertex -46.556 43.5057 0
      vertex -50.1118 46.031 0
    endloop
  endfacet
  facet normal 0 0 -1
    outer loop
      vertex -50.4315 46.8028 0
      vertex -46.556 43.5057 0
      vertex -50.2464 46.4274 0
    endloop
  endfacet
  facet normal 0 0 -1
    outer loop
      vertex -50.6641 47.1508 0
      vertex -46.556 43.5057 0
      vertex -50.4315 46.8028 0
    endloop
  endfacet
  facet normal 0 0 -1
    outer loop
      vertex -50.9401 47.4655 0
      vertex -25.7671 48.8797 0
      vertex -50.6641 47.1508 0
    endloop
  endfacet
  facet normal 0 0 -1
    outer loop
      vertex -51.2548 47.7415 0
      vertex -25.7671 48.8797 0
      vertex -50.9401 47.4655 0
    endloop
  endfacet
  facet normal 0 0 -1
    outer loop
      vertex -51.6028 47.9741 0
      vertex -25.7671 48.8797 0
      vertex -51.2548 47.7415 0
    endloop
  endfacet
  facet normal 0 0 -1
    outer loop
      vertex -51.9782 48.1592 0
      vertex -25.7671 48.8797 0
      vertex -51.6028 47.9741 0
    endloop
  endfacet
  facet normal 0 0 -1
    outer loop
      vertex -55.5868 50.2 0
      vertex -25.7671 48.8797 0
      vertex -51.9782 48.1592 0
    endloop
  endfacet
  facet normal 0 0 -1
    outer loop
      vertex -55.5868 50.2 0
      vertex -51.9782 48.1592 0
      vertex -52.3746 48.2938 0
    endloop
  endfacet
  facet normal 0 0 -1
    outer loop
      vertex -55.5868 50.2 0
      vertex -52.3746 48.2938 0
      vertex -54.8582 49.0628 0
    endloop
  endfacet
  facet normal 0 0 -1
    outer loop
      vertex -55.5868 50.2 0
      vertex -54.8582 49.0628 0
      vertex -55.0892 49.1087 0
    endloop
  endfacet
  facet normal 0 0 -1
    outer loop
      vertex -55.5868 50.2 0
      vertex -55.0892 49.1087 0
      vertex -55.3241 49.1241 0
    endloop
  endfacet
  facet normal 0 0 -1
    outer loop
      vertex -25.7671 48.8797 0
      vertex -55.5868 50.2 0
      vertex -21.7598 50.2 0
    endloop
  endfacet
  facet normal 0 0 -1
    outer loop
      vertex -55.5591 49.1087 0
      vertex -55.5868 50.2 0
      vertex -55.3241 49.1241 0
    endloop
  endfacet
  facet normal 0 0 -1
    outer loop
      vertex -55.9392 50.1769 0
      vertex -55.5591 49.1087 0
      vertex -55.79 49.0628 0
    endloop
  endfacet
  facet normal 0 0 -1
    outer loop
      vertex -55.5591 49.1087 0
      vertex -55.9392 50.1769 0
      vertex -55.5868 50.2 0
    endloop
  endfacet
  facet normal 0 0 -1
    outer loop
      vertex -56.2727 50.1105 0
      vertex -55.79 49.0628 0
      vertex -56.0129 48.9871 0
    endloop
  endfacet
  facet normal 0 0 -1
    outer loop
      vertex -56.5946 50.0013 0
      vertex -56.0129 48.9871 0
      vertex -56.2241 48.883 0
    endloop
  endfacet
  facet normal 0 0 -1
    outer loop
      vertex -55.79 49.0628 0
      vertex -56.2727 50.1105 0
      vertex -55.9392 50.1769 0
    endloop
  endfacet
  facet normal 0 0 -1
    outer loop
      vertex -56.8995 49.8509 0
      vertex -56.2241 48.883 0
      vertex -56.4199 48.7522 0
    endloop
  endfacet
  facet normal 0 0 -1
    outer loop
      vertex -56.0129 48.9871 0
      vertex -56.5946 50.0013 0
      vertex -56.2727 50.1105 0
    endloop
  endfacet
  facet normal 0 0 -1
    outer loop
      vertex -57.1823 49.662 0
      vertex -56.4199 48.7522 0
      vertex -56.5969 48.5969 0
    endloop
  endfacet
  facet normal 0 0 -1
    outer loop
      vertex -57.662 49.1823 0
      vertex -56.5969 48.5969 0
      vertex -56.7522 48.4199 0
    endloop
  endfacet
  facet normal 0 0 -1
    outer loop
      vertex -57.8509 48.8995 0
      vertex -56.7522 48.4199 0
      vertex -56.883 48.2241 0
    endloop
  endfacet
  facet normal 0 0 -1
    outer loop
      vertex -56.2241 48.883 0
      vertex -56.8995 49.8509 0
      vertex -56.5946 50.0013 0
    endloop
  endfacet
  facet normal 0 0 -1
    outer loop
      vertex -58.0013 48.5946 0
      vertex -56.883 48.2241 0
      vertex -56.9871 48.0129 0
    endloop
  endfacet
  facet normal 0 0 -1
    outer loop
      vertex -58.1105 48.2727 0
      vertex -56.9871 48.0129 0
      vertex -57.0628 47.79 0
    endloop
  endfacet
  facet normal 0 0 -1
    outer loop
      vertex -58.1769 47.9392 0
      vertex -57.0628 47.79 0
      vertex -57.1087 47.5591 0
    endloop
  endfacet
  facet normal 0 0 -1
    outer loop
      vertex -56.4199 48.7522 0
      vertex -57.1823 49.662 0
      vertex -56.8995 49.8509 0
    endloop
  endfacet
  facet normal 0 0 -1
    outer loop
      vertex -58.2 47.5868 0
      vertex -57.1087 47.5591 0
      vertex -57.1241 47.3241 0
    endloop
  endfacet
  facet normal -0 0 -1
    outer loop
      vertex -57.1241 12.6759 0
      vertex -58.2 12.4132 0
      vertex -57.1241 47.3241 0
    endloop
  endfacet
  facet normal 0 0 -1
    outer loop
      vertex -58.1105 11.7273 0
      vertex -56.9871 11.9871 0
      vertex -58.0013 11.4054 0
    endloop
  endfacet
  facet normal 0 0 -1
    outer loop
      vertex -58.2 47.5868 0
      vertex -57.1241 47.3241 0
      vertex -58.2 12.4132 0
    endloop
  endfacet
  facet normal -0 0 -1
    outer loop
      vertex -56.9871 11.9871 0
      vertex -58.1105 11.7273 0
      vertex -57.0628 12.21 0
    endloop
  endfacet
  facet normal 0 0 -1
    outer loop
      vertex -57.1087 47.5591 0
      vertex -58.2 47.5868 0
      vertex -58.1769 47.9392 0
    endloop
  endfacet
  facet normal 0 0 -1
    outer loop
      vertex -58.1769 12.0608 0
      vertex -57.0628 12.21 0
      vertex -58.1105 11.7273 0
    endloop
  endfacet
  facet normal 0 0 -1
    outer loop
      vertex -56.5969 48.5969 0
      vertex -57.4379 49.4379 0
      vertex -57.1823 49.662 0
    endloop
  endfacet
  facet normal -0 0 -1
    outer loop
      vertex -57.0628 12.21 0
      vertex -58.1769 12.0608 0
      vertex -57.1087 12.4409 0
    endloop
  endfacet
  facet normal 0 0 -1
    outer loop
      vertex -56.5969 48.5969 0
      vertex -57.662 49.1823 0
      vertex -57.4379 49.4379 0
    endloop
  endfacet
  facet normal 0 0 -1
    outer loop
      vertex -58.2 12.4132 0
      vertex -57.1087 12.4409 0
      vertex -58.1769 12.0608 0
    endloop
  endfacet
  facet normal 0 0 -1
    outer loop
      vertex -56.7522 48.4199 0
      vertex -57.8509 48.8995 0
      vertex -57.662 49.1823 0
    endloop
  endfacet
  facet normal -0 0 -1
    outer loop
      vertex -57.1087 12.4409 0
      vertex -58.2 12.4132 0
      vertex -57.1241 12.6759 0
    endloop
  endfacet
  facet normal 0 0 -1
    outer loop
      vertex -56.883 48.2241 0
      vertex -58.0013 48.5946 0
      vertex -57.8509 48.8995 0
    endloop
  endfacet
  facet normal 0 0 -1
    outer loop
      vertex -56.9871 48.0129 0
      vertex -58.1105 48.2727 0
      vertex -58.0013 48.5946 0
    endloop
  endfacet
  facet normal 0 0 -1
    outer loop
      vertex -57.0628 47.79 0
      vertex -58.1769 47.9392 0
      vertex -58.1105 48.2727 0
    endloop
  endfacet
  facet normal 0 0 -1
    outer loop
      vertex -46.556 43.5057 0
      vertex -50.0302 44.7851 0
      vertex -50.0028 45.2028 0
    endloop
  endfacet
  facet normal 0 0 -1
    outer loop
      vertex -46.556 43.5057 0
      vertex -50.1118 44.3746 0
      vertex -50.0302 44.7851 0
    endloop
  endfacet
  facet normal 0 0 -1
    outer loop
      vertex -46.556 43.5057 0
      vertex -50.2464 43.9782 0
      vertex -50.1118 44.3746 0
    endloop
  endfacet
  facet normal 0 0 -1
    outer loop
      vertex -46.556 43.5057 0
      vertex -50.4315 43.6028 0
      vertex -50.2464 43.9782 0
    endloop
  endfacet
  facet normal -0 0 -1
    outer loop
      vertex -46.556 43.5057 0
      vertex -50.6641 43.2548 0
      vertex -50.4315 43.6028 0
    endloop
  endfacet
  facet normal 0 0 -1
    outer loop
      vertex -46.556 43.5057 0
      vertex -50.9401 42.9401 0
      vertex -50.6641 43.2548 0
    endloop
  endfacet
  facet normal 0 0 -1
    outer loop
      vertex -51.5057 38.556 0
      vertex -50.9401 42.9401 0
      vertex -46.556 43.5057 0
    endloop
  endfacet
  facet normal 0 0 -1
    outer loop
      vertex -50.9401 42.9401 0
      vertex -51.5057 38.556 0
      vertex -51.2548 42.6641 0
    endloop
  endfacet
  facet normal 0 0 -1
    outer loop
      vertex -51.5057 38.556 0
      vertex -51.6028 42.4315 0
      vertex -51.2548 42.6641 0
    endloop
  endfacet
  facet normal 0 0 -1
    outer loop
      vertex -52.7851 17.9698 0
      vertex -43.816 26.6236 0
      vertex -52.3746 17.8882 0
    endloop
  endfacet
  facet normal 0 0 -1
    outer loop
      vertex -53.2028 17.9972 0
      vertex -43.816 26.6236 0
      vertex -52.7851 17.9698 0
    endloop
  endfacet
  facet normal 0 0 -1
    outer loop
      vertex -51.5057 38.556 0
      vertex -51.9782 42.2464 0
      vertex -51.6028 42.4315 0
    endloop
  endfacet
  facet normal -0 0 -1
    outer loop
      vertex -43.816 26.6236 0
      vertex -53.2028 17.9972 0
      vertex -48.1116 35.1619 0
    endloop
  endfacet
  facet normal 0 0 -1
    outer loop
      vertex -51.5057 38.556 0
      vertex -52.3746 42.1118 0
      vertex -51.9782 42.2464 0
    endloop
  endfacet
  facet normal 0 0 -1
    outer loop
      vertex -53.6205 17.9698 0
      vertex -48.1116 35.1619 0
      vertex -53.2028 17.9972 0
    endloop
  endfacet
  facet normal 0 0 -1
    outer loop
      vertex -51.5057 38.556 0
      vertex -52.7851 42.0302 0
      vertex -52.3746 42.1118 0
    endloop
  endfacet
  facet normal 0 0 -1
    outer loop
      vertex -54.031 17.8882 0
      vertex -48.1116 35.1619 0
      vertex -53.6205 17.9698 0
    endloop
  endfacet
  facet normal 0 0 -1
    outer loop
      vertex -51.5057 38.556 0
      vertex -53.2028 42.0028 0
      vertex -52.7851 42.0302 0
    endloop
  endfacet
  facet normal -0 0 -1
    outer loop
      vertex -48.1116 35.1619 0
      vertex -54.031 17.8882 0
      vertex -51.5057 38.556 0
    endloop
  endfacet
  facet normal 0 0 -1
    outer loop
      vertex -51.5057 38.556 0
      vertex -53.6205 42.0302 0
      vertex -53.2028 42.0028 0
    endloop
  endfacet
  facet normal 0 0 -1
    outer loop
      vertex -54.4274 17.7536 0
      vertex -51.5057 38.556 0
      vertex -54.031 17.8882 0
    endloop
  endfacet
  facet normal 0 0 -1
    outer loop
      vertex -51.5057 38.556 0
      vertex -54.031 42.1118 0
      vertex -53.6205 42.0302 0
    endloop
  endfacet
  facet normal 0 0 -1
    outer loop
      vertex -54.8028 17.5685 0
      vertex -51.5057 38.556 0
      vertex -54.4274 17.7536 0
    endloop
  endfacet
  facet normal 0 0 -1
    outer loop
      vertex -51.5057 38.556 0
      vertex -54.4274 42.2464 0
      vertex -54.031 42.1118 0
    endloop
  endfacet
  facet normal 0 0 -1
    outer loop
      vertex -55.1508 17.3359 0
      vertex -51.5057 38.556 0
      vertex -54.8028 17.5685 0
    endloop
  endfacet
  facet normal 0 0 -1
    outer loop
      vertex -51.5057 38.556 0
      vertex -54.8028 42.4315 0
      vertex -54.4274 42.2464 0
    endloop
  endfacet
  facet normal 0 0 -1
    outer loop
      vertex -55.1508 42.6641 0
      vertex -51.5057 38.556 0
      vertex -55.1508 17.3359 0
    endloop
  endfacet
  facet normal 0 0 -1
    outer loop
      vertex -51.5057 38.556 0
      vertex -55.1508 42.6641 0
      vertex -54.8028 42.4315 0
    endloop
  endfacet
  facet normal 0 0 -1
    outer loop
      vertex -55.4655 17.0599 0
      vertex -55.1508 42.6641 0
      vertex -55.1508 17.3359 0
    endloop
  endfacet
  facet normal 0 0 -1
    outer loop
      vertex -55.4655 17.0599 0
      vertex -55.4655 42.9401 0
      vertex -55.1508 42.6641 0
    endloop
  endfacet
  facet normal 0 0 -1
    outer loop
      vertex -55.7415 16.7452 0
      vertex -55.4655 42.9401 0
      vertex -55.4655 17.0599 0
    endloop
  endfacet
  facet normal 0 0 -1
    outer loop
      vertex -55.7415 16.7452 0
      vertex -55.7415 43.2548 0
      vertex -55.4655 42.9401 0
    endloop
  endfacet
  facet normal 0 0 -1
    outer loop
      vertex -55.9741 16.3972 0
      vertex -55.7415 43.2548 0
      vertex -55.7415 16.7452 0
    endloop
  endfacet
  facet normal 0 0 -1
    outer loop
      vertex -55.9741 16.3972 0
      vertex -55.9741 43.6028 0
      vertex -55.7415 43.2548 0
    endloop
  endfacet
  facet normal 0 0 -1
    outer loop
      vertex -56.1592 16.0218 0
      vertex -55.9741 43.6028 0
      vertex -55.9741 16.3972 0
    endloop
  endfacet
  facet normal 0 0 -1
    outer loop
      vertex -56.1592 16.0218 0
      vertex -56.1592 43.9782 0
      vertex -55.9741 43.6028 0
    endloop
  endfacet
  facet normal 0 0 -1
    outer loop
      vertex -56.2938 15.6254 0
      vertex -56.1592 43.9782 0
      vertex -56.1592 16.0218 0
    endloop
  endfacet
  facet normal 0 0 -1
    outer loop
      vertex -56.2938 15.6254 0
      vertex -56.2938 44.3746 0
      vertex -56.1592 43.9782 0
    endloop
  endfacet
  facet normal 0 0 -1
    outer loop
      vertex -57.0628 13.1418 0
      vertex -56.2938 44.3746 0
      vertex -56.2938 15.6254 0
    endloop
  endfacet
  facet normal 0 0 -1
    outer loop
      vertex -57.0628 13.1418 0
      vertex -57.0628 46.8582 0
      vertex -56.2938 44.3746 0
    endloop
  endfacet
  facet normal 0 0 -1
    outer loop
      vertex -57.1087 12.9108 0
      vertex -57.0628 46.8582 0
      vertex -57.0628 13.1418 0
    endloop
  endfacet
  facet normal 0 0 -1
    outer loop
      vertex -57.1087 12.9108 0
      vertex -57.1087 47.0892 0
      vertex -57.0628 46.8582 0
    endloop
  endfacet
  facet normal 0 0 -1
    outer loop
      vertex -57.1241 12.6759 0
      vertex -57.1087 47.0892 0
      vertex -57.1087 12.9108 0
    endloop
  endfacet
  facet normal -0 0 -1
    outer loop
      vertex -57.1087 47.0892 0
      vertex -57.1241 12.6759 0
      vertex -57.1241 47.3241 0
    endloop
  endfacet
  facet normal 0 0 -1
    outer loop
      vertex -32.9619 32.5986 0
      vertex -33.6513 30 0
      vertex -34.6059 30.9546 0
    endloop
  endfacet
  facet normal 0 0 -1
    outer loop
      vertex -43.816 26.6236 0
      vertex -42.3487 30 0
      vertex -41.3941 29.0454 0
    endloop
  endfacet
  facet normal 0 0 -1
    outer loop
      vertex -48.1116 35.1619 0
      vertex -42.3487 30 0
      vertex -43.816 26.6236 0
    endloop
  endfacet
  facet normal 0 0 -1
    outer loop
      vertex -42.3487 30 0
      vertex -48.1116 35.1619 0
      vertex -43.1619 40.1116 0
    endloop
  endfacet
  facet normal 0 0 -1
    outer loop
      vertex -50.2464 16.0218 0
      vertex -41.3764 24.184 0
      vertex -50.1118 15.6254 0
    endloop
  endfacet
  facet normal 0 0 -1
    outer loop
      vertex -50.4315 16.3972 0
      vertex -41.3764 24.184 0
      vertex -50.2464 16.0218 0
    endloop
  endfacet
  facet normal 0 0 -1
    outer loop
      vertex -50.6641 16.7452 0
      vertex -41.3764 24.184 0
      vertex -50.4315 16.3972 0
    endloop
  endfacet
  facet normal 0 0 -1
    outer loop
      vertex -50.9401 17.0599 0
      vertex -41.3764 24.184 0
      vertex -50.6641 16.7452 0
    endloop
  endfacet
  facet normal -0 0 -1
    outer loop
      vertex -41.3764 24.184 0
      vertex -50.9401 17.0599 0
      vertex -43.816 26.6236 0
    endloop
  endfacet
  facet normal 0 0 -1
    outer loop
      vertex -51.2548 17.3359 0
      vertex -43.816 26.6236 0
      vertex -50.9401 17.0599 0
    endloop
  endfacet
  facet normal 0 0 -1
    outer loop
      vertex -51.6028 17.5685 0
      vertex -43.816 26.6236 0
      vertex -51.2548 17.3359 0
    endloop
  endfacet
  facet normal 0 0 -1
    outer loop
      vertex -51.9782 17.7536 0
      vertex -43.816 26.6236 0
      vertex -51.6028 17.5685 0
    endloop
  endfacet
  facet normal 0 0 -1
    outer loop
      vertex -52.3746 17.8882 0
      vertex -43.816 26.6236 0
      vertex -51.9782 17.7536 0
    endloop
  endfacet
  facet normal -0.831552 0.555446 0
    outer loop
      vertex -57.8509 48.8995 0
      vertex -57.662 49.1823 0.4
      vertex -57.662 49.1823 0
    endloop
  endfacet
  facet normal -0.831552 0.555446 0
    outer loop
      vertex -57.662 49.1823 0.4
      vertex -57.8509 48.8995 0
      vertex -57.8509 48.8995 0.4
    endloop
  endfacet
  facet normal -0.321254 0.946993 0
    outer loop
      vertex -56.2727 50.1105 0
      vertex -56.5946 50.0013 0.4
      vertex -56.2727 50.1105 0.4
    endloop
  endfacet
  facet normal -0.321254 0.946993 0
    outer loop
      vertex -56.5946 50.0013 0.4
      vertex -56.2727 50.1105 0
      vertex -56.5946 50.0013 0
    endloop
  endfacet
  facet normal 0.946993 -0.321254 0
    outer loop
      vertex -17.9987 11.4054 0.4
      vertex -17.8895 11.7273 0
      vertex -17.8895 11.7273 0.4
    endloop
  endfacet
  facet normal 0.946993 -0.321254 0
    outer loop
      vertex -17.8895 11.7273 0
      vertex -17.9987 11.4054 0.4
      vertex -17.9987 11.4054 0
    endloop
  endfacet
  facet normal -0.321439 -0.94693 0
    outer loop
      vertex -56.5946 9.99872 0
      vertex -56.2727 9.88945 0.4
      vertex -56.5946 9.99872 0.4
    endloop
  endfacet
  facet normal -0.321439 -0.94693 -0
    outer loop
      vertex -56.2727 9.88945 0.4
      vertex -56.5946 9.99872 0
      vertex -56.2727 9.88945 0
    endloop
  endfacet
  facet normal 0.442336 -0.896849 0
    outer loop
      vertex -19.4054 9.99872 0
      vertex -19.1005 10.1491 0.4
      vertex -19.4054 9.99872 0.4
    endloop
  endfacet
  facet normal 0.442336 -0.896849 0
    outer loop
      vertex -19.1005 10.1491 0.4
      vertex -19.4054 9.99872 0
      vertex -19.1005 10.1491 0
    endloop
  endfacet
  facet normal 0.659254 -0.75192 0
    outer loop
      vertex -18.8177 10.338 0
      vertex -18.5621 10.5621 0.4
      vertex -18.8177 10.338 0.4
    endloop
  endfacet
  facet normal 0.659254 -0.75192 0
    outer loop
      vertex -18.5621 10.5621 0.4
      vertex -18.8177 10.338 0
      vertex -18.5621 10.5621 0
    endloop
  endfacet
  facet normal -0.98075 0.195268 0
    outer loop
      vertex -58.1769 47.9392 0
      vertex -58.1105 48.2727 0.4
      vertex -58.1105 48.2727 0
    endloop
  endfacet
  facet normal -0.98075 0.195268 0
    outer loop
      vertex -58.1105 48.2727 0.4
      vertex -58.1769 47.9392 0
      vertex -58.1769 47.9392 0.4
    endloop
  endfacet
  facet normal -0.659254 -0.75192 0
    outer loop
      vertex -57.4379 10.5621 0
      vertex -57.1823 10.338 0.4
      vertex -57.4379 10.5621 0.4
    endloop
  endfacet
  facet normal -0.659254 -0.75192 -0
    outer loop
      vertex -57.1823 10.338 0.4
      vertex -57.4379 10.5621 0
      vertex -57.1823 10.338 0
    endloop
  endfacet
  facet normal 0.831552 -0.555446 0
    outer loop
      vertex -18.338 10.8177 0.4
      vertex -18.1491 11.1005 0
      vertex -18.1491 11.1005 0.4
    endloop
  endfacet
  facet normal 0.831552 -0.555446 0
    outer loop
      vertex -18.1491 11.1005 0
      vertex -18.338 10.8177 0.4
      vertex -18.338 10.8177 0
    endloop
  endfacet
  facet normal -0.195268 0.98075 0
    outer loop
      vertex -55.9392 50.1769 0
      vertex -56.2727 50.1105 0.4
      vertex -55.9392 50.1769 0.4
    endloop
  endfacet
  facet normal -0.195268 0.98075 0
    outer loop
      vertex -56.2727 50.1105 0.4
      vertex -55.9392 50.1769 0
      vertex -56.2727 50.1105 0
    endloop
  endfacet
  facet normal -0.442383 0.896826 0
    outer loop
      vertex -56.5946 50.0013 0
      vertex -56.8995 49.8509 0.4
      vertex -56.5946 50.0013 0.4
    endloop
  endfacet
  facet normal -0.442383 0.896826 0
    outer loop
      vertex -56.8995 49.8509 0.4
      vertex -56.5946 50.0013 0
      vertex -56.8995 49.8509 0
    endloop
  endfacet
  facet normal -0.896826 0.442383 0
    outer loop
      vertex -58.0013 48.5946 0
      vertex -57.8509 48.8995 0.4
      vertex -57.8509 48.8995 0
    endloop
  endfacet
  facet normal -0.896826 0.442383 0
    outer loop
      vertex -57.8509 48.8995 0.4
      vertex -58.0013 48.5946 0
      vertex -58.0013 48.5946 0.4
    endloop
  endfacet
  facet normal -0.75192 0.659254 0
    outer loop
      vertex -57.662 49.1823 0
      vertex -57.4379 49.4379 0.4
      vertex -57.4379 49.4379 0
    endloop
  endfacet
  facet normal -0.75192 0.659254 0
    outer loop
      vertex -57.4379 49.4379 0.4
      vertex -57.662 49.1823 0
      vertex -57.662 49.1823 0.4
    endloop
  endfacet
  facet normal -0.19507 -0.980789 0
    outer loop
      vertex -56.2727 9.88945 0
      vertex -55.9392 9.82312 0.4
      vertex -56.2727 9.88945 0.4
    endloop
  endfacet
  facet normal -0.19507 -0.980789 -0
    outer loop
      vertex -55.9392 9.82312 0.4
      vertex -56.2727 9.88945 0
      vertex -55.9392 9.82312 0
    endloop
  endfacet
  facet normal -0.946993 0.321254 0
    outer loop
      vertex -58.1105 48.2727 0
      vertex -58.0013 48.5946 0.4
      vertex -58.0013 48.5946 0
    endloop
  endfacet
  facet normal -0.946993 0.321254 0
    outer loop
      vertex -58.0013 48.5946 0.4
      vertex -58.1105 48.2727 0
      vertex -58.1105 48.2727 0.4
    endloop
  endfacet
  facet normal -0.831552 -0.555446 0
    outer loop
      vertex -57.662 10.8177 0
      vertex -57.8509 11.1005 0.4
      vertex -57.8509 11.1005 0
    endloop
  endfacet
  facet normal -0.831552 -0.555446 0
    outer loop
      vertex -57.8509 11.1005 0.4
      vertex -57.662 10.8177 0
      vertex -57.662 10.8177 0.4
    endloop
  endfacet
  facet normal -0.997858 -0.0654101 0
    outer loop
      vertex -58.1769 12.0608 0
      vertex -58.2 12.4132 0.4
      vertex -58.2 12.4132 0
    endloop
  endfacet
  facet normal -0.997858 -0.0654101 0
    outer loop
      vertex -58.2 12.4132 0.4
      vertex -58.1769 12.0608 0
      vertex -58.1769 12.0608 0.4
    endloop
  endfacet
  facet normal -0.98075 -0.195268 0
    outer loop
      vertex -58.1105 11.7273 0
      vertex -58.1769 12.0608 0.4
      vertex -58.1769 12.0608 0
    endloop
  endfacet
  facet normal -0.98075 -0.195268 0
    outer loop
      vertex -58.1769 12.0608 0.4
      vertex -58.1105 11.7273 0
      vertex -58.1105 11.7273 0.4
    endloop
  endfacet
  facet normal 0.555446 -0.831552 0
    outer loop
      vertex -19.1005 10.1491 0
      vertex -18.8177 10.338 0.4
      vertex -19.1005 10.1491 0.4
    endloop
  endfacet
  facet normal 0.555446 -0.831552 0
    outer loop
      vertex -18.8177 10.338 0.4
      vertex -19.1005 10.1491 0
      vertex -18.8177 10.338 0
    endloop
  endfacet
  facet normal 0.896826 -0.442383 0
    outer loop
      vertex -18.1491 11.1005 0.4
      vertex -17.9987 11.4054 0
      vertex -17.9987 11.4054 0.4
    endloop
  endfacet
  facet normal 0.896826 -0.442383 0
    outer loop
      vertex -17.9987 11.4054 0
      vertex -18.1491 11.1005 0.4
      vertex -18.1491 11.1005 0
    endloop
  endfacet
  facet normal -0.946993 -0.321254 0
    outer loop
      vertex -58.0013 11.4054 0
      vertex -58.1105 11.7273 0.4
      vertex -58.1105 11.7273 0
    endloop
  endfacet
  facet normal -0.946993 -0.321254 0
    outer loop
      vertex -58.1105 11.7273 0.4
      vertex -58.0013 11.4054 0
      vertex -58.0013 11.4054 0.4
    endloop
  endfacet
  facet normal -0.831388 0.555692 0
    outer loop
      vertex -50.6641 43.2548 0
      vertex -50.4315 43.6028 1.6
      vertex -50.4315 43.6028 0
    endloop
  endfacet
  facet normal -0.831388 0.555692 0
    outer loop
      vertex -50.4315 43.6028 1.6
      vertex -50.6641 43.2548 0
      vertex -50.6641 43.2548 1.6
    endloop
  endfacet
  facet normal -0.997855 0.0654566 0
    outer loop
      vertex -50.0302 44.7851 0
      vertex -50.0028 45.2028 1.6
      vertex -50.0028 45.2028 0
    endloop
  endfacet
  facet normal -0.997855 0.0654566 0
    outer loop
      vertex -50.0028 45.2028 1.6
      vertex -50.0302 44.7851 0
      vertex -50.0302 44.7851 1.6
    endloop
  endfacet
  facet normal -0.751821 0.659367 0
    outer loop
      vertex -50.9401 42.9401 0
      vertex -50.6641 43.2548 1.6
      vertex -50.6641 43.2548 0
    endloop
  endfacet
  facet normal -0.751821 0.659367 0
    outer loop
      vertex -50.6641 43.2548 1.6
      vertex -50.9401 42.9401 0
      vertex -50.9401 42.9401 1.6
    endloop
  endfacet
  facet normal -0.0654566 0.997855 0
    outer loop
      vertex -52.7851 42.0302 0
      vertex -53.2028 42.0028 1.6
      vertex -52.7851 42.0302 1.6
    endloop
  endfacet
  facet normal -0.0654566 0.997855 0
    outer loop
      vertex -53.2028 42.0028 1.6
      vertex -52.7851 42.0302 0
      vertex -53.2028 42.0028 0
    endloop
  endfacet
  facet normal -0.321526 -0.946901 0
    outer loop
      vertex -52.3746 48.2938 0
      vertex -51.9782 48.1592 1.6
      vertex -52.3746 48.2938 1.6
    endloop
  endfacet
  facet normal -0.321526 -0.946901 -0
    outer loop
      vertex -51.9782 48.1592 1.6
      vertex -52.3746 48.2938 0
      vertex -51.9782 48.1592 0
    endloop
  endfacet
  facet normal 0.659367 0.751821 -0
    outer loop
      vertex -55.1508 42.6641 0
      vertex -55.4655 42.9401 1.6
      vertex -55.1508 42.6641 1.6
    endloop
  endfacet
  facet normal 0.659367 0.751821 0
    outer loop
      vertex -55.4655 42.9401 1.6
      vertex -55.1508 42.6641 0
      vertex -55.4655 42.9401 0
    endloop
  endfacet
  facet normal -0.997855 -0.0654566 0
    outer loop
      vertex -50.0028 45.2028 0
      vertex -50.0302 45.6205 1.6
      vertex -50.0302 45.6205 0
    endloop
  endfacet
  facet normal -0.997855 -0.0654566 0
    outer loop
      vertex -50.0302 45.6205 1.6
      vertex -50.0028 45.2028 0
      vertex -50.0028 45.2028 1.6
    endloop
  endfacet
  facet normal 0.659526 -0.751682 0
    outer loop
      vertex -56.5969 48.5969 0
      vertex -56.4199 48.7522 1.6
      vertex -56.5969 48.5969 1.6
    endloop
  endfacet
  facet normal 0.659526 -0.751682 0
    outer loop
      vertex -56.4199 48.7522 1.6
      vertex -56.5969 48.5969 0
      vertex -56.4199 48.7522 0
    endloop
  endfacet
  facet normal 0.442237 0.896898 -0
    outer loop
      vertex -54.4274 42.2464 0
      vertex -54.8028 42.4315 1.6
      vertex -54.4274 42.2464 1.6
    endloop
  endfacet
  facet normal 0.442237 0.896898 0
    outer loop
      vertex -54.8028 42.4315 1.6
      vertex -54.4274 42.2464 0
      vertex -54.8028 42.4315 0
    endloop
  endfacet
  facet normal -0.295777 -0.955257 0
    outer loop
      vertex -54.8582 49.0628 0
      vertex -52.3746 48.2938 1.6
      vertex -54.8582 49.0628 1.6
    endloop
  endfacet
  facet normal -0.295777 -0.955257 -0
    outer loop
      vertex -52.3746 48.2938 1.6
      vertex -54.8582 49.0628 0
      vertex -52.3746 48.2938 0
    endloop
  endfacet
  facet normal 0.980809 -0.194972 0
    outer loop
      vertex -57.1087 47.5591 1.6
      vertex -57.0628 47.79 0
      vertex -57.0628 47.79 1.6
    endloop
  endfacet
  facet normal 0.980809 -0.194972 0
    outer loop
      vertex -57.0628 47.79 0
      vertex -57.1087 47.5591 1.6
      vertex -57.1087 47.5591 0
    endloop
  endfacet
  facet normal 0.946884 -0.321575 0
    outer loop
      vertex -57.0628 47.79 1.6
      vertex -56.9871 48.0129 0
      vertex -56.9871 48.0129 1.6
    endloop
  endfacet
  facet normal 0.946884 -0.321575 0
    outer loop
      vertex -56.9871 48.0129 0
      vertex -57.0628 47.79 1.6
      vertex -57.0628 47.79 0
    endloop
  endfacet
  facet normal 0.0653917 -0.99786 0
    outer loop
      vertex -55.5591 49.1087 0
      vertex -55.3241 49.1241 1.6
      vertex -55.5591 49.1087 1.6
    endloop
  endfacet
  facet normal 0.0653917 -0.99786 0
    outer loop
      vertex -55.3241 49.1241 1.6
      vertex -55.5591 49.1087 0
      vertex -55.3241 49.1241 0
    endloop
  endfacet
  facet normal 0.751682 -0.659526 0
    outer loop
      vertex -56.7522 48.4199 1.6
      vertex -56.5969 48.5969 0
      vertex -56.5969 48.5969 1.6
    endloop
  endfacet
  facet normal 0.751682 -0.659526 0
    outer loop
      vertex -56.5969 48.5969 0
      vertex -56.7522 48.4199 1.6
      vertex -56.7522 48.4199 0
    endloop
  endfacet
  facet normal -0.194891 -0.980825 0
    outer loop
      vertex -55.0892 49.1087 0
      vertex -54.8582 49.0628 1.6
      vertex -55.0892 49.1087 1.6
    endloop
  endfacet
  facet normal -0.194891 -0.980825 -0
    outer loop
      vertex -54.8582 49.0628 1.6
      vertex -55.0892 49.1087 0
      vertex -54.8582 49.0628 0
    endloop
  endfacet
  facet normal 0.980825 0.194891 0
    outer loop
      vertex -57.0628 46.8582 1.6
      vertex -57.1087 47.0892 0
      vertex -57.1087 47.0892 1.6
    endloop
  endfacet
  facet normal 0.980825 0.194891 0
    outer loop
      vertex -57.1087 47.0892 0
      vertex -57.0628 46.8582 1.6
      vertex -57.0628 46.8582 0
    endloop
  endfacet
  facet normal -0.555692 -0.831388 0
    outer loop
      vertex -51.6028 47.9741 0
      vertex -51.2548 47.7415 1.6
      vertex -51.6028 47.9741 1.6
    endloop
  endfacet
  facet normal -0.555692 -0.831388 -0
    outer loop
      vertex -51.2548 47.7415 1.6
      vertex -51.6028 47.9741 0
      vertex -51.2548 47.7415 0
    endloop
  endfacet
  facet normal 0.321575 -0.946884 0
    outer loop
      vertex -56.0129 48.9871 0
      vertex -55.79 49.0628 1.6
      vertex -56.0129 48.9871 1.6
    endloop
  endfacet
  facet normal 0.321575 -0.946884 0
    outer loop
      vertex -55.79 49.0628 1.6
      vertex -56.0129 48.9871 0
      vertex -55.79 49.0628 0
    endloop
  endfacet
  facet normal 0.44211 -0.896961 0
    outer loop
      vertex -56.2241 48.883 0
      vertex -56.0129 48.9871 1.6
      vertex -56.2241 48.883 1.6
    endloop
  endfacet
  facet normal 0.44211 -0.896961 0
    outer loop
      vertex -56.0129 48.9871 1.6
      vertex -56.2241 48.883 0
      vertex -56.0129 48.9871 0
    endloop
  endfacet
  facet normal 0.896961 -0.44211 0
    outer loop
      vertex -56.9871 48.0129 1.6
      vertex -56.883 48.2241 0
      vertex -56.883 48.2241 1.6
    endloop
  endfacet
  facet normal 0.896961 -0.44211 0
    outer loop
      vertex -56.883 48.2241 0
      vertex -56.9871 48.0129 1.6
      vertex -56.9871 48.0129 0
    endloop
  endfacet
  facet normal -0.555692 0.831388 0
    outer loop
      vertex -51.2548 42.6641 0
      vertex -51.6028 42.4315 1.6
      vertex -51.2548 42.6641 1.6
    endloop
  endfacet
  facet normal -0.555692 0.831388 0
    outer loop
      vertex -51.6028 42.4315 1.6
      vertex -51.2548 42.6641 0
      vertex -51.6028 42.4315 0
    endloop
  endfacet
  facet normal 0.194972 -0.980809 0
    outer loop
      vertex -55.79 49.0628 0
      vertex -55.5591 49.1087 1.6
      vertex -55.79 49.0628 1.6
    endloop
  endfacet
  facet normal 0.194972 -0.980809 0
    outer loop
      vertex -55.5591 49.1087 1.6
      vertex -55.79 49.0628 0
      vertex -55.5591 49.1087 0
    endloop
  endfacet
  facet normal 0.955257 0.295777 0
    outer loop
      vertex -56.2938 44.3746 1.6
      vertex -57.0628 46.8582 0
      vertex -57.0628 46.8582 1.6
    endloop
  endfacet
  facet normal 0.955257 0.295777 0
    outer loop
      vertex -57.0628 46.8582 0
      vertex -56.2938 44.3746 1.6
      vertex -56.2938 44.3746 0
    endloop
  endfacet
  facet normal -0.442237 0.896898 0
    outer loop
      vertex -51.6028 42.4315 0
      vertex -51.9782 42.2464 1.6
      vertex -51.6028 42.4315 1.6
    endloop
  endfacet
  facet normal -0.442237 0.896898 0
    outer loop
      vertex -51.9782 42.2464 1.6
      vertex -51.6028 42.4315 0
      vertex -51.9782 42.2464 0
    endloop
  endfacet
  facet normal -0.442237 -0.896898 0
    outer loop
      vertex -51.9782 48.1592 0
      vertex -51.6028 47.9741 1.6
      vertex -51.9782 48.1592 1.6
    endloop
  endfacet
  facet normal -0.442237 -0.896898 -0
    outer loop
      vertex -51.6028 47.9741 1.6
      vertex -51.9782 48.1592 0
      vertex -51.6028 47.9741 0
    endloop
  endfacet
  facet normal -0.194967 0.98081 0
    outer loop
      vertex -52.3746 42.1118 0
      vertex -52.7851 42.0302 1.6
      vertex -52.3746 42.1118 1.6
    endloop
  endfacet
  facet normal -0.194967 0.98081 0
    outer loop
      vertex -52.7851 42.0302 1.6
      vertex -52.3746 42.1118 0
      vertex -52.7851 42.0302 0
    endloop
  endfacet
  facet normal 0.555692 0.831388 -0
    outer loop
      vertex -54.8028 42.4315 0
      vertex -55.1508 42.6641 1.6
      vertex -54.8028 42.4315 1.6
    endloop
  endfacet
  facet normal 0.555692 0.831388 0
    outer loop
      vertex -55.1508 42.6641 1.6
      vertex -54.8028 42.4315 0
      vertex -55.1508 42.6641 0
    endloop
  endfacet
  facet normal 0.194967 0.98081 -0
    outer loop
      vertex -53.6205 42.0302 0
      vertex -54.031 42.1118 1.6
      vertex -53.6205 42.0302 1.6
    endloop
  endfacet
  facet normal 0.194967 0.98081 0
    outer loop
      vertex -54.031 42.1118 1.6
      vertex -53.6205 42.0302 0
      vertex -54.031 42.1118 0
    endloop
  endfacet
  facet normal 0.321526 0.946901 -0
    outer loop
      vertex -54.031 42.1118 0
      vertex -54.4274 42.2464 1.6
      vertex -54.031 42.1118 1.6
    endloop
  endfacet
  facet normal 0.321526 0.946901 0
    outer loop
      vertex -54.4274 42.2464 1.6
      vertex -54.031 42.1118 0
      vertex -54.4274 42.2464 0
    endloop
  endfacet
  facet normal -0.896898 -0.442237 0
    outer loop
      vertex -50.2464 46.4274 0
      vertex -50.4315 46.8028 1.6
      vertex -50.4315 46.8028 0
    endloop
  endfacet
  facet normal -0.896898 -0.442237 0
    outer loop
      vertex -50.4315 46.8028 1.6
      vertex -50.2464 46.4274 0
      vertex -50.2464 46.4274 1.6
    endloop
  endfacet
  facet normal -0.321526 0.946901 0
    outer loop
      vertex -51.9782 42.2464 0
      vertex -52.3746 42.1118 1.6
      vertex -51.9782 42.2464 1.6
    endloop
  endfacet
  facet normal -0.321526 0.946901 0
    outer loop
      vertex -52.3746 42.1118 1.6
      vertex -51.9782 42.2464 0
      vertex -52.3746 42.1118 0
    endloop
  endfacet
  facet normal 0.831527 -0.555484 0
    outer loop
      vertex -56.883 48.2241 1.6
      vertex -56.7522 48.4199 0
      vertex -56.7522 48.4199 1.6
    endloop
  endfacet
  facet normal 0.831527 -0.555484 0
    outer loop
      vertex -56.7522 48.4199 0
      vertex -56.883 48.2241 1.6
      vertex -56.883 48.2241 0
    endloop
  endfacet
  facet normal 0.946901 0.321526 0
    outer loop
      vertex -56.1592 43.9782 1.6
      vertex -56.2938 44.3746 0
      vertex -56.2938 44.3746 1.6
    endloop
  endfacet
  facet normal 0.946901 0.321526 0
    outer loop
      vertex -56.2938 44.3746 0
      vertex -56.1592 43.9782 1.6
      vertex -56.1592 43.9782 0
    endloop
  endfacet
  facet normal -0.831388 -0.555692 0
    outer loop
      vertex -50.4315 46.8028 0
      vertex -50.6641 47.1508 1.6
      vertex -50.6641 47.1508 0
    endloop
  endfacet
  facet normal -0.831388 -0.555692 0
    outer loop
      vertex -50.6641 47.1508 1.6
      vertex -50.4315 46.8028 0
      vertex -50.4315 46.8028 1.6
    endloop
  endfacet
  facet normal -0.946901 -0.321526 0
    outer loop
      vertex -50.1118 46.031 0
      vertex -50.2464 46.4274 1.6
      vertex -50.2464 46.4274 0
    endloop
  endfacet
  facet normal -0.946901 -0.321526 0
    outer loop
      vertex -50.2464 46.4274 1.6
      vertex -50.1118 46.031 0
      vertex -50.1118 46.031 1.6
    endloop
  endfacet
  facet normal 0.555484 -0.831527 0
    outer loop
      vertex -56.4199 48.7522 0
      vertex -56.2241 48.883 1.6
      vertex -56.4199 48.7522 1.6
    endloop
  endfacet
  facet normal 0.555484 -0.831527 0
    outer loop
      vertex -56.2241 48.883 1.6
      vertex -56.4199 48.7522 0
      vertex -56.2241 48.883 0
    endloop
  endfacet
  facet normal 0.0654566 0.997855 -0
    outer loop
      vertex -53.2028 42.0028 0
      vertex -53.6205 42.0302 1.6
      vertex -53.2028 42.0028 1.6
    endloop
  endfacet
  facet normal 0.0654566 0.997855 0
    outer loop
      vertex -53.6205 42.0302 1.6
      vertex -53.2028 42.0028 0
      vertex -53.6205 42.0302 0
    endloop
  endfacet
  facet normal -0.98081 -0.194967 0
    outer loop
      vertex -50.0302 45.6205 0
      vertex -50.1118 46.031 1.6
      vertex -50.1118 46.031 0
    endloop
  endfacet
  facet normal -0.98081 -0.194967 0
    outer loop
      vertex -50.1118 46.031 1.6
      vertex -50.0302 45.6205 0
      vertex -50.0302 45.6205 1.6
    endloop
  endfacet
  facet normal -0.659367 0.751821 0
    outer loop
      vertex -50.9401 42.9401 0
      vertex -51.2548 42.6641 1.6
      vertex -50.9401 42.9401 1.6
    endloop
  endfacet
  facet normal -0.659367 0.751821 0
    outer loop
      vertex -51.2548 42.6641 1.6
      vertex -50.9401 42.9401 0
      vertex -51.2548 42.6641 0
    endloop
  endfacet
  facet normal -0.0654194 -0.997858 0
    outer loop
      vertex -55.3241 49.1241 0
      vertex -55.0892 49.1087 1.6
      vertex -55.3241 49.1241 1.6
    endloop
  endfacet
  facet normal -0.0654194 -0.997858 -0
    outer loop
      vertex -55.0892 49.1087 1.6
      vertex -55.3241 49.1241 0
      vertex -55.0892 49.1087 0
    endloop
  endfacet
  facet normal 0.831388 0.555692 0
    outer loop
      vertex -55.7415 43.2548 1.6
      vertex -55.9741 43.6028 0
      vertex -55.9741 43.6028 1.6
    endloop
  endfacet
  facet normal 0.831388 0.555692 0
    outer loop
      vertex -55.9741 43.6028 0
      vertex -55.7415 43.2548 1.6
      vertex -55.7415 43.2548 0
    endloop
  endfacet
  facet normal -0.659367 -0.751821 0
    outer loop
      vertex -51.2548 47.7415 0
      vertex -50.9401 47.4655 1.6
      vertex -51.2548 47.7415 1.6
    endloop
  endfacet
  facet normal -0.659367 -0.751821 -0
    outer loop
      vertex -50.9401 47.4655 1.6
      vertex -51.2548 47.7415 0
      vertex -50.9401 47.4655 0
    endloop
  endfacet
  facet normal 0.896898 0.442237 0
    outer loop
      vertex -55.9741 43.6028 1.6
      vertex -56.1592 43.9782 0
      vertex -56.1592 43.9782 1.6
    endloop
  endfacet
  facet normal 0.896898 0.442237 0
    outer loop
      vertex -56.1592 43.9782 0
      vertex -55.9741 43.6028 1.6
      vertex -55.9741 43.6028 0
    endloop
  endfacet
  facet normal 0.99786 -0.0653917 0
    outer loop
      vertex -57.1241 47.3241 1.6
      vertex -57.1087 47.5591 0
      vertex -57.1087 47.5591 1.6
    endloop
  endfacet
  facet normal 0.99786 -0.0653917 0
    outer loop
      vertex -57.1087 47.5591 0
      vertex -57.1241 47.3241 1.6
      vertex -57.1241 47.3241 0
    endloop
  endfacet
  facet normal 0.997858 0.0654194 0
    outer loop
      vertex -57.1087 47.0892 1.6
      vertex -57.1241 47.3241 0
      vertex -57.1241 47.3241 1.6
    endloop
  endfacet
  facet normal 0.997858 0.0654194 0
    outer loop
      vertex -57.1241 47.3241 0
      vertex -57.1087 47.0892 1.6
      vertex -57.1087 47.0892 0
    endloop
  endfacet
  facet normal 0.751821 0.659367 0
    outer loop
      vertex -55.4655 42.9401 1.6
      vertex -55.7415 43.2548 0
      vertex -55.7415 43.2548 1.6
    endloop
  endfacet
  facet normal 0.751821 0.659367 0
    outer loop
      vertex -55.7415 43.2548 0
      vertex -55.4655 42.9401 1.6
      vertex -55.4655 42.9401 0
    endloop
  endfacet
  facet normal -0.751821 -0.659367 0
    outer loop
      vertex -50.6641 47.1508 0
      vertex -50.9401 47.4655 1.6
      vertex -50.9401 47.4655 0
    endloop
  endfacet
  facet normal -0.751821 -0.659367 0
    outer loop
      vertex -50.9401 47.4655 1.6
      vertex -50.6641 47.1508 0
      vertex -50.6641 47.1508 1.6
    endloop
  endfacet
  facet normal -0.98081 0.194967 0
    outer loop
      vertex -50.1118 44.3746 0
      vertex -50.0302 44.7851 1.6
      vertex -50.0302 44.7851 0
    endloop
  endfacet
  facet normal -0.98081 0.194967 0
    outer loop
      vertex -50.0302 44.7851 1.6
      vertex -50.1118 44.3746 0
      vertex -50.1118 44.3746 1.6
    endloop
  endfacet
  facet normal -0.946901 0.321526 0
    outer loop
      vertex -50.2464 43.9782 0
      vertex -50.1118 44.3746 1.6
      vertex -50.1118 44.3746 0
    endloop
  endfacet
  facet normal -0.946901 0.321526 0
    outer loop
      vertex -50.1118 44.3746 1.6
      vertex -50.2464 43.9782 0
      vertex -50.2464 43.9782 1.6
    endloop
  endfacet
  facet normal -0.896898 0.442237 0
    outer loop
      vertex -50.4315 43.6028 0
      vertex -50.2464 43.9782 1.6
      vertex -50.2464 43.9782 0
    endloop
  endfacet
  facet normal -0.896898 0.442237 0
    outer loop
      vertex -50.2464 43.9782 1.6
      vertex -50.4315 43.6028 0
      vertex -50.4315 43.6028 1.6
    endloop
  endfacet
  facet normal -0.555692 -0.831388 0
    outer loop
      vertex -51.6028 17.5685 0
      vertex -51.2548 17.3359 1.6
      vertex -51.6028 17.5685 1.6
    endloop
  endfacet
  facet normal -0.555692 -0.831388 -0
    outer loop
      vertex -51.2548 17.3359 1.6
      vertex -51.6028 17.5685 0
      vertex -51.2548 17.3359 0
    endloop
  endfacet
  facet normal 0.555692 -0.831388 0
    outer loop
      vertex -55.1508 17.3359 0
      vertex -54.8028 17.5685 1.6
      vertex -55.1508 17.3359 1.6
    endloop
  endfacet
  facet normal 0.555692 -0.831388 0
    outer loop
      vertex -54.8028 17.5685 1.6
      vertex -55.1508 17.3359 0
      vertex -54.8028 17.5685 0
    endloop
  endfacet
  facet normal -0.659367 -0.751821 0
    outer loop
      vertex -51.2548 17.3359 0
      vertex -50.9401 17.0599 1.6
      vertex -51.2548 17.3359 1.6
    endloop
  endfacet
  facet normal -0.659367 -0.751821 -0
    outer loop
      vertex -50.9401 17.0599 1.6
      vertex -51.2548 17.3359 0
      vertex -50.9401 17.0599 0
    endloop
  endfacet
  facet normal -0.997855 -0.0654566 0
    outer loop
      vertex -50.0028 14.7972 0
      vertex -50.0302 15.2149 1.6
      vertex -50.0302 15.2149 0
    endloop
  endfacet
  facet normal -0.997855 -0.0654566 0
    outer loop
      vertex -50.0302 15.2149 1.6
      vertex -50.0028 14.7972 0
      vertex -50.0028 14.7972 1.6
    endloop
  endfacet
  facet normal -0.0654194 0.997858 0
    outer loop
      vertex -55.0892 10.8913 0
      vertex -55.3241 10.8759 1.6
      vertex -55.0892 10.8913 1.6
    endloop
  endfacet
  facet normal -0.0654194 0.997858 0
    outer loop
      vertex -55.3241 10.8759 1.6
      vertex -55.0892 10.8913 0
      vertex -55.3241 10.8759 0
    endloop
  endfacet
  facet normal 0.946901 -0.321526 0
    outer loop
      vertex -56.2938 15.6254 1.6
      vertex -56.1592 16.0218 0
      vertex -56.1592 16.0218 1.6
    endloop
  endfacet
  facet normal 0.946901 -0.321526 0
    outer loop
      vertex -56.1592 16.0218 0
      vertex -56.2938 15.6254 1.6
      vertex -56.2938 15.6254 0
    endloop
  endfacet
  facet normal 0.194967 -0.98081 0
    outer loop
      vertex -54.031 17.8882 0
      vertex -53.6205 17.9698 1.6
      vertex -54.031 17.8882 1.6
    endloop
  endfacet
  facet normal 0.194967 -0.98081 0
    outer loop
      vertex -53.6205 17.9698 1.6
      vertex -54.031 17.8882 0
      vertex -53.6205 17.9698 0
    endloop
  endfacet
  facet normal -0.751821 0.659367 0
    outer loop
      vertex -50.9401 12.5345 0
      vertex -50.6641 12.8492 1.6
      vertex -50.6641 12.8492 0
    endloop
  endfacet
  facet normal -0.751821 0.659367 0
    outer loop
      vertex -50.6641 12.8492 1.6
      vertex -50.9401 12.5345 0
      vertex -50.9401 12.5345 1.6
    endloop
  endfacet
  facet normal 0.0654566 -0.997855 0
    outer loop
      vertex -53.6205 17.9698 0
      vertex -53.2028 17.9972 1.6
      vertex -53.6205 17.9698 1.6
    endloop
  endfacet
  facet normal 0.0654566 -0.997855 0
    outer loop
      vertex -53.2028 17.9972 1.6
      vertex -53.6205 17.9698 0
      vertex -53.2028 17.9972 0
    endloop
  endfacet
  facet normal 0.751682 0.659526 0
    outer loop
      vertex -56.5969 11.4031 1.6
      vertex -56.7522 11.5801 0
      vertex -56.7522 11.5801 1.6
    endloop
  endfacet
  facet normal 0.751682 0.659526 0
    outer loop
      vertex -56.7522 11.5801 0
      vertex -56.5969 11.4031 1.6
      vertex -56.5969 11.4031 0
    endloop
  endfacet
  facet normal -0.442237 0.896898 0
    outer loop
      vertex -51.6028 12.0259 0
      vertex -51.9782 11.8408 1.6
      vertex -51.6028 12.0259 1.6
    endloop
  endfacet
  facet normal -0.442237 0.896898 0
    outer loop
      vertex -51.9782 11.8408 1.6
      vertex -51.6028 12.0259 0
      vertex -51.9782 11.8408 0
    endloop
  endfacet
  facet normal -0.896898 0.442237 0
    outer loop
      vertex -50.4315 13.1972 0
      vertex -50.2464 13.5726 1.6
      vertex -50.2464 13.5726 0
    endloop
  endfacet
  facet normal -0.896898 0.442237 0
    outer loop
      vertex -50.2464 13.5726 1.6
      vertex -50.4315 13.1972 0
      vertex -50.4315 13.1972 1.6
    endloop
  endfacet
  facet normal 0.955257 -0.295777 0
    outer loop
      vertex -57.0628 13.1418 1.6
      vertex -56.2938 15.6254 0
      vertex -56.2938 15.6254 1.6
    endloop
  endfacet
  facet normal 0.955257 -0.295777 0
    outer loop
      vertex -56.2938 15.6254 0
      vertex -57.0628 13.1418 1.6
      vertex -57.0628 13.1418 0
    endloop
  endfacet
  facet normal 0.194972 0.980809 -0
    outer loop
      vertex -55.5591 10.8913 0
      vertex -55.79 10.9372 1.6
      vertex -55.5591 10.8913 1.6
    endloop
  endfacet
  facet normal 0.194972 0.980809 0
    outer loop
      vertex -55.79 10.9372 1.6
      vertex -55.5591 10.8913 0
      vertex -55.79 10.9372 0
    endloop
  endfacet
  facet normal 0.321575 0.946884 -0
    outer loop
      vertex -55.79 10.9372 0
      vertex -56.0129 11.0129 1.6
      vertex -55.79 10.9372 1.6
    endloop
  endfacet
  facet normal 0.321575 0.946884 0
    outer loop
      vertex -56.0129 11.0129 1.6
      vertex -55.79 10.9372 0
      vertex -56.0129 11.0129 0
    endloop
  endfacet
  facet normal 0.99786 0.0653917 0
    outer loop
      vertex -57.1087 12.4409 1.6
      vertex -57.1241 12.6759 0
      vertex -57.1241 12.6759 1.6
    endloop
  endfacet
  facet normal 0.99786 0.0653917 0
    outer loop
      vertex -57.1241 12.6759 0
      vertex -57.1087 12.4409 1.6
      vertex -57.1087 12.4409 0
    endloop
  endfacet
  facet normal 0.980825 -0.194891 0
    outer loop
      vertex -57.1087 12.9108 1.6
      vertex -57.0628 13.1418 0
      vertex -57.0628 13.1418 1.6
    endloop
  endfacet
  facet normal 0.980825 -0.194891 0
    outer loop
      vertex -57.0628 13.1418 0
      vertex -57.1087 12.9108 1.6
      vertex -57.1087 12.9108 0
    endloop
  endfacet
  facet normal 0.946884 0.321575 0
    outer loop
      vertex -56.9871 11.9871 1.6
      vertex -57.0628 12.21 0
      vertex -57.0628 12.21 1.6
    endloop
  endfacet
  facet normal 0.946884 0.321575 0
    outer loop
      vertex -57.0628 12.21 0
      vertex -56.9871 11.9871 1.6
      vertex -56.9871 11.9871 0
    endloop
  endfacet
  facet normal 0.896961 0.44211 0
    outer loop
      vertex -56.883 11.7759 1.6
      vertex -56.9871 11.9871 0
      vertex -56.9871 11.9871 1.6
    endloop
  endfacet
  facet normal 0.896961 0.44211 0
    outer loop
      vertex -56.9871 11.9871 0
      vertex -56.883 11.7759 1.6
      vertex -56.883 11.7759 0
    endloop
  endfacet
  facet normal 0.555484 0.831527 -0
    outer loop
      vertex -56.2241 11.117 0
      vertex -56.4199 11.2478 1.6
      vertex -56.2241 11.117 1.6
    endloop
  endfacet
  facet normal 0.555484 0.831527 0
    outer loop
      vertex -56.4199 11.2478 1.6
      vertex -56.2241 11.117 0
      vertex -56.4199 11.2478 0
    endloop
  endfacet
  facet normal 0.44211 0.896961 -0
    outer loop
      vertex -56.0129 11.0129 0
      vertex -56.2241 11.117 1.6
      vertex -56.0129 11.0129 1.6
    endloop
  endfacet
  facet normal 0.44211 0.896961 0
    outer loop
      vertex -56.2241 11.117 1.6
      vertex -56.0129 11.0129 0
      vertex -56.2241 11.117 0
    endloop
  endfacet
  facet normal -0.831388 -0.555692 0
    outer loop
      vertex -50.4315 16.3972 0
      vertex -50.6641 16.7452 1.6
      vertex -50.6641 16.7452 0
    endloop
  endfacet
  facet normal -0.831388 -0.555692 0
    outer loop
      vertex -50.6641 16.7452 1.6
      vertex -50.4315 16.3972 0
      vertex -50.4315 16.3972 1.6
    endloop
  endfacet
  facet normal 0.980809 0.194972 0
    outer loop
      vertex -57.0628 12.21 1.6
      vertex -57.1087 12.4409 0
      vertex -57.1087 12.4409 1.6
    endloop
  endfacet
  facet normal 0.980809 0.194972 0
    outer loop
      vertex -57.1087 12.4409 0
      vertex -57.0628 12.21 1.6
      vertex -57.0628 12.21 0
    endloop
  endfacet
  facet normal -0.295777 0.955257 0
    outer loop
      vertex -52.3746 11.7062 0
      vertex -54.8582 10.9372 1.6
      vertex -52.3746 11.7062 1.6
    endloop
  endfacet
  facet normal -0.295777 0.955257 0
    outer loop
      vertex -54.8582 10.9372 1.6
      vertex -52.3746 11.7062 0
      vertex -54.8582 10.9372 0
    endloop
  endfacet
  facet normal -0.321526 0.946901 0
    outer loop
      vertex -51.9782 11.8408 0
      vertex -52.3746 11.7062 1.6
      vertex -51.9782 11.8408 1.6
    endloop
  endfacet
  facet normal -0.321526 0.946901 0
    outer loop
      vertex -52.3746 11.7062 1.6
      vertex -51.9782 11.8408 0
      vertex -52.3746 11.7062 0
    endloop
  endfacet
  facet normal -0.896898 -0.442237 0
    outer loop
      vertex -50.2464 16.0218 0
      vertex -50.4315 16.3972 1.6
      vertex -50.4315 16.3972 0
    endloop
  endfacet
  facet normal -0.896898 -0.442237 0
    outer loop
      vertex -50.4315 16.3972 1.6
      vertex -50.2464 16.0218 0
      vertex -50.2464 16.0218 1.6
    endloop
  endfacet
  facet normal 0.896898 -0.442237 0
    outer loop
      vertex -56.1592 16.0218 1.6
      vertex -55.9741 16.3972 0
      vertex -55.9741 16.3972 1.6
    endloop
  endfacet
  facet normal 0.896898 -0.442237 0
    outer loop
      vertex -55.9741 16.3972 0
      vertex -56.1592 16.0218 1.6
      vertex -56.1592 16.0218 0
    endloop
  endfacet
  facet normal -0.98081 -0.194967 0
    outer loop
      vertex -50.0302 15.2149 0
      vertex -50.1118 15.6254 1.6
      vertex -50.1118 15.6254 0
    endloop
  endfacet
  facet normal -0.98081 -0.194967 0
    outer loop
      vertex -50.1118 15.6254 1.6
      vertex -50.0302 15.2149 0
      vertex -50.0302 15.2149 1.6
    endloop
  endfacet
  facet normal -0.831388 0.555692 0
    outer loop
      vertex -50.6641 12.8492 0
      vertex -50.4315 13.1972 1.6
      vertex -50.4315 13.1972 0
    endloop
  endfacet
  facet normal -0.831388 0.555692 0
    outer loop
      vertex -50.4315 13.1972 1.6
      vertex -50.6641 12.8492 0
      vertex -50.6641 12.8492 1.6
    endloop
  endfacet
  facet normal -0.98081 0.194967 0
    outer loop
      vertex -50.1118 13.969 0
      vertex -50.0302 14.3795 1.6
      vertex -50.0302 14.3795 0
    endloop
  endfacet
  facet normal -0.98081 0.194967 0
    outer loop
      vertex -50.0302 14.3795 1.6
      vertex -50.1118 13.969 0
      vertex -50.1118 13.969 1.6
    endloop
  endfacet
  facet normal -0.946901 0.321526 0
    outer loop
      vertex -50.2464 13.5726 0
      vertex -50.1118 13.969 1.6
      vertex -50.1118 13.969 0
    endloop
  endfacet
  facet normal -0.946901 0.321526 0
    outer loop
      vertex -50.1118 13.969 1.6
      vertex -50.2464 13.5726 0
      vertex -50.2464 13.5726 1.6
    endloop
  endfacet
  facet normal -0.946901 -0.321526 0
    outer loop
      vertex -50.1118 15.6254 0
      vertex -50.2464 16.0218 1.6
      vertex -50.2464 16.0218 0
    endloop
  endfacet
  facet normal -0.946901 -0.321526 0
    outer loop
      vertex -50.2464 16.0218 1.6
      vertex -50.1118 15.6254 0
      vertex -50.1118 15.6254 1.6
    endloop
  endfacet
  facet normal 0.321526 -0.946901 0
    outer loop
      vertex -54.4274 17.7536 0
      vertex -54.031 17.8882 1.6
      vertex -54.4274 17.7536 1.6
    endloop
  endfacet
  facet normal 0.321526 -0.946901 0
    outer loop
      vertex -54.031 17.8882 1.6
      vertex -54.4274 17.7536 0
      vertex -54.031 17.8882 0
    endloop
  endfacet
  facet normal 0.831388 -0.555692 0
    outer loop
      vertex -55.9741 16.3972 1.6
      vertex -55.7415 16.7452 0
      vertex -55.7415 16.7452 1.6
    endloop
  endfacet
  facet normal 0.831388 -0.555692 0
    outer loop
      vertex -55.7415 16.7452 0
      vertex -55.9741 16.3972 1.6
      vertex -55.9741 16.3972 0
    endloop
  endfacet
  facet normal 0.831527 0.555484 0
    outer loop
      vertex -56.7522 11.5801 1.6
      vertex -56.883 11.7759 0
      vertex -56.883 11.7759 1.6
    endloop
  endfacet
  facet normal 0.831527 0.555484 0
    outer loop
      vertex -56.883 11.7759 0
      vertex -56.7522 11.5801 1.6
      vertex -56.7522 11.5801 0
    endloop
  endfacet
  facet normal -0.997855 0.0654566 0
    outer loop
      vertex -50.0302 14.3795 0
      vertex -50.0028 14.7972 1.6
      vertex -50.0028 14.7972 0
    endloop
  endfacet
  facet normal -0.997855 0.0654566 0
    outer loop
      vertex -50.0028 14.7972 1.6
      vertex -50.0302 14.3795 0
      vertex -50.0302 14.3795 1.6
    endloop
  endfacet
  facet normal -0.751821 -0.659367 0
    outer loop
      vertex -50.6641 16.7452 0
      vertex -50.9401 17.0599 1.6
      vertex -50.9401 17.0599 0
    endloop
  endfacet
  facet normal -0.751821 -0.659367 0
    outer loop
      vertex -50.9401 17.0599 1.6
      vertex -50.6641 16.7452 0
      vertex -50.6641 16.7452 1.6
    endloop
  endfacet
  facet normal 0.659526 0.751682 -0
    outer loop
      vertex -56.4199 11.2478 0
      vertex -56.5969 11.4031 1.6
      vertex -56.4199 11.2478 1.6
    endloop
  endfacet
  facet normal 0.659526 0.751682 0
    outer loop
      vertex -56.5969 11.4031 1.6
      vertex -56.4199 11.2478 0
      vertex -56.5969 11.4031 0
    endloop
  endfacet
  facet normal 0.997858 -0.0654194 0
    outer loop
      vertex -57.1241 12.6759 1.6
      vertex -57.1087 12.9108 0
      vertex -57.1087 12.9108 1.6
    endloop
  endfacet
  facet normal 0.997858 -0.0654194 0
    outer loop
      vertex -57.1087 12.9108 0
      vertex -57.1241 12.6759 1.6
      vertex -57.1241 12.6759 0
    endloop
  endfacet
  facet normal 0.751821 -0.659367 0
    outer loop
      vertex -55.7415 16.7452 1.6
      vertex -55.4655 17.0599 0
      vertex -55.4655 17.0599 1.6
    endloop
  endfacet
  facet normal 0.751821 -0.659367 0
    outer loop
      vertex -55.4655 17.0599 0
      vertex -55.7415 16.7452 1.6
      vertex -55.7415 16.7452 0
    endloop
  endfacet
  facet normal 0.0653917 0.99786 -0
    outer loop
      vertex -55.3241 10.8759 0
      vertex -55.5591 10.8913 1.6
      vertex -55.3241 10.8759 1.6
    endloop
  endfacet
  facet normal 0.0653917 0.99786 0
    outer loop
      vertex -55.5591 10.8913 1.6
      vertex -55.3241 10.8759 0
      vertex -55.5591 10.8913 0
    endloop
  endfacet
  facet normal 0.442237 -0.896898 0
    outer loop
      vertex -54.8028 17.5685 0
      vertex -54.4274 17.7536 1.6
      vertex -54.8028 17.5685 1.6
    endloop
  endfacet
  facet normal 0.442237 -0.896898 0
    outer loop
      vertex -54.4274 17.7536 1.6
      vertex -54.8028 17.5685 0
      vertex -54.4274 17.7536 0
    endloop
  endfacet
  facet normal -0.0654566 -0.997855 0
    outer loop
      vertex -53.2028 17.9972 0
      vertex -52.7851 17.9698 1.6
      vertex -53.2028 17.9972 1.6
    endloop
  endfacet
  facet normal -0.0654566 -0.997855 -0
    outer loop
      vertex -52.7851 17.9698 1.6
      vertex -53.2028 17.9972 0
      vertex -52.7851 17.9698 0
    endloop
  endfacet
  facet normal -0.321526 -0.946901 0
    outer loop
      vertex -52.3746 17.8882 0
      vertex -51.9782 17.7536 1.6
      vertex -52.3746 17.8882 1.6
    endloop
  endfacet
  facet normal -0.321526 -0.946901 -0
    outer loop
      vertex -51.9782 17.7536 1.6
      vertex -52.3746 17.8882 0
      vertex -51.9782 17.7536 0
    endloop
  endfacet
  facet normal -0.659367 0.751821 0
    outer loop
      vertex -50.9401 12.5345 0
      vertex -51.2548 12.2585 1.6
      vertex -50.9401 12.5345 1.6
    endloop
  endfacet
  facet normal -0.659367 0.751821 0
    outer loop
      vertex -51.2548 12.2585 1.6
      vertex -50.9401 12.5345 0
      vertex -51.2548 12.2585 0
    endloop
  endfacet
  facet normal -0.555692 0.831388 0
    outer loop
      vertex -51.2548 12.2585 0
      vertex -51.6028 12.0259 1.6
      vertex -51.2548 12.2585 1.6
    endloop
  endfacet
  facet normal -0.555692 0.831388 0
    outer loop
      vertex -51.6028 12.0259 1.6
      vertex -51.2548 12.2585 0
      vertex -51.6028 12.0259 0
    endloop
  endfacet
  facet normal 0.659367 -0.751821 0
    outer loop
      vertex -55.4655 17.0599 0
      vertex -55.1508 17.3359 1.6
      vertex -55.4655 17.0599 1.6
    endloop
  endfacet
  facet normal 0.659367 -0.751821 0
    outer loop
      vertex -55.1508 17.3359 1.6
      vertex -55.4655 17.0599 0
      vertex -55.1508 17.3359 0
    endloop
  endfacet
  facet normal -0.194967 -0.98081 0
    outer loop
      vertex -52.7851 17.9698 0
      vertex -52.3746 17.8882 1.6
      vertex -52.7851 17.9698 1.6
    endloop
  endfacet
  facet normal -0.194967 -0.98081 -0
    outer loop
      vertex -52.3746 17.8882 1.6
      vertex -52.7851 17.9698 0
      vertex -52.3746 17.8882 0
    endloop
  endfacet
  facet normal -0.194891 0.980825 0
    outer loop
      vertex -54.8582 10.9372 0
      vertex -55.0892 10.8913 1.6
      vertex -54.8582 10.9372 1.6
    endloop
  endfacet
  facet normal -0.194891 0.980825 0
    outer loop
      vertex -55.0892 10.8913 1.6
      vertex -54.8582 10.9372 0
      vertex -55.0892 10.8913 0
    endloop
  endfacet
  facet normal -0.442237 -0.896898 0
    outer loop
      vertex -51.9782 17.7536 0
      vertex -51.6028 17.5685 1.6
      vertex -51.9782 17.7536 1.6
    endloop
  endfacet
  facet normal -0.442237 -0.896898 -0
    outer loop
      vertex -51.6028 17.5685 1.6
      vertex -51.9782 17.7536 0
      vertex -51.6028 17.5685 0
    endloop
  endfacet
  facet normal 0.831388 -0.555692 0
    outer loop
      vertex -25.5685 16.3972 1.6
      vertex -25.3359 16.7452 0
      vertex -25.3359 16.7452 1.6
    endloop
  endfacet
  facet normal 0.831388 -0.555692 0
    outer loop
      vertex -25.3359 16.7452 0
      vertex -25.5685 16.3972 1.6
      vertex -25.5685 16.3972 0
    endloop
  endfacet
  facet normal 0.831388 0.555692 0
    outer loop
      vertex -25.3359 12.8492 1.6
      vertex -25.5685 13.1972 0
      vertex -25.5685 13.1972 1.6
    endloop
  endfacet
  facet normal 0.831388 0.555692 0
    outer loop
      vertex -25.5685 13.1972 0
      vertex -25.3359 12.8492 1.6
      vertex -25.3359 12.8492 0
    endloop
  endfacet
  facet normal 0.751821 -0.659367 0
    outer loop
      vertex -25.3359 16.7452 1.6
      vertex -25.0599 17.0599 0
      vertex -25.0599 17.0599 1.6
    endloop
  endfacet
  facet normal 0.751821 -0.659367 0
    outer loop
      vertex -25.0599 17.0599 0
      vertex -25.3359 16.7452 1.6
      vertex -25.3359 16.7452 0
    endloop
  endfacet
  facet normal 0.295777 0.955257 -0
    outer loop
      vertex -21.1418 10.9372 0
      vertex -23.6254 11.7062 1.6
      vertex -21.1418 10.9372 1.6
    endloop
  endfacet
  facet normal 0.295777 0.955257 0
    outer loop
      vertex -23.6254 11.7062 1.6
      vertex -21.1418 10.9372 0
      vertex -23.6254 11.7062 0
    endloop
  endfacet
  facet normal -0.997858 -0.0654194 0
    outer loop
      vertex -18.8759 12.6759 0
      vertex -18.8913 12.9108 1.6
      vertex -18.8913 12.9108 0
    endloop
  endfacet
  facet normal -0.997858 -0.0654194 0
    outer loop
      vertex -18.8913 12.9108 1.6
      vertex -18.8759 12.6759 0
      vertex -18.8759 12.6759 1.6
    endloop
  endfacet
  facet normal 0.321526 0.946901 -0
    outer loop
      vertex -23.6254 11.7062 0
      vertex -24.0218 11.8408 1.6
      vertex -23.6254 11.7062 1.6
    endloop
  endfacet
  facet normal 0.321526 0.946901 0
    outer loop
      vertex -24.0218 11.8408 1.6
      vertex -23.6254 11.7062 0
      vertex -24.0218 11.8408 0
    endloop
  endfacet
  facet normal 0.98081 0.194967 0
    outer loop
      vertex -25.8882 13.969 1.6
      vertex -25.9698 14.3795 0
      vertex -25.9698 14.3795 1.6
    endloop
  endfacet
  facet normal 0.98081 0.194967 0
    outer loop
      vertex -25.9698 14.3795 0
      vertex -25.8882 13.969 1.6
      vertex -25.8882 13.969 0
    endloop
  endfacet
  facet normal 0.997855 0.0654566 0
    outer loop
      vertex -25.9698 14.3795 1.6
      vertex -25.9972 14.7972 0
      vertex -25.9972 14.7972 1.6
    endloop
  endfacet
  facet normal 0.997855 0.0654566 0
    outer loop
      vertex -25.9972 14.7972 0
      vertex -25.9698 14.3795 1.6
      vertex -25.9698 14.3795 0
    endloop
  endfacet
  facet normal -0.896898 -0.442237 0
    outer loop
      vertex -19.8408 16.0218 0
      vertex -20.0259 16.3972 1.6
      vertex -20.0259 16.3972 0
    endloop
  endfacet
  facet normal -0.896898 -0.442237 0
    outer loop
      vertex -20.0259 16.3972 1.6
      vertex -19.8408 16.0218 0
      vertex -19.8408 16.0218 1.6
    endloop
  endfacet
  facet normal -0.659367 -0.751821 0
    outer loop
      vertex -20.8492 17.3359 0
      vertex -20.5345 17.0599 1.6
      vertex -20.8492 17.3359 1.6
    endloop
  endfacet
  facet normal -0.659367 -0.751821 -0
    outer loop
      vertex -20.5345 17.0599 1.6
      vertex -20.8492 17.3359 0
      vertex -20.5345 17.0599 0
    endloop
  endfacet
  facet normal -0.442237 -0.896898 0
    outer loop
      vertex -21.5726 17.7536 0
      vertex -21.1972 17.5685 1.6
      vertex -21.5726 17.7536 1.6
    endloop
  endfacet
  facet normal -0.442237 -0.896898 -0
    outer loop
      vertex -21.1972 17.5685 1.6
      vertex -21.5726 17.7536 0
      vertex -21.1972 17.5685 0
    endloop
  endfacet
  facet normal -0.980809 0.194972 0
    outer loop
      vertex -18.9372 12.21 0
      vertex -18.8913 12.4409 1.6
      vertex -18.8913 12.4409 0
    endloop
  endfacet
  facet normal -0.980809 0.194972 0
    outer loop
      vertex -18.8913 12.4409 1.6
      vertex -18.9372 12.21 0
      vertex -18.9372 12.21 1.6
    endloop
  endfacet
  facet normal -0.946884 0.321575 0
    outer loop
      vertex -19.0129 11.9871 0
      vertex -18.9372 12.21 1.6
      vertex -18.9372 12.21 0
    endloop
  endfacet
  facet normal -0.946884 0.321575 0
    outer loop
      vertex -18.9372 12.21 1.6
      vertex -19.0129 11.9871 0
      vertex -19.0129 11.9871 1.6
    endloop
  endfacet
  facet normal -0.321526 -0.946901 0
    outer loop
      vertex -21.969 17.8882 0
      vertex -21.5726 17.7536 1.6
      vertex -21.969 17.8882 1.6
    endloop
  endfacet
  facet normal -0.321526 -0.946901 -0
    outer loop
      vertex -21.5726 17.7536 1.6
      vertex -21.969 17.8882 0
      vertex -21.5726 17.7536 0
    endloop
  endfacet
  facet normal -0.0654566 -0.997855 0
    outer loop
      vertex -22.7972 17.9972 0
      vertex -22.3795 17.9698 1.6
      vertex -22.7972 17.9972 1.6
    endloop
  endfacet
  facet normal -0.0654566 -0.997855 -0
    outer loop
      vertex -22.3795 17.9698 1.6
      vertex -22.7972 17.9972 0
      vertex -22.3795 17.9698 0
    endloop
  endfacet
  facet normal -0.194967 -0.98081 0
    outer loop
      vertex -22.3795 17.9698 0
      vertex -21.969 17.8882 1.6
      vertex -22.3795 17.9698 1.6
    endloop
  endfacet
  facet normal -0.194967 -0.98081 -0
    outer loop
      vertex -21.969 17.8882 1.6
      vertex -22.3795 17.9698 0
      vertex -21.969 17.8882 0
    endloop
  endfacet
  facet normal -0.0653917 0.99786 0
    outer loop
      vertex -20.4409 10.8913 0
      vertex -20.6759 10.8759 1.6
      vertex -20.4409 10.8913 1.6
    endloop
  endfacet
  facet normal -0.0653917 0.99786 0
    outer loop
      vertex -20.6759 10.8759 1.6
      vertex -20.4409 10.8913 0
      vertex -20.6759 10.8759 0
    endloop
  endfacet
  facet normal 0.194891 0.980825 -0
    outer loop
      vertex -20.9108 10.8913 0
      vertex -21.1418 10.9372 1.6
      vertex -20.9108 10.8913 1.6
    endloop
  endfacet
  facet normal 0.194891 0.980825 0
    outer loop
      vertex -21.1418 10.9372 1.6
      vertex -20.9108 10.8913 0
      vertex -21.1418 10.9372 0
    endloop
  endfacet
  facet normal 0.0654566 -0.997855 0
    outer loop
      vertex -23.2149 17.9698 0
      vertex -22.7972 17.9972 1.6
      vertex -23.2149 17.9698 1.6
    endloop
  endfacet
  facet normal 0.0654566 -0.997855 0
    outer loop
      vertex -22.7972 17.9972 1.6
      vertex -23.2149 17.9698 0
      vertex -22.7972 17.9972 0
    endloop
  endfacet
  facet normal -0.659526 0.751682 0
    outer loop
      vertex -19.4031 11.4031 0
      vertex -19.5801 11.2478 1.6
      vertex -19.4031 11.4031 1.6
    endloop
  endfacet
  facet normal -0.659526 0.751682 0
    outer loop
      vertex -19.5801 11.2478 1.6
      vertex -19.4031 11.4031 0
      vertex -19.5801 11.2478 0
    endloop
  endfacet
  facet normal -0.831527 0.555484 0
    outer loop
      vertex -19.2478 11.5801 0
      vertex -19.117 11.7759 1.6
      vertex -19.117 11.7759 0
    endloop
  endfacet
  facet normal -0.831527 0.555484 0
    outer loop
      vertex -19.117 11.7759 1.6
      vertex -19.2478 11.5801 0
      vertex -19.2478 11.5801 1.6
    endloop
  endfacet
  facet normal -0.896961 0.44211 0
    outer loop
      vertex -19.117 11.7759 0
      vertex -19.0129 11.9871 1.6
      vertex -19.0129 11.9871 0
    endloop
  endfacet
  facet normal -0.896961 0.44211 0
    outer loop
      vertex -19.0129 11.9871 1.6
      vertex -19.117 11.7759 0
      vertex -19.117 11.7759 1.6
    endloop
  endfacet
  facet normal -0.194972 0.980809 0
    outer loop
      vertex -20.21 10.9372 0
      vertex -20.4409 10.8913 1.6
      vertex -20.21 10.9372 1.6
    endloop
  endfacet
  facet normal -0.194972 0.980809 0
    outer loop
      vertex -20.4409 10.8913 1.6
      vertex -20.21 10.9372 0
      vertex -20.4409 10.8913 0
    endloop
  endfacet
  facet normal -0.955257 -0.295777 0
    outer loop
      vertex -18.9372 13.1418 0
      vertex -19.7062 15.6254 1.6
      vertex -19.7062 15.6254 0
    endloop
  endfacet
  facet normal -0.955257 -0.295777 0
    outer loop
      vertex -19.7062 15.6254 1.6
      vertex -18.9372 13.1418 0
      vertex -18.9372 13.1418 1.6
    endloop
  endfacet
  facet normal -0.321575 0.946884 0
    outer loop
      vertex -19.9871 11.0129 0
      vertex -20.21 10.9372 1.6
      vertex -19.9871 11.0129 1.6
    endloop
  endfacet
  facet normal -0.321575 0.946884 0
    outer loop
      vertex -20.21 10.9372 1.6
      vertex -19.9871 11.0129 0
      vertex -20.21 10.9372 0
    endloop
  endfacet
  facet normal -0.946901 -0.321526 0
    outer loop
      vertex -19.7062 15.6254 0
      vertex -19.8408 16.0218 1.6
      vertex -19.8408 16.0218 0
    endloop
  endfacet
  facet normal -0.946901 -0.321526 0
    outer loop
      vertex -19.8408 16.0218 1.6
      vertex -19.7062 15.6254 0
      vertex -19.7062 15.6254 1.6
    endloop
  endfacet
  facet normal 0.194967 -0.98081 0
    outer loop
      vertex -23.6254 17.8882 0
      vertex -23.2149 17.9698 1.6
      vertex -23.6254 17.8882 1.6
    endloop
  endfacet
  facet normal 0.194967 -0.98081 0
    outer loop
      vertex -23.2149 17.9698 1.6
      vertex -23.6254 17.8882 0
      vertex -23.2149 17.9698 0
    endloop
  endfacet
  facet normal 0.442237 -0.896898 0
    outer loop
      vertex -24.3972 17.5685 0
      vertex -24.0218 17.7536 1.6
      vertex -24.3972 17.5685 1.6
    endloop
  endfacet
  facet normal 0.442237 -0.896898 0
    outer loop
      vertex -24.0218 17.7536 1.6
      vertex -24.3972 17.5685 0
      vertex -24.0218 17.7536 0
    endloop
  endfacet
  facet normal -0.44211 0.896961 0
    outer loop
      vertex -19.7759 11.117 0
      vertex -19.9871 11.0129 1.6
      vertex -19.7759 11.117 1.6
    endloop
  endfacet
  facet normal -0.44211 0.896961 0
    outer loop
      vertex -19.9871 11.0129 1.6
      vertex -19.7759 11.117 0
      vertex -19.9871 11.0129 0
    endloop
  endfacet
  facet normal -0.555692 -0.831388 0
    outer loop
      vertex -21.1972 17.5685 0
      vertex -20.8492 17.3359 1.6
      vertex -21.1972 17.5685 1.6
    endloop
  endfacet
  facet normal -0.555692 -0.831388 -0
    outer loop
      vertex -20.8492 17.3359 1.6
      vertex -21.1972 17.5685 0
      vertex -20.8492 17.3359 0
    endloop
  endfacet
  facet normal 0.946901 0.321526 0
    outer loop
      vertex -25.7536 13.5726 1.6
      vertex -25.8882 13.969 0
      vertex -25.8882 13.969 1.6
    endloop
  endfacet
  facet normal 0.946901 0.321526 0
    outer loop
      vertex -25.8882 13.969 0
      vertex -25.7536 13.5726 1.6
      vertex -25.7536 13.5726 0
    endloop
  endfacet
  facet normal 0.442237 0.896898 -0
    outer loop
      vertex -24.0218 11.8408 0
      vertex -24.3972 12.0259 1.6
      vertex -24.0218 11.8408 1.6
    endloop
  endfacet
  facet normal 0.442237 0.896898 0
    outer loop
      vertex -24.3972 12.0259 1.6
      vertex -24.0218 11.8408 0
      vertex -24.3972 12.0259 0
    endloop
  endfacet
  facet normal 0.555692 0.831388 -0
    outer loop
      vertex -24.3972 12.0259 0
      vertex -24.7452 12.2585 1.6
      vertex -24.3972 12.0259 1.6
    endloop
  endfacet
  facet normal 0.555692 0.831388 0
    outer loop
      vertex -24.7452 12.2585 1.6
      vertex -24.3972 12.0259 0
      vertex -24.7452 12.2585 0
    endloop
  endfacet
  facet normal -0.555484 0.831527 0
    outer loop
      vertex -19.5801 11.2478 0
      vertex -19.7759 11.117 1.6
      vertex -19.5801 11.2478 1.6
    endloop
  endfacet
  facet normal -0.555484 0.831527 0
    outer loop
      vertex -19.7759 11.117 1.6
      vertex -19.5801 11.2478 0
      vertex -19.7759 11.117 0
    endloop
  endfacet
  facet normal 0.555692 -0.831388 0
    outer loop
      vertex -24.7452 17.3359 0
      vertex -24.3972 17.5685 1.6
      vertex -24.7452 17.3359 1.6
    endloop
  endfacet
  facet normal 0.555692 -0.831388 0
    outer loop
      vertex -24.3972 17.5685 1.6
      vertex -24.7452 17.3359 0
      vertex -24.3972 17.5685 0
    endloop
  endfacet
  facet normal 0.659367 -0.751821 0
    outer loop
      vertex -25.0599 17.0599 0
      vertex -24.7452 17.3359 1.6
      vertex -25.0599 17.0599 1.6
    endloop
  endfacet
  facet normal 0.659367 -0.751821 0
    outer loop
      vertex -24.7452 17.3359 1.6
      vertex -25.0599 17.0599 0
      vertex -24.7452 17.3359 0
    endloop
  endfacet
  facet normal 0.0654194 0.997858 -0
    outer loop
      vertex -20.6759 10.8759 0
      vertex -20.9108 10.8913 1.6
      vertex -20.6759 10.8759 1.6
    endloop
  endfacet
  facet normal 0.0654194 0.997858 0
    outer loop
      vertex -20.9108 10.8913 1.6
      vertex -20.6759 10.8759 0
      vertex -20.9108 10.8913 0
    endloop
  endfacet
  facet normal -0.751682 0.659526 0
    outer loop
      vertex -19.4031 11.4031 0
      vertex -19.2478 11.5801 1.6
      vertex -19.2478 11.5801 0
    endloop
  endfacet
  facet normal -0.751682 0.659526 0
    outer loop
      vertex -19.2478 11.5801 1.6
      vertex -19.4031 11.4031 0
      vertex -19.4031 11.4031 1.6
    endloop
  endfacet
  facet normal -0.831388 -0.555692 0
    outer loop
      vertex -20.0259 16.3972 0
      vertex -20.2585 16.7452 1.6
      vertex -20.2585 16.7452 0
    endloop
  endfacet
  facet normal -0.831388 -0.555692 0
    outer loop
      vertex -20.2585 16.7452 1.6
      vertex -20.0259 16.3972 0
      vertex -20.0259 16.3972 1.6
    endloop
  endfacet
  facet normal 0.321526 -0.946901 0
    outer loop
      vertex -24.0218 17.7536 0
      vertex -23.6254 17.8882 1.6
      vertex -24.0218 17.7536 1.6
    endloop
  endfacet
  facet normal 0.321526 -0.946901 0
    outer loop
      vertex -23.6254 17.8882 1.6
      vertex -24.0218 17.7536 0
      vertex -23.6254 17.8882 0
    endloop
  endfacet
  facet normal 0.659367 0.751821 -0
    outer loop
      vertex -24.7452 12.2585 0
      vertex -25.0599 12.5345 1.6
      vertex -24.7452 12.2585 1.6
    endloop
  endfacet
  facet normal 0.659367 0.751821 0
    outer loop
      vertex -25.0599 12.5345 1.6
      vertex -24.7452 12.2585 0
      vertex -25.0599 12.5345 0
    endloop
  endfacet
  facet normal -0.99786 0.0653917 0
    outer loop
      vertex -18.8913 12.4409 0
      vertex -18.8759 12.6759 1.6
      vertex -18.8759 12.6759 0
    endloop
  endfacet
  facet normal -0.99786 0.0653917 0
    outer loop
      vertex -18.8759 12.6759 1.6
      vertex -18.8913 12.4409 0
      vertex -18.8913 12.4409 1.6
    endloop
  endfacet
  facet normal 0.896898 0.442237 0
    outer loop
      vertex -25.5685 13.1972 1.6
      vertex -25.7536 13.5726 0
      vertex -25.7536 13.5726 1.6
    endloop
  endfacet
  facet normal 0.896898 0.442237 0
    outer loop
      vertex -25.7536 13.5726 0
      vertex -25.5685 13.1972 1.6
      vertex -25.5685 13.1972 0
    endloop
  endfacet
  facet normal 0.997855 -0.0654566 0
    outer loop
      vertex -25.9972 14.7972 1.6
      vertex -25.9698 15.2149 0
      vertex -25.9698 15.2149 1.6
    endloop
  endfacet
  facet normal 0.997855 -0.0654566 0
    outer loop
      vertex -25.9698 15.2149 0
      vertex -25.9972 14.7972 1.6
      vertex -25.9972 14.7972 0
    endloop
  endfacet
  facet normal 0.946901 -0.321526 0
    outer loop
      vertex -25.8882 15.6254 1.6
      vertex -25.7536 16.0218 0
      vertex -25.7536 16.0218 1.6
    endloop
  endfacet
  facet normal 0.946901 -0.321526 0
    outer loop
      vertex -25.7536 16.0218 0
      vertex -25.8882 15.6254 1.6
      vertex -25.8882 15.6254 0
    endloop
  endfacet
  facet normal -0.751821 -0.659367 0
    outer loop
      vertex -20.2585 16.7452 0
      vertex -20.5345 17.0599 1.6
      vertex -20.5345 17.0599 0
    endloop
  endfacet
  facet normal -0.751821 -0.659367 0
    outer loop
      vertex -20.5345 17.0599 1.6
      vertex -20.2585 16.7452 0
      vertex -20.2585 16.7452 1.6
    endloop
  endfacet
  facet normal 0.751821 0.659367 0
    outer loop
      vertex -25.0599 12.5345 1.6
      vertex -25.3359 12.8492 0
      vertex -25.3359 12.8492 1.6
    endloop
  endfacet
  facet normal 0.751821 0.659367 0
    outer loop
      vertex -25.3359 12.8492 0
      vertex -25.0599 12.5345 1.6
      vertex -25.0599 12.5345 0
    endloop
  endfacet
  facet normal 0.98081 -0.194967 0
    outer loop
      vertex -25.9698 15.2149 1.6
      vertex -25.8882 15.6254 0
      vertex -25.8882 15.6254 1.6
    endloop
  endfacet
  facet normal 0.98081 -0.194967 0
    outer loop
      vertex -25.8882 15.6254 0
      vertex -25.9698 15.2149 1.6
      vertex -25.9698 15.2149 0
    endloop
  endfacet
  facet normal -0.980825 -0.194891 0
    outer loop
      vertex -18.8913 12.9108 0
      vertex -18.9372 13.1418 1.6
      vertex -18.9372 13.1418 0
    endloop
  endfacet
  facet normal -0.980825 -0.194891 0
    outer loop
      vertex -18.9372 13.1418 1.6
      vertex -18.8913 12.9108 0
      vertex -18.8913 12.9108 1.6
    endloop
  endfacet
  facet normal 0.896898 -0.442237 0
    outer loop
      vertex -25.7536 16.0218 1.6
      vertex -25.5685 16.3972 0
      vertex -25.5685 16.3972 1.6
    endloop
  endfacet
  facet normal 0.896898 -0.442237 0
    outer loop
      vertex -25.5685 16.3972 0
      vertex -25.7536 16.0218 1.6
      vertex -25.7536 16.0218 0
    endloop
  endfacet
  facet normal -0.707107 -0.707107 0
    outer loop
      vertex -24.4943 21.444 0
      vertex -27.8884 24.8381 1.6
      vertex -27.8884 24.8381 0
    endloop
  endfacet
  facet normal -0.707107 -0.707107 0
    outer loop
      vertex -27.8884 24.8381 1.6
      vertex -24.4943 21.444 0
      vertex -24.4943 21.444 1.6
    endloop
  endfacet
  facet normal 0.707107 0.707107 0
    outer loop
      vertex -29.444 16.4943 1.6
      vertex -32.8381 19.8884 0
      vertex -32.8381 19.8884 1.6
    endloop
  endfacet
  facet normal 0.707107 0.707107 0
    outer loop
      vertex -32.8381 19.8884 0
      vertex -29.444 16.4943 1.6
      vertex -29.444 16.4943 0
    endloop
  endfacet
  facet normal 0.707107 -0.707107 0
    outer loop
      vertex -32.8381 19.8884 1.6
      vertex -27.8884 24.8381 0
      vertex -27.8884 24.8381 1.6
    endloop
  endfacet
  facet normal 0.707107 -0.707107 0
    outer loop
      vertex -27.8884 24.8381 0
      vertex -32.8381 19.8884 1.6
      vertex -32.8381 19.8884 0
    endloop
  endfacet
  facet normal -0.707107 0.707107 0
    outer loop
      vertex -29.444 16.4943 0
      vertex -24.4943 21.444 1.6
      vertex -24.4943 21.444 0
    endloop
  endfacet
  facet normal -0.707107 0.707107 0
    outer loop
      vertex -24.4943 21.444 1.6
      vertex -29.444 16.4943 0
      vertex -29.444 16.4943 1.6
    endloop
  endfacet
  facet normal -0.707107 -0.707107 0
    outer loop
      vertex -43.1619 40.1116 0
      vertex -46.556 43.5057 1.6
      vertex -46.556 43.5057 0
    endloop
  endfacet
  facet normal -0.707107 -0.707107 0
    outer loop
      vertex -46.556 43.5057 1.6
      vertex -43.1619 40.1116 0
      vertex -43.1619 40.1116 1.6
    endloop
  endfacet
  facet normal 0.707107 0.707107 0
    outer loop
      vertex -48.1116 35.1619 1.6
      vertex -51.5057 38.556 0
      vertex -51.5057 38.556 1.6
    endloop
  endfacet
  facet normal 0.707107 0.707107 0
    outer loop
      vertex -51.5057 38.556 0
      vertex -48.1116 35.1619 1.6
      vertex -48.1116 35.1619 0
    endloop
  endfacet
  facet normal 0.707107 -0.707107 0
    outer loop
      vertex -51.5057 38.556 1.6
      vertex -46.556 43.5057 0
      vertex -46.556 43.5057 1.6
    endloop
  endfacet
  facet normal 0.707107 -0.707107 0
    outer loop
      vertex -46.556 43.5057 0
      vertex -51.5057 38.556 1.6
      vertex -51.5057 38.556 0
    endloop
  endfacet
  facet normal -0.707107 0.707107 0
    outer loop
      vertex -48.1116 35.1619 0
      vertex -43.1619 40.1116 1.6
      vertex -43.1619 40.1116 0
    endloop
  endfacet
  facet normal -0.707107 0.707107 0
    outer loop
      vertex -43.1619 40.1116 1.6
      vertex -48.1116 35.1619 0
      vertex -48.1116 35.1619 1.6
    endloop
  endfacet
  facet normal 0.555641 0.831422 -0
    outer loop
      vertex -19.2678 39.6753 1.6
      vertex -19.4309 39.7843 3.59
      vertex -19.2678 39.6753 3.59
    endloop
  endfacet
  facet normal 0.555641 0.831422 0
    outer loop
      vertex -19.4309 39.7843 3.59
      vertex -19.2678 39.6753 1.6
      vertex -19.4309 39.7843 1.6
    endloop
  endfacet
  facet normal 0.659226 0.751945 -0
    outer loop
      vertex -19.1202 39.5459 1.6
      vertex -19.2678 39.6753 3.59
      vertex -19.1202 39.5459 3.59
    endloop
  endfacet
  facet normal 0.659226 0.751945 0
    outer loop
      vertex -19.2678 39.6753 3.59
      vertex -19.1202 39.5459 1.6
      vertex -19.2678 39.6753 1.6
    endloop
  endfacet
  facet normal 0.89686 -0.442315 0
    outer loop
      vertex -18.8819 37.7353 3.59
      vertex -18.7951 37.9113 1.6
      vertex -18.7951 37.9113 3.59
    endloop
  endfacet
  facet normal 0.89686 -0.442315 0
    outer loop
      vertex -18.7951 37.9113 1.6
      vertex -18.8819 37.7353 3.59
      vertex -18.8819 37.7353 1.6
    endloop
  endfacet
  facet normal 0.194743 0.980854 -0
    outer loop
      vertex -19.7927 39.9342 1.6
      vertex -19.9851 39.9724 3.59
      vertex -19.7927 39.9342 3.59
    endloop
  endfacet
  facet normal 0.194743 0.980854 0
    outer loop
      vertex -19.9851 39.9724 3.59
      vertex -19.7927 39.9342 1.6
      vertex -19.9851 39.9724 1.6
    endloop
  endfacet
  facet normal -0.946885 -0.321574 0
    outer loop
      vertex -21.5667 37.9113 1.6
      vertex -21.6298 38.0971 3.59
      vertex -21.6298 38.0971 1.6
    endloop
  endfacet
  facet normal -0.946885 -0.321574 0
    outer loop
      vertex -21.6298 38.0971 3.59
      vertex -21.5667 37.9113 1.6
      vertex -21.5667 37.9113 3.59
    endloop
  endfacet
  facet normal -0.980757 0.195234 0
    outer loop
      vertex -21.6681 38.6811 1.6
      vertex -21.6298 38.8735 3.59
      vertex -21.6298 38.8735 1.6
    endloop
  endfacet
  facet normal -0.980757 0.195234 0
    outer loop
      vertex -21.6298 38.8735 3.59
      vertex -21.6681 38.6811 1.6
      vertex -21.6681 38.6811 3.59
    endloop
  endfacet
  facet normal -0.99787 0.0652336 0
    outer loop
      vertex -21.6809 38.4853 1.6
      vertex -21.6681 38.6811 3.59
      vertex -21.6681 38.6811 1.6
    endloop
  endfacet
  facet normal -0.99787 0.0652336 0
    outer loop
      vertex -21.6681 38.6811 3.59
      vertex -21.6809 38.4853 1.6
      vertex -21.6809 38.4853 3.59
    endloop
  endfacet
  facet normal -0.99787 -0.0652336 0
    outer loop
      vertex -21.6681 38.2895 1.6
      vertex -21.6809 38.4853 3.59
      vertex -21.6809 38.4853 1.6
    endloop
  endfacet
  facet normal -0.99787 -0.0652336 0
    outer loop
      vertex -21.6809 38.4853 3.59
      vertex -21.6681 38.2895 1.6
      vertex -21.6681 38.2895 3.59
    endloop
  endfacet
  facet normal 0.89686 0.442315 0
    outer loop
      vertex -18.7951 39.0593 3.59
      vertex -18.8819 39.2353 1.6
      vertex -18.8819 39.2353 3.59
    endloop
  endfacet
  facet normal 0.89686 0.442315 0
    outer loop
      vertex -18.8819 39.2353 1.6
      vertex -18.7951 39.0593 3.59
      vertex -18.7951 39.0593 1.6
    endloop
  endfacet
  facet normal -0.751976 -0.65919 0
    outer loop
      vertex -21.2416 37.4246 1.6
      vertex -21.3709 37.5721 3.59
      vertex -21.3709 37.5721 1.6
    endloop
  endfacet
  facet normal -0.751976 -0.65919 0
    outer loop
      vertex -21.3709 37.5721 3.59
      vertex -21.2416 37.4246 1.6
      vertex -21.2416 37.4246 3.59
    endloop
  endfacet
  facet normal -0.194743 0.980854 0
    outer loop
      vertex -20.3767 39.9724 1.6
      vertex -20.5691 39.9342 3.59
      vertex -20.3767 39.9724 3.59
    endloop
  endfacet
  facet normal -0.194743 0.980854 0
    outer loop
      vertex -20.5691 39.9342 3.59
      vertex -20.3767 39.9724 1.6
      vertex -20.5691 39.9342 1.6
    endloop
  endfacet
  facet normal 0.441905 -0.897062 0
    outer loop
      vertex -19.6069 37.0995 1.6
      vertex -19.4309 37.1862 3.59
      vertex -19.6069 37.0995 3.59
    endloop
  endfacet
  facet normal 0.441905 -0.897062 0
    outer loop
      vertex -19.4309 37.1862 3.59
      vertex -19.6069 37.0995 1.6
      vertex -19.4309 37.1862 1.6
    endloop
  endfacet
  facet normal 0.83158 -0.555406 0
    outer loop
      vertex -18.9909 37.5721 3.59
      vertex -18.8819 37.7353 1.6
      vertex -18.8819 37.7353 3.59
    endloop
  endfacet
  facet normal 0.83158 -0.555406 0
    outer loop
      vertex -18.8819 37.7353 1.6
      vertex -18.9909 37.5721 3.59
      vertex -18.9909 37.5721 1.6
    endloop
  endfacet
  facet normal -0.89686 0.442315 0
    outer loop
      vertex -21.5667 39.0593 1.6
      vertex -21.4799 39.2353 3.59
      vertex -21.4799 39.2353 1.6
    endloop
  endfacet
  facet normal -0.89686 0.442315 0
    outer loop
      vertex -21.4799 39.2353 3.59
      vertex -21.5667 39.0593 1.6
      vertex -21.5667 39.0593 3.59
    endloop
  endfacet
  facet normal -0.195234 -0.980757 0
    outer loop
      vertex -20.5691 37.0364 1.6
      vertex -20.3767 36.9981 3.59
      vertex -20.5691 37.0364 3.59
    endloop
  endfacet
  facet normal -0.195234 -0.980757 -0
    outer loop
      vertex -20.3767 36.9981 3.59
      vertex -20.5691 37.0364 1.6
      vertex -20.3767 36.9981 1.6
    endloop
  endfacet
  facet normal 0.980757 -0.195234 0
    outer loop
      vertex -18.732 38.0971 3.59
      vertex -18.6937 38.2895 1.6
      vertex -18.6937 38.2895 3.59
    endloop
  endfacet
  facet normal 0.980757 -0.195234 0
    outer loop
      vertex -18.6937 38.2895 1.6
      vertex -18.732 38.0971 3.59
      vertex -18.732 38.0971 1.6
    endloop
  endfacet
  facet normal -0.89686 -0.442315 0
    outer loop
      vertex -21.4799 37.7353 1.6
      vertex -21.5667 37.9113 3.59
      vertex -21.5667 37.9113 1.6
    endloop
  endfacet
  facet normal -0.89686 -0.442315 0
    outer loop
      vertex -21.5667 37.9113 3.59
      vertex -21.4799 37.7353 1.6
      vertex -21.4799 37.7353 3.59
    endloop
  endfacet
  facet normal -0.442315 0.89686 0
    outer loop
      vertex -20.7549 39.8711 1.6
      vertex -20.9309 39.7843 3.59
      vertex -20.7549 39.8711 3.59
    endloop
  endfacet
  facet normal -0.442315 0.89686 0
    outer loop
      vertex -20.9309 39.7843 3.59
      vertex -20.7549 39.8711 1.6
      vertex -20.9309 39.7843 1.6
    endloop
  endfacet
  facet normal -0.659478 0.751724 0
    outer loop
      vertex -21.0941 39.6753 1.6
      vertex -21.2416 39.5459 3.59
      vertex -21.0941 39.6753 3.59
    endloop
  endfacet
  facet normal -0.659478 0.751724 0
    outer loop
      vertex -21.2416 39.5459 3.59
      vertex -21.0941 39.6753 1.6
      vertex -21.2416 39.5459 1.6
    endloop
  endfacet
  facet normal -0.946885 0.321574 0
    outer loop
      vertex -21.6298 38.8735 1.6
      vertex -21.5667 39.0593 3.59
      vertex -21.5667 39.0593 1.6
    endloop
  endfacet
  facet normal -0.946885 0.321574 0
    outer loop
      vertex -21.5667 39.0593 3.59
      vertex -21.6298 38.8735 1.6
      vertex -21.6298 38.8735 3.59
    endloop
  endfacet
  facet normal 0.980757 0.195234 0
    outer loop
      vertex -18.6937 38.6811 3.59
      vertex -18.732 38.8735 1.6
      vertex -18.732 38.8735 3.59
    endloop
  endfacet
  facet normal 0.980757 0.195234 0
    outer loop
      vertex -18.732 38.8735 1.6
      vertex -18.6937 38.6811 3.59
      vertex -18.6937 38.6811 1.6
    endloop
  endfacet
  facet normal -0.65919 -0.751976 0
    outer loop
      vertex -21.2416 37.4246 1.6
      vertex -21.0941 37.2953 3.59
      vertex -21.2416 37.4246 3.59
    endloop
  endfacet
  facet normal -0.65919 -0.751976 -0
    outer loop
      vertex -21.0941 37.2953 3.59
      vertex -21.2416 37.4246 1.6
      vertex -21.0941 37.2953 1.6
    endloop
  endfacet
  facet normal -0.441905 -0.897062 0
    outer loop
      vertex -20.9309 37.1862 1.6
      vertex -20.7549 37.0995 3.59
      vertex -20.9309 37.1862 3.59
    endloop
  endfacet
  facet normal -0.441905 -0.897062 -0
    outer loop
      vertex -20.7549 37.0995 3.59
      vertex -20.9309 37.1862 1.6
      vertex -20.7549 37.0995 1.6
    endloop
  endfacet
  facet normal 0.0652336 -0.99787 0
    outer loop
      vertex -20.1809 36.9853 1.6
      vertex -19.9851 36.9981 3.59
      vertex -20.1809 36.9853 3.59
    endloop
  endfacet
  facet normal 0.0652336 -0.99787 0
    outer loop
      vertex -19.9851 36.9981 3.59
      vertex -20.1809 36.9853 1.6
      vertex -19.9851 36.9981 1.6
    endloop
  endfacet
  facet normal -0.321574 0.946885 0
    outer loop
      vertex -20.5691 39.9342 1.6
      vertex -20.7549 39.8711 3.59
      vertex -20.5691 39.9342 3.59
    endloop
  endfacet
  facet normal -0.321574 0.946885 0
    outer loop
      vertex -20.7549 39.8711 3.59
      vertex -20.5691 39.9342 1.6
      vertex -20.7549 39.8711 1.6
    endloop
  endfacet
  facet normal -0.831422 0.555641 0
    outer loop
      vertex -21.4799 39.2353 1.6
      vertex -21.3709 39.3984 3.59
      vertex -21.3709 39.3984 1.6
    endloop
  endfacet
  facet normal -0.831422 0.555641 0
    outer loop
      vertex -21.3709 39.3984 3.59
      vertex -21.4799 39.2353 1.6
      vertex -21.4799 39.2353 3.59
    endloop
  endfacet
  facet normal 0.065741 0.997837 -0
    outer loop
      vertex -19.9851 39.9724 1.6
      vertex -20.1809 39.9853 3.59
      vertex -19.9851 39.9724 3.59
    endloop
  endfacet
  facet normal 0.065741 0.997837 0
    outer loop
      vertex -20.1809 39.9853 3.59
      vertex -19.9851 39.9724 1.6
      vertex -20.1809 39.9853 1.6
    endloop
  endfacet
  facet normal -0.555406 0.83158 0
    outer loop
      vertex -20.9309 39.7843 1.6
      vertex -21.0941 39.6753 3.59
      vertex -20.9309 39.7843 3.59
    endloop
  endfacet
  facet normal -0.555406 0.83158 0
    outer loop
      vertex -21.0941 39.6753 3.59
      vertex -20.9309 39.7843 1.6
      vertex -21.0941 39.6753 1.6
    endloop
  endfacet
  facet normal 0.99787 0.0652336 0
    outer loop
      vertex -18.6809 38.4853 3.59
      vertex -18.6937 38.6811 1.6
      vertex -18.6937 38.6811 3.59
    endloop
  endfacet
  facet normal 0.99787 0.0652336 0
    outer loop
      vertex -18.6937 38.6811 1.6
      vertex -18.6809 38.4853 3.59
      vertex -18.6809 38.4853 1.6
    endloop
  endfacet
  facet normal 0.321574 -0.946885 0
    outer loop
      vertex -19.7927 37.0364 1.6
      vertex -19.6069 37.0995 3.59
      vertex -19.7927 37.0364 3.59
    endloop
  endfacet
  facet normal 0.321574 -0.946885 0
    outer loop
      vertex -19.6069 37.0995 3.59
      vertex -19.7927 37.0364 1.6
      vertex -19.6069 37.0995 1.6
    endloop
  endfacet
  facet normal -0.751976 0.65919 0
    outer loop
      vertex -21.3709 39.3984 1.6
      vertex -21.2416 39.5459 3.59
      vertex -21.2416 39.5459 1.6
    endloop
  endfacet
  facet normal -0.751976 0.65919 0
    outer loop
      vertex -21.2416 39.5459 3.59
      vertex -21.3709 39.3984 1.6
      vertex -21.3709 39.3984 3.59
    endloop
  endfacet
  facet normal -0.83158 -0.555406 0
    outer loop
      vertex -21.3709 37.5721 1.6
      vertex -21.4799 37.7353 3.59
      vertex -21.4799 37.7353 1.6
    endloop
  endfacet
  facet normal -0.83158 -0.555406 0
    outer loop
      vertex -21.4799 37.7353 3.59
      vertex -21.3709 37.5721 1.6
      vertex -21.3709 37.5721 3.59
    endloop
  endfacet
  facet normal 0.751976 -0.65919 0
    outer loop
      vertex -19.1202 37.4246 3.59
      vertex -18.9909 37.5721 1.6
      vertex -18.9909 37.5721 3.59
    endloop
  endfacet
  facet normal 0.751976 -0.65919 0
    outer loop
      vertex -18.9909 37.5721 1.6
      vertex -19.1202 37.4246 3.59
      vertex -19.1202 37.4246 1.6
    endloop
  endfacet
  facet normal 0.946885 -0.321574 0
    outer loop
      vertex -18.7951 37.9113 3.59
      vertex -18.732 38.0971 1.6
      vertex -18.732 38.0971 3.59
    endloop
  endfacet
  facet normal 0.946885 -0.321574 0
    outer loop
      vertex -18.732 38.0971 1.6
      vertex -18.7951 37.9113 3.59
      vertex -18.7951 37.9113 1.6
    endloop
  endfacet
  facet normal 0.99787 -0.0652336 0
    outer loop
      vertex -18.6937 38.2895 3.59
      vertex -18.6809 38.4853 1.6
      vertex -18.6809 38.4853 3.59
    endloop
  endfacet
  facet normal 0.99787 -0.0652336 0
    outer loop
      vertex -18.6809 38.4853 1.6
      vertex -18.6937 38.2895 3.59
      vertex -18.6937 38.2895 1.6
    endloop
  endfacet
  facet normal -0.321574 -0.946885 0
    outer loop
      vertex -20.7549 37.0995 1.6
      vertex -20.5691 37.0364 3.59
      vertex -20.7549 37.0995 3.59
    endloop
  endfacet
  facet normal -0.321574 -0.946885 -0
    outer loop
      vertex -20.5691 37.0364 3.59
      vertex -20.7549 37.0995 1.6
      vertex -20.5691 37.0364 1.6
    endloop
  endfacet
  facet normal 0.946885 0.321574 0
    outer loop
      vertex -18.732 38.8735 3.59
      vertex -18.7951 39.0593 1.6
      vertex -18.7951 39.0593 3.59
    endloop
  endfacet
  facet normal 0.946885 0.321574 0
    outer loop
      vertex -18.7951 39.0593 1.6
      vertex -18.732 38.8735 3.59
      vertex -18.732 38.8735 1.6
    endloop
  endfacet
  facet normal -0.065741 0.997837 0
    outer loop
      vertex -20.1809 39.9853 1.6
      vertex -20.3767 39.9724 3.59
      vertex -20.1809 39.9853 3.59
    endloop
  endfacet
  facet normal -0.065741 0.997837 0
    outer loop
      vertex -20.3767 39.9724 3.59
      vertex -20.1809 39.9853 1.6
      vertex -20.3767 39.9724 1.6
    endloop
  endfacet
  facet normal 0.751976 0.65919 0
    outer loop
      vertex -18.9909 39.3984 3.59
      vertex -19.1202 39.5459 1.6
      vertex -19.1202 39.5459 3.59
    endloop
  endfacet
  facet normal 0.751976 0.65919 0
    outer loop
      vertex -19.1202 39.5459 1.6
      vertex -18.9909 39.3984 3.59
      vertex -18.9909 39.3984 1.6
    endloop
  endfacet
  facet normal 0.195234 -0.980757 0
    outer loop
      vertex -19.9851 36.9981 1.6
      vertex -19.7927 37.0364 3.59
      vertex -19.9851 36.9981 3.59
    endloop
  endfacet
  facet normal 0.195234 -0.980757 0
    outer loop
      vertex -19.7927 37.0364 3.59
      vertex -19.9851 36.9981 1.6
      vertex -19.7927 37.0364 1.6
    endloop
  endfacet
  facet normal 0.321574 0.946885 -0
    outer loop
      vertex -19.6069 39.8711 1.6
      vertex -19.7927 39.9342 3.59
      vertex -19.6069 39.8711 3.59
    endloop
  endfacet
  facet normal 0.321574 0.946885 0
    outer loop
      vertex -19.7927 39.9342 3.59
      vertex -19.6069 39.8711 1.6
      vertex -19.7927 39.9342 1.6
    endloop
  endfacet
  facet normal 0.831422 0.555641 0
    outer loop
      vertex -18.8819 39.2353 3.59
      vertex -18.9909 39.3984 1.6
      vertex -18.9909 39.3984 3.59
    endloop
  endfacet
  facet normal 0.831422 0.555641 0
    outer loop
      vertex -18.9909 39.3984 1.6
      vertex -18.8819 39.2353 3.59
      vertex -18.8819 39.2353 1.6
    endloop
  endfacet
  facet normal 0.442315 0.89686 -0
    outer loop
      vertex -19.4309 39.7843 1.6
      vertex -19.6069 39.8711 3.59
      vertex -19.4309 39.7843 3.59
    endloop
  endfacet
  facet normal 0.442315 0.89686 0
    outer loop
      vertex -19.6069 39.8711 3.59
      vertex -19.4309 39.7843 1.6
      vertex -19.6069 39.8711 1.6
    endloop
  endfacet
  facet normal -0.555758 -0.831344 0
    outer loop
      vertex -21.0941 37.2953 1.6
      vertex -20.9309 37.1862 3.59
      vertex -21.0941 37.2953 3.59
    endloop
  endfacet
  facet normal -0.555758 -0.831344 -0
    outer loop
      vertex -20.9309 37.1862 3.59
      vertex -21.0941 37.2953 1.6
      vertex -20.9309 37.1862 1.6
    endloop
  endfacet
  facet normal -0.0652336 -0.99787 0
    outer loop
      vertex -20.3767 36.9981 1.6
      vertex -20.1809 36.9853 3.59
      vertex -20.3767 36.9981 3.59
    endloop
  endfacet
  facet normal -0.0652336 -0.99787 -0
    outer loop
      vertex -20.1809 36.9853 3.59
      vertex -20.3767 36.9981 1.6
      vertex -20.1809 36.9853 1.6
    endloop
  endfacet
  facet normal 0.555993 -0.831187 0
    outer loop
      vertex -19.4309 37.1862 1.6
      vertex -19.2678 37.2953 3.59
      vertex -19.4309 37.1862 3.59
    endloop
  endfacet
  facet normal 0.555993 -0.831187 0
    outer loop
      vertex -19.2678 37.2953 3.59
      vertex -19.4309 37.1862 1.6
      vertex -19.2678 37.2953 1.6
    endloop
  endfacet
  facet normal -0.980757 -0.195234 0
    outer loop
      vertex -21.6298 38.0971 1.6
      vertex -21.6681 38.2895 3.59
      vertex -21.6681 38.2895 1.6
    endloop
  endfacet
  facet normal -0.980757 -0.195234 0
    outer loop
      vertex -21.6681 38.2895 3.59
      vertex -21.6298 38.0971 1.6
      vertex -21.6298 38.0971 3.59
    endloop
  endfacet
  facet normal 0.658937 -0.752198 0
    outer loop
      vertex -19.2678 37.2953 1.6
      vertex -19.1202 37.4246 3.59
      vertex -19.2678 37.2953 3.59
    endloop
  endfacet
  facet normal 0.658937 -0.752198 0
    outer loop
      vertex -19.1202 37.4246 3.59
      vertex -19.2678 37.2953 1.6
      vertex -19.1202 37.4246 1.6
    endloop
  endfacet
  facet normal 0.67032 0.227563 -0.706319
    outer loop
      vertex -18.1525 39.0288 4.19
      vertex -18.732 38.8735 3.59
      vertex -18.2408 39.2889 4.19
    endloop
  endfacet
  facet normal -0.6348 -0.313072 -0.70641
    outer loop
      vertex -21.4799 37.7353 3.59
      vertex -22.1211 37.6816 4.19
      vertex -21.5667 37.9113 3.59
    endloop
  endfacet
  facet normal 0.466739 0.532201 -0.70634
    outer loop
      vertex -18.696 39.9702 4.19
      vertex -19.1202 39.5459 3.59
      vertex -18.9025 40.1513 4.19
    endloop
  endfacet
  facet normal 0.466632 0.532264 -0.706364
    outer loop
      vertex -19.1202 39.5459 3.59
      vertex -19.2678 39.6753 3.59
      vertex -18.9025 40.1513 4.19
    endloop
  endfacet
  facet normal -0.670251 0.227625 -0.706364
    outer loop
      vertex -21.6298 38.8735 3.59
      vertex -22.0809 39.2723 4.14655
      vertex -21.5667 39.0593 3.59
    endloop
  endfacet
  facet normal -0.669989 0.228069 -0.70647
    outer loop
      vertex -22.0809 39.2723 4.14655
      vertex -21.6298 38.8735 3.59
      vertex -22.0903 39.2629 4.15243
    endloop
  endfacet
  facet normal 0.670344 -0.227484 -0.706321
    outer loop
      vertex -18.2408 37.6816 4.19
      vertex -18.732 38.0971 3.59
      vertex -18.1525 37.9418 4.19
    endloop
  endfacet
  facet normal -0.7064 0.0461794 -0.706305
    outer loop
      vertex -21.6809 38.4853 3.59
      vertex -22.2629 38.7594 4.19
      vertex -21.6681 38.6811 3.59
    endloop
  endfacet
  facet normal 0.138136 0.694286 -0.706318
    outer loop
      vertex -19.7927 39.9342 3.59
      vertex -19.9068 40.5673 4.19
      vertex -19.6374 40.5137 4.19
    endloop
  endfacet
  facet normal 0.634883 0.313061 -0.70634
    outer loop
      vertex -18.2408 39.2889 4.19
      vertex -18.8819 39.2353 3.59
      vertex -18.3623 39.5353 4.19
    endloop
  endfacet
  facet normal -0.138136 0.694286 -0.706318
    outer loop
      vertex -20.5691 39.9342 3.59
      vertex -20.7244 40.5137 4.19
      vertex -20.455 40.5673 4.19
    endloop
  endfacet
  facet normal 0.634871 0.313107 -0.706331
    outer loop
      vertex -18.7951 39.0593 3.59
      vertex -18.8819 39.2353 3.59
      vertex -18.2408 39.2889 4.19
    endloop
  endfacet
  facet normal -0.313061 -0.634883 -0.70634
    outer loop
      vertex -20.9845 36.5451 4.19
      vertex -21.2309 36.6666 4.19
      vertex -20.9309 37.1862 3.59
    endloop
  endfacet
  facet normal -0.694286 -0.137878 -0.706368
    outer loop
      vertex -22.2094 37.9418 4.19
      vertex -22.2629 38.2112 4.19
      vertex -21.6298 38.0971 3.59
    endloop
  endfacet
  facet normal 0.532206 0.466743 -0.706334
    outer loop
      vertex -18.5149 39.7637 4.19
      vertex -19.1202 39.5459 3.59
      vertex -18.696 39.9702 4.19
    endloop
  endfacet
  facet normal 0.706346 -0.0463853 -0.706346
    outer loop
      vertex -18.0989 38.2112 4.19
      vertex -18.6809 38.4853 3.59
      vertex -18.0809 38.4853 4.19
    endloop
  endfacet
  facet normal 0.0461755 -0.706342 -0.706364
    outer loop
      vertex -19.9068 36.4032 4.19
      vertex -20.1809 36.9853 3.59
      vertex -19.9851 36.9981 3.59
    endloop
  endfacet
  facet normal -0.532102 -0.46691 -0.706302
    outer loop
      vertex -21.6658 37.0004 4.19
      vertex -21.847 37.2069 4.19
      vertex -21.2416 37.4246 3.59
    endloop
  endfacet
  facet normal 0.7064 0.0461794 -0.706305
    outer loop
      vertex -18.6809 38.4853 3.59
      vertex -18.6937 38.6811 3.59
      vertex -18.0989 38.7594 4.19
    endloop
  endfacet
  facet normal -0.138124 -0.694229 -0.706376
    outer loop
      vertex -20.455 36.4032 4.19
      vertex -20.7244 36.4568 4.19
      vertex -20.5691 37.0364 3.59
    endloop
  endfacet
  facet normal 0.227617 -0.670226 -0.70639
    outer loop
      vertex -19.3773 36.5451 4.19
      vertex -19.7927 37.0364 3.59
      vertex -19.6069 37.0995 3.59
    endloop
  endfacet
  facet normal -0.0461755 -0.706342 -0.706364
    outer loop
      vertex -20.1809 36.9853 3.59
      vertex -20.455 36.4032 4.19
      vertex -20.3767 36.9981 3.59
    endloop
  endfacet
  facet normal 0.706346 0.0463853 -0.706346
    outer loop
      vertex -18.0809 38.4853 4.19
      vertex -18.6809 38.4853 3.59
      vertex -18.0989 38.7594 4.19
    endloop
  endfacet
  facet normal 0.532285 0.466606 -0.706365
    outer loop
      vertex -18.9909 39.3984 3.59
      vertex -19.1202 39.5459 3.59
      vertex -18.5149 39.7637 4.19
    endloop
  endfacet
  facet normal -0.694286 -0.138208 -0.706305
    outer loop
      vertex -21.6298 38.0971 3.59
      vertex -22.2629 38.2112 4.19
      vertex -21.6681 38.2895 3.59
    endloop
  endfacet
  facet normal 0.588526 0.393313 -0.706359
    outer loop
      vertex -18.8819 39.2353 3.59
      vertex -18.9909 39.3984 3.59
      vertex -18.5149 39.7637 4.19
    endloop
  endfacet
  facet normal 0.694286 0.138136 -0.706318
    outer loop
      vertex -18.0989 38.7594 4.19
      vertex -18.732 38.8735 3.59
      vertex -18.1525 39.0288 4.19
    endloop
  endfacet
  facet normal -0.3131 0.634857 -0.706347
    outer loop
      vertex -20.9802 40.373 4.14097
      vertex -20.7549 39.8711 3.59
      vertex -20.9309 39.7843 3.59
    endloop
  endfacet
  facet normal -0.314 0.634432 -0.706328
    outer loop
      vertex -20.7549 39.8711 3.59
      vertex -20.9802 40.373 4.14097
      vertex -20.9679 40.3853 4.14655
    endloop
  endfacet
  facet normal -0.634782 -0.313139 -0.706396
    outer loop
      vertex -21.9996 37.4353 4.19
      vertex -22.1211 37.6816 4.19
      vertex -21.4799 37.7353 3.59
    endloop
  endfacet
  facet normal 0.63483 -0.313162 -0.706343
    outer loop
      vertex -18.3623 37.4353 4.19
      vertex -18.8819 37.7353 3.59
      vertex -18.2408 37.6816 4.19
    endloop
  endfacet
  facet normal -0.670242 0.227627 -0.706372
    outer loop
      vertex -22.2094 39.0288 4.19
      vertex -22.0903 39.2629 4.15243
      vertex -21.6298 38.8735 3.59
    endloop
  endfacet
  facet normal -0.670656 0.227915 -0.705887
    outer loop
      vertex -22.0903 39.2629 4.15243
      vertex -22.2094 39.0288 4.19
      vertex -22.1502 39.203 4.19
    endloop
  endfacet
  facet normal -0.706346 -0.0463853 -0.706346
    outer loop
      vertex -22.2629 38.2112 4.19
      vertex -22.2809 38.4853 4.19
      vertex -21.6809 38.4853 3.59
    endloop
  endfacet
  facet normal -0.466603 -0.532281 -0.70637
    outer loop
      vertex -21.0941 37.2953 3.59
      vertex -21.4593 36.8192 4.19
      vertex -21.2416 37.4246 3.59
    endloop
  endfacet
  facet normal 0.312789 -0.634957 -0.706394
    outer loop
      vertex -19.3773 36.5451 4.19
      vertex -19.6069 37.0995 3.59
      vertex -19.4309 37.1862 3.59
    endloop
  endfacet
  facet normal 0.393251 -0.588587 -0.706342
    outer loop
      vertex -19.1309 36.6666 4.19
      vertex -19.4309 37.1862 3.59
      vertex -18.9025 36.8192 4.19
    endloop
  endfacet
  facet normal 0.138124 -0.694229 -0.706376
    outer loop
      vertex -19.6374 36.4568 4.19
      vertex -19.9068 36.4032 4.19
      vertex -19.7927 37.0364 3.59
    endloop
  endfacet
  facet normal -0.670208 -0.227611 -0.706409
    outer loop
      vertex -21.5667 37.9113 3.59
      vertex -22.1211 37.6816 4.19
      vertex -21.6298 38.0971 3.59
    endloop
  endfacet
  facet normal 0.670279 0.227635 -0.706334
    outer loop
      vertex -18.732 38.8735 3.59
      vertex -18.7951 39.0593 3.59
      vertex -18.2408 39.2889 4.19
    endloop
  endfacet
  facet normal 0.694286 -0.138136 -0.706318
    outer loop
      vertex -18.1525 37.9418 4.19
      vertex -18.732 38.0971 3.59
      vertex -18.0989 38.2112 4.19
    endloop
  endfacet
  facet normal 0.588587 0.393251 -0.706342
    outer loop
      vertex -18.3623 39.5353 4.19
      vertex -18.8819 39.2353 3.59
      vertex -18.5149 39.7637 4.19
    endloop
  endfacet
  facet normal -0.227546 -0.670267 -0.706374
    outer loop
      vertex -20.7244 36.4568 4.19
      vertex -20.9845 36.5451 4.19
      vertex -20.5691 37.0364 3.59
    endloop
  endfacet
  facet normal -0.312789 -0.634957 -0.706394
    outer loop
      vertex -20.7549 37.0995 3.59
      vertex -20.9845 36.5451 4.19
      vertex -20.9309 37.1862 3.59
    endloop
  endfacet
  facet normal 0.58867 -0.393168 -0.706319
    outer loop
      vertex -18.5149 37.2069 4.19
      vertex -18.9909 37.5721 3.59
      vertex -18.8819 37.7353 3.59
    endloop
  endfacet
  facet normal 0.532314 -0.466632 -0.706326
    outer loop
      vertex -18.5149 37.2069 4.19
      vertex -19.1202 37.4246 3.59
      vertex -18.9909 37.5721 3.59
    endloop
  endfacet
  facet normal -0.694286 0.137878 -0.706368
    outer loop
      vertex -21.6298 38.8735 3.59
      vertex -22.2629 38.7594 4.19
      vertex -22.2094 39.0288 4.19
    endloop
  endfacet
  facet normal 0.138196 -0.694229 -0.706363
    outer loop
      vertex -19.9068 36.4032 4.19
      vertex -19.9851 36.9981 3.59
      vertex -19.7927 37.0364 3.59
    endloop
  endfacet
  facet normal -0.670291 -0.227466 -0.706377
    outer loop
      vertex -22.1211 37.6816 4.19
      vertex -22.2094 37.9418 4.19
      vertex -21.6298 38.0971 3.59
    endloop
  endfacet
  facet normal 0.46691 -0.532102 -0.706302
    outer loop
      vertex -18.9025 36.8192 4.19
      vertex -19.1202 37.4246 3.59
      vertex -18.696 37.0004 4.19
    endloop
  endfacet
  facet normal 0.227546 -0.670267 -0.706374
    outer loop
      vertex -19.6374 36.4568 4.19
      vertex -19.7927 37.0364 3.59
      vertex -19.3773 36.5451 4.19
    endloop
  endfacet
  facet normal 0.694286 -0.138208 -0.706305
    outer loop
      vertex -18.0989 38.2112 4.19
      vertex -18.732 38.0971 3.59
      vertex -18.6937 38.2895 3.59
    endloop
  endfacet
  facet normal -0.393384 -0.588454 -0.706378
    outer loop
      vertex -20.9309 37.1862 3.59
      vertex -21.4593 36.8192 4.19
      vertex -21.0941 37.2953 3.59
    endloop
  endfacet
  facet normal -0.634825 0.313106 -0.706372
    outer loop
      vertex -21.4799 39.2353 3.59
      vertex -22.0687 39.2845 4.14097
      vertex -21.8844 39.4688 4.05703
    endloop
  endfacet
  facet normal -0.466708 0.5322 -0.706361
    outer loop
      vertex -21.2416 39.5459 3.59
      vertex -21.5244 39.8288 3.99
      vertex -21.3912 39.962 4.00235
    endloop
  endfacet
  facet normal -0.46691 -0.532102 -0.706302
    outer loop
      vertex -21.4593 36.8192 4.19
      vertex -21.6658 37.0004 4.19
      vertex -21.2416 37.4246 3.59
    endloop
  endfacet
  facet normal -0.7064 -0.0461794 -0.706305
    outer loop
      vertex -21.6681 38.2895 3.59
      vertex -22.2629 38.2112 4.19
      vertex -21.6809 38.4853 3.59
    endloop
  endfacet
  facet normal -0.0461282 -0.706354 -0.706354
    outer loop
      vertex -20.1809 36.3853 4.19
      vertex -20.455 36.4032 4.19
      vertex -20.1809 36.9853 3.59
    endloop
  endfacet
  facet normal -0.227625 0.670251 -0.706364
    outer loop
      vertex -20.9679 40.3853 4.14655
      vertex -20.5691 39.9342 3.59
      vertex -20.7549 39.8711 3.59
    endloop
  endfacet
  facet normal -0.228069 0.669989 -0.70647
    outer loop
      vertex -20.5691 39.9342 3.59
      vertex -20.9679 40.3853 4.14655
      vertex -20.9585 40.3947 4.15243
    endloop
  endfacet
  facet normal -0.706346 0.0463853 -0.706346
    outer loop
      vertex -21.6809 38.4853 3.59
      vertex -22.2809 38.4853 4.19
      vertex -22.2629 38.7594 4.19
    endloop
  endfacet
  facet normal -0.588513 0.393304 -0.706374
    outer loop
      vertex -21.7414 39.6118 4.0175
      vertex -21.3709 39.3984 3.59
      vertex -21.4799 39.2353 3.59
    endloop
  endfacet
  facet normal -0.588637 0.393104 -0.706382
    outer loop
      vertex -21.3709 39.3984 3.59
      vertex -21.7414 39.6118 4.0175
      vertex -21.7013 39.6519 4.0064
    endloop
  endfacet
  facet normal 0.532235 -0.466769 -0.706295
    outer loop
      vertex -18.696 37.0004 4.19
      vertex -19.1202 37.4246 3.59
      vertex -18.5149 37.2069 4.19
    endloop
  endfacet
  facet normal 0.694286 0.138208 -0.706305
    outer loop
      vertex -18.6937 38.6811 3.59
      vertex -18.732 38.8735 3.59
      vertex -18.0989 38.7594 4.19
    endloop
  endfacet
  facet normal 0.393529 -0.58831 -0.706418
    outer loop
      vertex -18.9025 36.8192 4.19
      vertex -19.4309 37.1862 3.59
      vertex -19.2678 37.2953 3.59
    endloop
  endfacet
  facet normal 0.313061 -0.634883 -0.70634
    outer loop
      vertex -19.3773 36.5451 4.19
      vertex -19.4309 37.1862 3.59
      vertex -19.1309 36.6666 4.19
    endloop
  endfacet
  facet normal -0.393159 0.588657 -0.706335
    outer loop
      vertex -21.0941 39.6753 3.59
      vertex -21.3074 40.0458 4.0175
      vertex -20.9309 39.7843 3.59
    endloop
  endfacet
  facet normal -0.393146 0.588665 -0.706335
    outer loop
      vertex -21.3074 40.0458 4.0175
      vertex -21.0941 39.6753 3.59
      vertex -21.3475 40.0057 4.0064
    endloop
  endfacet
  facet normal -0.63483 0.313087 -0.706376
    outer loop
      vertex -21.5667 39.0593 3.59
      vertex -22.0687 39.2845 4.14097
      vertex -21.4799 39.2353 3.59
    endloop
  endfacet
  facet normal -0.635261 0.312172 -0.706394
    outer loop
      vertex -22.0687 39.2845 4.14097
      vertex -21.5667 39.0593 3.59
      vertex -22.0809 39.2723 4.14655
    endloop
  endfacet
  facet normal -0.138196 -0.694229 -0.706363
    outer loop
      vertex -20.455 36.4032 4.19
      vertex -20.5691 37.0364 3.59
      vertex -20.3767 36.9981 3.59
    endloop
  endfacet
  facet normal 0.588587 -0.393251 -0.706342
    outer loop
      vertex -18.5149 37.2069 4.19
      vertex -18.8819 37.7353 3.59
      vertex -18.3623 37.4353 4.19
    endloop
  endfacet
  facet normal -0.393251 -0.588587 -0.706342
    outer loop
      vertex -21.2309 36.6666 4.19
      vertex -21.4593 36.8192 4.19
      vertex -20.9309 37.1862 3.59
    endloop
  endfacet
  facet normal 0.7064 -0.0461794 -0.706305
    outer loop
      vertex -18.0989 38.2112 4.19
      vertex -18.6937 38.2895 3.59
      vertex -18.6809 38.4853 3.59
    endloop
  endfacet
  facet normal 0.670261 -0.227629 -0.706353
    outer loop
      vertex -18.2408 37.6816 4.19
      vertex -18.7951 37.9113 3.59
      vertex -18.732 38.0971 3.59
    endloop
  endfacet
  facet normal 0.634848 -0.313095 -0.706357
    outer loop
      vertex -18.2408 37.6816 4.19
      vertex -18.8819 37.7353 3.59
      vertex -18.7951 37.9113 3.59
    endloop
  endfacet
  facet normal -0.532281 -0.466603 -0.70637
    outer loop
      vertex -21.2416 37.4246 3.59
      vertex -21.847 37.2069 4.19
      vertex -21.3709 37.5721 3.59
    endloop
  endfacet
  facet normal 0.466393 -0.532402 -0.706417
    outer loop
      vertex -18.9025 36.8192 4.19
      vertex -19.2678 37.2953 3.59
      vertex -19.1202 37.4246 3.59
    endloop
  endfacet
  facet normal 0.0461282 -0.706354 -0.706354
    outer loop
      vertex -19.9068 36.4032 4.19
      vertex -20.1809 36.3853 4.19
      vertex -20.1809 36.9853 3.59
    endloop
  endfacet
  facet normal -0.393277 0.58854 -0.706367
    outer loop
      vertex -20.9309 39.7843 3.59
      vertex -21.3074 40.0458 4.0175
      vertex -21.1644 40.1888 4.05703
    endloop
  endfacet
  facet normal -0.227411 0.670366 -0.706324
    outer loop
      vertex -20.9585 40.3947 4.15243
      vertex -20.7244 40.5137 4.19
      vertex -20.5691 39.9342 3.59
    endloop
  endfacet
  facet normal -0.227451 0.670424 -0.706256
    outer loop
      vertex -20.7244 40.5137 4.19
      vertex -20.9585 40.3947 4.15243
      vertex -20.8986 40.4546 4.19
    endloop
  endfacet
  facet normal -0.312993 0.634885 -0.706368
    outer loop
      vertex -20.9309 39.7843 3.59
      vertex -21.1644 40.1888 4.05703
      vertex -20.9802 40.373 4.14097
    endloop
  endfacet
  facet normal -0.588547 -0.393223 -0.706391
    outer loop
      vertex -21.847 37.2069 4.19
      vertex -21.9996 37.4353 4.19
      vertex -21.4799 37.7353 3.59
    endloop
  endfacet
  facet normal 0.137847 0.694287 -0.706374
    outer loop
      vertex -19.7927 39.9342 3.59
      vertex -19.9851 39.9724 3.59
      vertex -19.9068 40.5673 4.19
    endloop
  endfacet
  facet normal -0.694286 0.138208 -0.706305
    outer loop
      vertex -21.6681 38.6811 3.59
      vertex -22.2629 38.7594 4.19
      vertex -21.6298 38.8735 3.59
    endloop
  endfacet
  facet normal -0.532206 0.466714 -0.706353
    outer loop
      vertex -21.2416 39.5459 3.59
      vertex -21.6576 39.6956 4.00235
      vertex -21.5244 39.8288 3.99
    endloop
  endfacet
  facet normal -0.58854 0.393277 -0.706367
    outer loop
      vertex -21.4799 39.2353 3.59
      vertex -21.8844 39.4688 4.05703
      vertex -21.7414 39.6118 4.0175
    endloop
  endfacet
  facet normal 0.227563 0.67032 -0.706319
    outer loop
      vertex -19.3773 40.4254 4.19
      vertex -19.7927 39.9342 3.59
      vertex -19.6374 40.5137 4.19
    endloop
  endfacet
  facet normal -0.137847 0.694287 -0.706374
    outer loop
      vertex -20.3767 39.9724 3.59
      vertex -20.5691 39.9342 3.59
      vertex -20.455 40.5673 4.19
    endloop
  endfacet
  facet normal -0.466831 0.532129 -0.706334
    outer loop
      vertex -21.3912 39.962 4.00235
      vertex -21.0941 39.6753 3.59
      vertex -21.2416 39.5459 3.59
    endloop
  endfacet
  facet normal -0.466748 0.532208 -0.706329
    outer loop
      vertex -21.0941 39.6753 3.59
      vertex -21.3912 39.962 4.00235
      vertex -21.3475 40.0057 4.0064
    endloop
  endfacet
  facet normal -0.227617 -0.670226 -0.70639
    outer loop
      vertex -20.5691 37.0364 3.59
      vertex -20.9845 36.5451 4.19
      vertex -20.7549 37.0995 3.59
    endloop
  endfacet
  facet normal 0.313061 0.634883 -0.70634
    outer loop
      vertex -19.1309 40.3039 4.19
      vertex -19.4309 39.7843 3.59
      vertex -19.3773 40.4254 4.19
    endloop
  endfacet
  facet normal 0.393251 0.588587 -0.706342
    outer loop
      vertex -18.9025 40.1513 4.19
      vertex -19.4309 39.7843 3.59
      vertex -19.1309 40.3039 4.19
    endloop
  endfacet
  facet normal -0.588629 -0.393141 -0.706369
    outer loop
      vertex -21.3709 37.5721 3.59
      vertex -21.847 37.2069 4.19
      vertex -21.4799 37.7353 3.59
    endloop
  endfacet
  facet normal -0.0463853 0.706346 -0.706346
    outer loop
      vertex -20.1809 39.9853 3.59
      vertex -20.455 40.5673 4.19
      vertex -20.1809 40.5853 4.19
    endloop
  endfacet
  facet normal -0.532274 0.466597 -0.706379
    outer loop
      vertex -21.3709 39.3984 3.59
      vertex -21.6576 39.6956 4.00235
      vertex -21.2416 39.5459 3.59
    endloop
  endfacet
  facet normal -0.532171 0.466705 -0.706386
    outer loop
      vertex -21.6576 39.6956 4.00235
      vertex -21.3709 39.3984 3.59
      vertex -21.7013 39.6519 4.0064
    endloop
  endfacet
  facet normal 0.0463853 0.706346 -0.706346
    outer loop
      vertex -19.9068 40.5673 4.19
      vertex -20.1809 39.9853 3.59
      vertex -20.1809 40.5853 4.19
    endloop
  endfacet
  facet normal -0.046534 0.706306 -0.706375
    outer loop
      vertex -20.3767 39.9724 3.59
      vertex -20.455 40.5673 4.19
      vertex -20.1809 39.9853 3.59
    endloop
  endfacet
  facet normal 0.046534 0.706306 -0.706375
    outer loop
      vertex -19.9851 39.9724 3.59
      vertex -20.1809 39.9853 3.59
      vertex -19.9068 40.5673 4.19
    endloop
  endfacet
  facet normal 0.227635 0.670279 -0.706334
    outer loop
      vertex -19.6069 39.8711 3.59
      vertex -19.7927 39.9342 3.59
      vertex -19.3773 40.4254 4.19
    endloop
  endfacet
  facet normal 0.393313 0.588526 -0.706359
    outer loop
      vertex -19.2678 39.6753 3.59
      vertex -19.4309 39.7843 3.59
      vertex -18.9025 40.1513 4.19
    endloop
  endfacet
  facet normal 0.313107 0.634871 -0.706331
    outer loop
      vertex -19.4309 39.7843 3.59
      vertex -19.6069 39.8711 3.59
      vertex -19.3773 40.4254 4.19
    endloop
  endfacet
  facet normal 0.997851 0.0655283 0
    outer loop
      vertex -18.0809 38.4853 4.59
      vertex -18.0989 38.7594 4.19
      vertex -18.0989 38.7594 4.59
    endloop
  endfacet
  facet normal 0.997851 0.0655283 0
    outer loop
      vertex -18.0989 38.7594 4.19
      vertex -18.0809 38.4853 4.59
      vertex -18.0809 38.4853 4.19
    endloop
  endfacet
  facet normal 0.55554 0.83149 -0
    outer loop
      vertex -18.9025 40.1513 4.19
      vertex -19.1309 40.3039 4.59
      vertex -18.9025 40.1513 4.59
    endloop
  endfacet
  facet normal 0.55554 0.83149 0
    outer loop
      vertex -19.1309 40.3039 4.59
      vertex -18.9025 40.1513 4.19
      vertex -19.1309 40.3039 4.19
    endloop
  endfacet
  facet normal 0.659355 0.751832 -0
    outer loop
      vertex -18.696 39.9702 4.19
      vertex -18.9025 40.1513 4.59
      vertex -18.696 39.9702 4.59
    endloop
  endfacet
  facet normal 0.659355 0.751832 0
    outer loop
      vertex -18.9025 40.1513 4.59
      vertex -18.696 39.9702 4.19
      vertex -18.9025 40.1513 4.19
    endloop
  endfacet
  facet normal 0.442256 0.896889 -0
    outer loop
      vertex -19.1309 40.3039 4.19
      vertex -19.3773 40.4254 4.59
      vertex -19.1309 40.3039 4.59
    endloop
  endfacet
  facet normal 0.442256 0.896889 0
    outer loop
      vertex -19.3773 40.4254 4.59
      vertex -19.1309 40.3039 4.19
      vertex -19.3773 40.4254 4.19
    endloop
  endfacet
  facet normal 0.195136 0.980776 -0
    outer loop
      vertex -19.6374 40.5137 4.19
      vertex -19.9068 40.5673 4.59
      vertex -19.6374 40.5137 4.59
    endloop
  endfacet
  facet normal 0.195136 0.980776 0
    outer loop
      vertex -19.9068 40.5673 4.59
      vertex -19.6374 40.5137 4.19
      vertex -19.9068 40.5673 4.19
    endloop
  endfacet
  facet normal 0.195136 -0.980776 0
    outer loop
      vertex -19.9068 36.4032 4.19
      vertex -19.6374 36.4568 4.59
      vertex -19.9068 36.4032 4.59
    endloop
  endfacet
  facet normal 0.195136 -0.980776 0
    outer loop
      vertex -19.6374 36.4568 4.59
      vertex -19.9068 36.4032 4.19
      vertex -19.6374 36.4568 4.19
    endloop
  endfacet
  facet normal 0.751832 0.659355 0
    outer loop
      vertex -18.5149 39.7637 4.59
      vertex -18.696 39.9702 4.19
      vertex -18.696 39.9702 4.59
    endloop
  endfacet
  facet normal 0.751832 0.659355 0
    outer loop
      vertex -18.696 39.9702 4.19
      vertex -18.5149 39.7637 4.59
      vertex -18.5149 39.7637 4.19
    endloop
  endfacet
  facet normal 0.321465 0.946921 -0
    outer loop
      vertex -19.3773 40.4254 4.19
      vertex -19.6374 40.5137 4.59
      vertex -19.3773 40.4254 4.59
    endloop
  endfacet
  facet normal 0.321465 0.946921 0
    outer loop
      vertex -19.6374 40.5137 4.59
      vertex -19.3773 40.4254 4.19
      vertex -19.6374 40.5137 4.19
    endloop
  endfacet
  facet normal -0.442256 -0.896889 0
    outer loop
      vertex -21.2309 36.6666 4.19
      vertex -20.9845 36.5451 4.59
      vertex -21.2309 36.6666 4.59
    endloop
  endfacet
  facet normal -0.442256 -0.896889 -0
    outer loop
      vertex -20.9845 36.5451 4.59
      vertex -21.2309 36.6666 4.19
      vertex -20.9845 36.5451 4.19
    endloop
  endfacet
  facet normal -0.83149 -0.55554 0
    outer loop
      vertex -21.847 37.2069 4.19
      vertex -21.9996 37.4353 4.59
      vertex -21.9996 37.4353 4.19
    endloop
  endfacet
  facet normal -0.83149 -0.55554 0
    outer loop
      vertex -21.9996 37.4353 4.59
      vertex -21.847 37.2069 4.19
      vertex -21.847 37.2069 4.59
    endloop
  endfacet
  facet normal 0.0651658 -0.997874 0
    outer loop
      vertex -20.1809 36.3853 4.19
      vertex -19.9068 36.4032 4.59
      vertex -20.1809 36.3853 4.59
    endloop
  endfacet
  facet normal 0.0651658 -0.997874 0
    outer loop
      vertex -19.9068 36.4032 4.59
      vertex -20.1809 36.3853 4.19
      vertex -19.9068 36.4032 4.19
    endloop
  endfacet
  facet normal 0.83149 -0.55554 0
    outer loop
      vertex -18.5149 37.2069 4.59
      vertex -18.3623 37.4353 4.19
      vertex -18.3623 37.4353 4.59
    endloop
  endfacet
  facet normal 0.83149 -0.55554 0
    outer loop
      vertex -18.3623 37.4353 4.19
      vertex -18.5149 37.2069 4.59
      vertex -18.5149 37.2069 4.19
    endloop
  endfacet
  facet normal 0.946959 -0.321355 0
    outer loop
      vertex -18.2408 37.6816 4.59
      vertex -18.1525 37.9418 4.19
      vertex -18.1525 37.9418 4.59
    endloop
  endfacet
  facet normal 0.946959 -0.321355 0
    outer loop
      vertex -18.1525 37.9418 4.19
      vertex -18.2408 37.6816 4.59
      vertex -18.2408 37.6816 4.19
    endloop
  endfacet
  facet normal -0.980846 -0.194786 0
    outer loop
      vertex -22.2094 37.9418 4.19
      vertex -22.2629 38.2112 4.59
      vertex -22.2629 38.2112 4.19
    endloop
  endfacet
  facet normal -0.980846 -0.194786 0
    outer loop
      vertex -22.2629 38.2112 4.59
      vertex -22.2094 37.9418 4.19
      vertex -22.2094 37.9418 4.59
    endloop
  endfacet
  facet normal -0.195136 0.980776 0
    outer loop
      vertex -20.455 40.5673 4.19
      vertex -20.7244 40.5137 4.59
      vertex -20.455 40.5673 4.59
    endloop
  endfacet
  facet normal -0.195136 0.980776 0
    outer loop
      vertex -20.7244 40.5137 4.59
      vertex -20.455 40.5673 4.19
      vertex -20.7244 40.5137 4.19
    endloop
  endfacet
  facet normal 0 0 1
    outer loop
      vertex -18.0989 38.7594 4.59
      vertex -18.0989 38.2112 4.59
      vertex -18.0809 38.4853 4.59
    endloop
  endfacet
  facet normal 0 0 1
    outer loop
      vertex -18.1525 39.0288 4.59
      vertex -18.0989 38.2112 4.59
      vertex -18.0989 38.7594 4.59
    endloop
  endfacet
  facet normal 0 0 1
    outer loop
      vertex -18.1525 39.0288 4.59
      vertex -18.1525 37.9418 4.59
      vertex -18.0989 38.2112 4.59
    endloop
  endfacet
  facet normal 0 0 1
    outer loop
      vertex -18.2408 39.2889 4.59
      vertex -18.1525 37.9418 4.59
      vertex -18.1525 39.0288 4.59
    endloop
  endfacet
  facet normal 0 0 1
    outer loop
      vertex -18.2408 39.2889 4.59
      vertex -18.2408 37.6816 4.59
      vertex -18.1525 37.9418 4.59
    endloop
  endfacet
  facet normal 0 0 1
    outer loop
      vertex -18.3623 39.5353 4.59
      vertex -18.2408 37.6816 4.59
      vertex -18.2408 39.2889 4.59
    endloop
  endfacet
  facet normal 0 0 1
    outer loop
      vertex -18.3623 39.5353 4.59
      vertex -18.3623 37.4353 4.59
      vertex -18.2408 37.6816 4.59
    endloop
  endfacet
  facet normal 0 0 1
    outer loop
      vertex -18.5149 39.7637 4.59
      vertex -18.3623 37.4353 4.59
      vertex -18.3623 39.5353 4.59
    endloop
  endfacet
  facet normal 0 0 1
    outer loop
      vertex -18.5149 39.7637 4.59
      vertex -18.5149 37.2069 4.59
      vertex -18.3623 37.4353 4.59
    endloop
  endfacet
  facet normal 0 0 1
    outer loop
      vertex -18.696 39.9702 4.59
      vertex -18.5149 37.2069 4.59
      vertex -18.5149 39.7637 4.59
    endloop
  endfacet
  facet normal 0 0 1
    outer loop
      vertex -18.696 39.9702 4.59
      vertex -18.696 37.0004 4.59
      vertex -18.5149 37.2069 4.59
    endloop
  endfacet
  facet normal 0 0 1
    outer loop
      vertex -18.9025 40.1513 4.59
      vertex -18.696 37.0004 4.59
      vertex -18.696 39.9702 4.59
    endloop
  endfacet
  facet normal 0 0 1
    outer loop
      vertex -18.9025 40.1513 4.59
      vertex -18.9025 36.8192 4.59
      vertex -18.696 37.0004 4.59
    endloop
  endfacet
  facet normal 0 0 1
    outer loop
      vertex -19.1309 40.3039 4.59
      vertex -18.9025 36.8192 4.59
      vertex -18.9025 40.1513 4.59
    endloop
  endfacet
  facet normal 0 0 1
    outer loop
      vertex -19.1309 40.3039 4.59
      vertex -19.1309 36.6666 4.59
      vertex -18.9025 36.8192 4.59
    endloop
  endfacet
  facet normal 0 0 1
    outer loop
      vertex -19.3773 40.4254 4.59
      vertex -19.1309 36.6666 4.59
      vertex -19.1309 40.3039 4.59
    endloop
  endfacet
  facet normal 0 0 1
    outer loop
      vertex -19.3773 40.4254 4.59
      vertex -19.3773 36.5451 4.59
      vertex -19.1309 36.6666 4.59
    endloop
  endfacet
  facet normal 0 0 1
    outer loop
      vertex -19.6374 40.5137 4.59
      vertex -19.3773 36.5451 4.59
      vertex -19.3773 40.4254 4.59
    endloop
  endfacet
  facet normal 0 0 1
    outer loop
      vertex -19.6374 40.5137 4.59
      vertex -19.6374 36.4568 4.59
      vertex -19.3773 36.5451 4.59
    endloop
  endfacet
  facet normal 0 0 1
    outer loop
      vertex -19.9068 40.5673 4.59
      vertex -19.6374 36.4568 4.59
      vertex -19.6374 40.5137 4.59
    endloop
  endfacet
  facet normal 0 0 1
    outer loop
      vertex -19.9068 40.5673 4.59
      vertex -19.9068 36.4032 4.59
      vertex -19.6374 36.4568 4.59
    endloop
  endfacet
  facet normal 0 0 1
    outer loop
      vertex -20.1809 40.5853 4.59
      vertex -19.9068 36.4032 4.59
      vertex -19.9068 40.5673 4.59
    endloop
  endfacet
  facet normal 0 0 1
    outer loop
      vertex -20.1809 40.5853 4.59
      vertex -20.1809 36.3853 4.59
      vertex -19.9068 36.4032 4.59
    endloop
  endfacet
  facet normal -0 0 1
    outer loop
      vertex -20.455 40.5673 4.59
      vertex -20.1809 36.3853 4.59
      vertex -20.1809 40.5853 4.59
    endloop
  endfacet
  facet normal 0 0 1
    outer loop
      vertex -20.455 40.5673 4.59
      vertex -20.455 36.4032 4.59
      vertex -20.1809 36.3853 4.59
    endloop
  endfacet
  facet normal 0 0 1
    outer loop
      vertex -20.8986 40.4546 4.59
      vertex -20.455 40.5673 4.59
      vertex -20.7244 40.5137 4.59
    endloop
  endfacet
  facet normal 0 0 1
    outer loop
      vertex -20.455 40.5673 4.59
      vertex -20.8986 40.4546 4.59
      vertex -20.455 36.4032 4.59
    endloop
  endfacet
  facet normal 0 0 1
    outer loop
      vertex -20.455 36.4032 4.59
      vertex -20.8986 40.4546 4.59
      vertex -20.7244 36.4568 4.59
    endloop
  endfacet
  facet normal 0 0 1
    outer loop
      vertex -20.8986 40.4546 4.59
      vertex -20.9845 36.5451 4.59
      vertex -20.7244 36.4568 4.59
    endloop
  endfacet
  facet normal 0 0 1
    outer loop
      vertex -20.8986 40.4546 4.59
      vertex -21.2309 36.6666 4.59
      vertex -20.9845 36.5451 4.59
    endloop
  endfacet
  facet normal 0 0 1
    outer loop
      vertex -20.8986 40.4546 4.59
      vertex -21.4593 36.8192 4.59
      vertex -21.2309 36.6666 4.59
    endloop
  endfacet
  facet normal 0 0 1
    outer loop
      vertex -20.8986 40.4546 4.59
      vertex -21.6658 37.0004 4.59
      vertex -21.4593 36.8192 4.59
    endloop
  endfacet
  facet normal 0 0 1
    outer loop
      vertex -20.8986 40.4546 4.59
      vertex -21.847 37.2069 4.59
      vertex -21.6658 37.0004 4.59
    endloop
  endfacet
  facet normal 0 0 1
    outer loop
      vertex -20.8986 40.4546 4.59
      vertex -21.9996 37.4353 4.59
      vertex -21.847 37.2069 4.59
    endloop
  endfacet
  facet normal 0 0 1
    outer loop
      vertex -20.8986 40.4546 4.59
      vertex -22.1211 37.6816 4.59
      vertex -21.9996 37.4353 4.59
    endloop
  endfacet
  facet normal -0 0 1
    outer loop
      vertex -22.1502 39.203 4.59
      vertex -22.1211 37.6816 4.59
      vertex -20.8986 40.4546 4.59
    endloop
  endfacet
  facet normal 0 0 1
    outer loop
      vertex -22.2629 38.7594 4.59
      vertex -22.1502 39.203 4.59
      vertex -22.2094 39.0288 4.59
    endloop
  endfacet
  facet normal 0 0 1
    outer loop
      vertex -22.1502 39.203 4.59
      vertex -22.2094 37.9418 4.59
      vertex -22.1211 37.6816 4.59
    endloop
  endfacet
  facet normal 0 0 1
    outer loop
      vertex -22.1502 39.203 4.59
      vertex -22.2629 38.7594 4.59
      vertex -22.2094 37.9418 4.59
    endloop
  endfacet
  facet normal 0 0 1
    outer loop
      vertex -22.2629 38.7594 4.59
      vertex -22.2629 38.2112 4.59
      vertex -22.2094 37.9418 4.59
    endloop
  endfacet
  facet normal 0 -0 1
    outer loop
      vertex -22.2629 38.2112 4.59
      vertex -22.2629 38.7594 4.59
      vertex -22.2809 38.4853 4.59
    endloop
  endfacet
  facet normal 0.980776 0.195136 0
    outer loop
      vertex -18.0989 38.7594 4.59
      vertex -18.1525 39.0288 4.19
      vertex -18.1525 39.0288 4.59
    endloop
  endfacet
  facet normal 0.980776 0.195136 0
    outer loop
      vertex -18.1525 39.0288 4.19
      vertex -18.0989 38.7594 4.59
      vertex -18.0989 38.7594 4.19
    endloop
  endfacet
  facet normal -0.321279 0.946985 0
    outer loop
      vertex -20.7244 40.5137 4.19
      vertex -20.8986 40.4546 4.59
      vertex -20.7244 40.5137 4.59
    endloop
  endfacet
  facet normal -0.321279 0.946985 0
    outer loop
      vertex -20.8986 40.4546 4.59
      vertex -20.7244 40.5137 4.19
      vertex -20.8986 40.4546 4.19
    endloop
  endfacet
  facet normal 0.83149 0.55554 0
    outer loop
      vertex -18.3623 39.5353 4.59
      vertex -18.5149 39.7637 4.19
      vertex -18.5149 39.7637 4.59
    endloop
  endfacet
  facet normal 0.83149 0.55554 0
    outer loop
      vertex -18.5149 39.7637 4.19
      vertex -18.3623 39.5353 4.59
      vertex -18.3623 39.5353 4.19
    endloop
  endfacet
  facet normal -0.946819 0.321766 0
    outer loop
      vertex -22.2094 39.0288 4.19
      vertex -22.1502 39.203 4.59
      vertex -22.1502 39.203 4.19
    endloop
  endfacet
  facet normal -0.946819 0.321766 0
    outer loop
      vertex -22.1502 39.203 4.59
      vertex -22.2094 39.0288 4.19
      vertex -22.2094 39.0288 4.59
    endloop
  endfacet
  facet normal -0.980846 0.194786 0
    outer loop
      vertex -22.2629 38.7594 4.19
      vertex -22.2094 39.0288 4.59
      vertex -22.2094 39.0288 4.19
    endloop
  endfacet
  facet normal -0.980846 0.194786 0
    outer loop
      vertex -22.2094 39.0288 4.59
      vertex -22.2629 38.7594 4.19
      vertex -22.2629 38.7594 4.59
    endloop
  endfacet
  facet normal 0.997851 -0.0655283 0
    outer loop
      vertex -18.0989 38.2112 4.59
      vertex -18.0809 38.4853 4.19
      vertex -18.0809 38.4853 4.59
    endloop
  endfacet
  facet normal 0.997851 -0.0655283 0
    outer loop
      vertex -18.0809 38.4853 4.19
      vertex -18.0989 38.2112 4.59
      vertex -18.0989 38.2112 4.19
    endloop
  endfacet
  facet normal -0.997851 -0.0655283 0
    outer loop
      vertex -22.2629 38.2112 4.19
      vertex -22.2809 38.4853 4.59
      vertex -22.2809 38.4853 4.19
    endloop
  endfacet
  facet normal -0.997851 -0.0655283 0
    outer loop
      vertex -22.2809 38.4853 4.59
      vertex -22.2629 38.2112 4.19
      vertex -22.2629 38.2112 4.59
    endloop
  endfacet
  facet normal 0.896817 -0.442401 0
    outer loop
      vertex -18.3623 37.4353 4.59
      vertex -18.2408 37.6816 4.19
      vertex -18.2408 37.6816 4.59
    endloop
  endfacet
  facet normal 0.896817 -0.442401 0
    outer loop
      vertex -18.2408 37.6816 4.19
      vertex -18.3623 37.4353 4.59
      vertex -18.3623 37.4353 4.19
    endloop
  endfacet
  facet normal 0.442256 -0.896889 0
    outer loop
      vertex -19.3773 36.5451 4.19
      vertex -19.1309 36.6666 4.59
      vertex -19.3773 36.5451 4.59
    endloop
  endfacet
  facet normal 0.442256 -0.896889 0
    outer loop
      vertex -19.1309 36.6666 4.59
      vertex -19.3773 36.5451 4.19
      vertex -19.1309 36.6666 4.19
    endloop
  endfacet
  facet normal -0.0651658 -0.997874 0
    outer loop
      vertex -20.455 36.4032 4.19
      vertex -20.1809 36.3853 4.59
      vertex -20.455 36.4032 4.59
    endloop
  endfacet
  facet normal -0.0651658 -0.997874 -0
    outer loop
      vertex -20.1809 36.3853 4.59
      vertex -20.455 36.4032 4.19
      vertex -20.1809 36.3853 4.19
    endloop
  endfacet
  facet normal -0.946959 -0.321355 0
    outer loop
      vertex -22.1211 37.6816 4.19
      vertex -22.2094 37.9418 4.59
      vertex -22.2094 37.9418 4.19
    endloop
  endfacet
  facet normal -0.946959 -0.321355 0
    outer loop
      vertex -22.2094 37.9418 4.59
      vertex -22.1211 37.6816 4.19
      vertex -22.1211 37.6816 4.59
    endloop
  endfacet
  facet normal 0.946921 0.321465 0
    outer loop
      vertex -18.1525 39.0288 4.59
      vertex -18.2408 39.2889 4.19
      vertex -18.2408 39.2889 4.59
    endloop
  endfacet
  facet normal 0.946921 0.321465 0
    outer loop
      vertex -18.2408 39.2889 4.19
      vertex -18.1525 39.0288 4.59
      vertex -18.1525 39.0288 4.19
    endloop
  endfacet
  facet normal -0.896817 -0.442401 0
    outer loop
      vertex -21.9996 37.4353 4.19
      vertex -22.1211 37.6816 4.59
      vertex -22.1211 37.6816 4.19
    endloop
  endfacet
  facet normal -0.896817 -0.442401 0
    outer loop
      vertex -22.1211 37.6816 4.59
      vertex -21.9996 37.4353 4.19
      vertex -21.9996 37.4353 4.59
    endloop
  endfacet
  facet normal 0.896889 0.442256 0
    outer loop
      vertex -18.2408 39.2889 4.59
      vertex -18.3623 39.5353 4.19
      vertex -18.3623 39.5353 4.59
    endloop
  endfacet
  facet normal 0.896889 0.442256 0
    outer loop
      vertex -18.3623 39.5353 4.19
      vertex -18.2408 39.2889 4.59
      vertex -18.2408 39.2889 4.19
    endloop
  endfacet
  facet normal -0.55554 -0.83149 0
    outer loop
      vertex -21.4593 36.8192 4.19
      vertex -21.2309 36.6666 4.59
      vertex -21.4593 36.8192 4.59
    endloop
  endfacet
  facet normal -0.55554 -0.83149 -0
    outer loop
      vertex -21.2309 36.6666 4.59
      vertex -21.4593 36.8192 4.19
      vertex -21.2309 36.6666 4.19
    endloop
  endfacet
  facet normal 0.0655283 0.997851 -0
    outer loop
      vertex -19.9068 40.5673 4.19
      vertex -20.1809 40.5853 4.59
      vertex -19.9068 40.5673 4.59
    endloop
  endfacet
  facet normal 0.0655283 0.997851 0
    outer loop
      vertex -20.1809 40.5853 4.59
      vertex -19.9068 40.5673 4.19
      vertex -20.1809 40.5853 4.19
    endloop
  endfacet
  facet normal -0.997851 0.0655283 0
    outer loop
      vertex -22.2809 38.4853 4.19
      vertex -22.2629 38.7594 4.59
      vertex -22.2629 38.7594 4.19
    endloop
  endfacet
  facet normal -0.997851 0.0655283 0
    outer loop
      vertex -22.2629 38.7594 4.59
      vertex -22.2809 38.4853 4.19
      vertex -22.2809 38.4853 4.59
    endloop
  endfacet
  facet normal -0.321465 -0.946921 0
    outer loop
      vertex -20.9845 36.5451 4.19
      vertex -20.7244 36.4568 4.59
      vertex -20.9845 36.5451 4.59
    endloop
  endfacet
  facet normal -0.321465 -0.946921 -0
    outer loop
      vertex -20.7244 36.4568 4.59
      vertex -20.9845 36.5451 4.19
      vertex -20.7244 36.4568 4.19
    endloop
  endfacet
  facet normal 0.751832 -0.659355 0
    outer loop
      vertex -18.696 37.0004 4.59
      vertex -18.5149 37.2069 4.19
      vertex -18.5149 37.2069 4.59
    endloop
  endfacet
  facet normal 0.751832 -0.659355 0
    outer loop
      vertex -18.5149 37.2069 4.19
      vertex -18.696 37.0004 4.59
      vertex -18.696 37.0004 4.19
    endloop
  endfacet
  facet normal 0.659561 -0.751651 0
    outer loop
      vertex -18.9025 36.8192 4.19
      vertex -18.696 37.0004 4.59
      vertex -18.9025 36.8192 4.59
    endloop
  endfacet
  facet normal 0.659561 -0.751651 0
    outer loop
      vertex -18.696 37.0004 4.59
      vertex -18.9025 36.8192 4.19
      vertex -18.696 37.0004 4.19
    endloop
  endfacet
  facet normal -0.751651 -0.659561 0
    outer loop
      vertex -21.6658 37.0004 4.19
      vertex -21.847 37.2069 4.59
      vertex -21.847 37.2069 4.19
    endloop
  endfacet
  facet normal -0.751651 -0.659561 0
    outer loop
      vertex -21.847 37.2069 4.59
      vertex -21.6658 37.0004 4.19
      vertex -21.6658 37.0004 4.59
    endloop
  endfacet
  facet normal -0.0655283 0.997851 0
    outer loop
      vertex -20.1809 40.5853 4.19
      vertex -20.455 40.5673 4.59
      vertex -20.1809 40.5853 4.59
    endloop
  endfacet
  facet normal -0.0655283 0.997851 0
    outer loop
      vertex -20.455 40.5673 4.59
      vertex -20.1809 40.5853 4.19
      vertex -20.455 40.5673 4.19
    endloop
  endfacet
  facet normal -0.195136 -0.980776 0
    outer loop
      vertex -20.7244 36.4568 4.19
      vertex -20.455 36.4032 4.59
      vertex -20.7244 36.4568 4.59
    endloop
  endfacet
  facet normal -0.195136 -0.980776 -0
    outer loop
      vertex -20.455 36.4032 4.59
      vertex -20.7244 36.4568 4.19
      vertex -20.455 36.4032 4.19
    endloop
  endfacet
  facet normal 0.980776 -0.195136 0
    outer loop
      vertex -18.1525 37.9418 4.59
      vertex -18.0989 38.2112 4.19
      vertex -18.0989 38.2112 4.59
    endloop
  endfacet
  facet normal 0.980776 -0.195136 0
    outer loop
      vertex -18.0989 38.2112 4.19
      vertex -18.1525 37.9418 4.59
      vertex -18.1525 37.9418 4.19
    endloop
  endfacet
  facet normal -0.659561 -0.751651 0
    outer loop
      vertex -21.6658 37.0004 4.19
      vertex -21.4593 36.8192 4.59
      vertex -21.6658 37.0004 4.59
    endloop
  endfacet
  facet normal -0.659561 -0.751651 -0
    outer loop
      vertex -21.4593 36.8192 4.59
      vertex -21.6658 37.0004 4.19
      vertex -21.4593 36.8192 4.19
    endloop
  endfacet
  facet normal 0.55554 -0.83149 0
    outer loop
      vertex -19.1309 36.6666 4.19
      vertex -18.9025 36.8192 4.59
      vertex -19.1309 36.6666 4.59
    endloop
  endfacet
  facet normal 0.55554 -0.83149 0
    outer loop
      vertex -18.9025 36.8192 4.59
      vertex -19.1309 36.6666 4.19
      vertex -18.9025 36.8192 4.19
    endloop
  endfacet
  facet normal 0.321465 -0.946921 0
    outer loop
      vertex -19.6374 36.4568 4.19
      vertex -19.3773 36.5451 4.59
      vertex -19.6374 36.4568 4.59
    endloop
  endfacet
  facet normal 0.321465 -0.946921 0
    outer loop
      vertex -19.3773 36.5451 4.59
      vertex -19.6374 36.4568 4.19
      vertex -19.3773 36.5451 4.19
    endloop
  endfacet
  facet normal 0.555641 0.831422 -0
    outer loop
      vertex -28.6016 49.0091 1.6
      vertex -28.7647 49.1181 3.59
      vertex -28.6016 49.0091 3.59
    endloop
  endfacet
  facet normal 0.555641 0.831422 0
    outer loop
      vertex -28.7647 49.1181 3.59
      vertex -28.6016 49.0091 1.6
      vertex -28.7647 49.1181 1.6
    endloop
  endfacet
  facet normal 0.659478 0.751724 -0
    outer loop
      vertex -28.4541 48.8797 1.6
      vertex -28.6016 49.0091 3.59
      vertex -28.4541 48.8797 3.59
    endloop
  endfacet
  facet normal 0.659478 0.751724 0
    outer loop
      vertex -28.6016 49.0091 3.59
      vertex -28.4541 48.8797 1.6
      vertex -28.6016 49.0091 1.6
    endloop
  endfacet
  facet normal 0.89686 -0.442315 0
    outer loop
      vertex -28.2157 47.0691 3.59
      vertex -28.1289 47.2451 1.6
      vertex -28.1289 47.2451 3.59
    endloop
  endfacet
  facet normal 0.89686 -0.442315 0
    outer loop
      vertex -28.1289 47.2451 1.6
      vertex -28.2157 47.0691 3.59
      vertex -28.2157 47.0691 1.6
    endloop
  endfacet
  facet normal 0.195234 0.980757 -0
    outer loop
      vertex -29.1265 49.268 1.6
      vertex -29.3189 49.3063 3.59
      vertex -29.1265 49.268 3.59
    endloop
  endfacet
  facet normal 0.195234 0.980757 0
    outer loop
      vertex -29.3189 49.3063 3.59
      vertex -29.1265 49.268 1.6
      vertex -29.3189 49.3063 1.6
    endloop
  endfacet
  facet normal -0.946885 -0.321574 0
    outer loop
      vertex -30.9005 47.2451 1.6
      vertex -30.9636 47.4309 3.59
      vertex -30.9636 47.4309 1.6
    endloop
  endfacet
  facet normal -0.946885 -0.321574 0
    outer loop
      vertex -30.9636 47.4309 3.59
      vertex -30.9005 47.2451 1.6
      vertex -30.9005 47.2451 3.59
    endloop
  endfacet
  facet normal -0.980757 0.195234 0
    outer loop
      vertex -31.0019 48.0149 1.6
      vertex -30.9636 48.2073 3.59
      vertex -30.9636 48.2073 1.6
    endloop
  endfacet
  facet normal -0.980757 0.195234 0
    outer loop
      vertex -30.9636 48.2073 3.59
      vertex -31.0019 48.0149 1.6
      vertex -31.0019 48.0149 3.59
    endloop
  endfacet
  facet normal -0.99787 0.0652336 0
    outer loop
      vertex -31.0147 47.8191 1.6
      vertex -31.0019 48.0149 3.59
      vertex -31.0019 48.0149 1.6
    endloop
  endfacet
  facet normal -0.99787 0.0652336 0
    outer loop
      vertex -31.0019 48.0149 3.59
      vertex -31.0147 47.8191 1.6
      vertex -31.0147 47.8191 3.59
    endloop
  endfacet
  facet normal -0.99787 -0.0652336 0
    outer loop
      vertex -31.0019 47.6233 1.6
      vertex -31.0147 47.8191 3.59
      vertex -31.0147 47.8191 1.6
    endloop
  endfacet
  facet normal -0.99787 -0.0652336 0
    outer loop
      vertex -31.0147 47.8191 3.59
      vertex -31.0019 47.6233 1.6
      vertex -31.0019 47.6233 3.59
    endloop
  endfacet
  facet normal 0.89686 0.442315 0
    outer loop
      vertex -28.1289 48.3931 3.59
      vertex -28.2157 48.5691 1.6
      vertex -28.2157 48.5691 3.59
    endloop
  endfacet
  facet normal 0.89686 0.442315 0
    outer loop
      vertex -28.2157 48.5691 1.6
      vertex -28.1289 48.3931 3.59
      vertex -28.1289 48.3931 1.6
    endloop
  endfacet
  facet normal -0.751976 -0.65919 0
    outer loop
      vertex -30.5754 46.7584 1.6
      vertex -30.7047 46.9059 3.59
      vertex -30.7047 46.9059 1.6
    endloop
  endfacet
  facet normal -0.751976 -0.65919 0
    outer loop
      vertex -30.7047 46.9059 3.59
      vertex -30.5754 46.7584 1.6
      vertex -30.5754 46.7584 3.59
    endloop
  endfacet
  facet normal -0.195234 0.980757 0
    outer loop
      vertex -29.7105 49.3063 1.6
      vertex -29.9029 49.268 3.59
      vertex -29.7105 49.3063 3.59
    endloop
  endfacet
  facet normal -0.195234 0.980757 0
    outer loop
      vertex -29.9029 49.268 3.59
      vertex -29.7105 49.3063 1.6
      vertex -29.9029 49.268 1.6
    endloop
  endfacet
  facet normal 0.442315 -0.89686 0
    outer loop
      vertex -28.9407 46.4333 1.6
      vertex -28.7647 46.5201 3.59
      vertex -28.9407 46.4333 3.59
    endloop
  endfacet
  facet normal 0.442315 -0.89686 0
    outer loop
      vertex -28.7647 46.5201 3.59
      vertex -28.9407 46.4333 1.6
      vertex -28.7647 46.5201 1.6
    endloop
  endfacet
  facet normal 0.83158 -0.555406 0
    outer loop
      vertex -28.3247 46.9059 3.59
      vertex -28.2157 47.0691 1.6
      vertex -28.2157 47.0691 3.59
    endloop
  endfacet
  facet normal 0.83158 -0.555406 0
    outer loop
      vertex -28.2157 47.0691 1.6
      vertex -28.3247 46.9059 3.59
      vertex -28.3247 46.9059 1.6
    endloop
  endfacet
  facet normal -0.897062 0.441905 0
    outer loop
      vertex -30.9005 48.3931 1.6
      vertex -30.8138 48.5691 3.59
      vertex -30.8138 48.5691 1.6
    endloop
  endfacet
  facet normal -0.897062 0.441905 0
    outer loop
      vertex -30.8138 48.5691 3.59
      vertex -30.9005 48.3931 1.6
      vertex -30.9005 48.3931 3.59
    endloop
  endfacet
  facet normal -0.195234 -0.980757 0
    outer loop
      vertex -29.9029 46.3702 1.6
      vertex -29.7105 46.3319 3.59
      vertex -29.9029 46.3702 3.59
    endloop
  endfacet
  facet normal -0.195234 -0.980757 -0
    outer loop
      vertex -29.7105 46.3319 3.59
      vertex -29.9029 46.3702 1.6
      vertex -29.7105 46.3319 1.6
    endloop
  endfacet
  facet normal 0.980854 -0.194743 0
    outer loop
      vertex -28.0658 47.4309 3.59
      vertex -28.0276 47.6233 1.6
      vertex -28.0276 47.6233 3.59
    endloop
  endfacet
  facet normal 0.980854 -0.194743 0
    outer loop
      vertex -28.0276 47.6233 1.6
      vertex -28.0658 47.4309 3.59
      vertex -28.0658 47.4309 1.6
    endloop
  endfacet
  facet normal -0.897062 -0.441905 0
    outer loop
      vertex -30.8138 47.0691 1.6
      vertex -30.9005 47.2451 3.59
      vertex -30.9005 47.2451 1.6
    endloop
  endfacet
  facet normal -0.897062 -0.441905 0
    outer loop
      vertex -30.9005 47.2451 3.59
      vertex -30.8138 47.0691 1.6
      vertex -30.8138 47.0691 3.59
    endloop
  endfacet
  facet normal -0.442315 0.89686 0
    outer loop
      vertex -30.0887 49.2049 1.6
      vertex -30.2647 49.1181 3.59
      vertex -30.0887 49.2049 3.59
    endloop
  endfacet
  facet normal -0.442315 0.89686 0
    outer loop
      vertex -30.2647 49.1181 3.59
      vertex -30.0887 49.2049 1.6
      vertex -30.2647 49.1181 1.6
    endloop
  endfacet
  facet normal -0.659478 0.751724 0
    outer loop
      vertex -30.4279 49.0091 1.6
      vertex -30.5754 48.8797 3.59
      vertex -30.4279 49.0091 3.59
    endloop
  endfacet
  facet normal -0.659478 0.751724 0
    outer loop
      vertex -30.5754 48.8797 3.59
      vertex -30.4279 49.0091 1.6
      vertex -30.5754 48.8797 1.6
    endloop
  endfacet
  facet normal -0.946885 0.321574 0
    outer loop
      vertex -30.9636 48.2073 1.6
      vertex -30.9005 48.3931 3.59
      vertex -30.9005 48.3931 1.6
    endloop
  endfacet
  facet normal -0.946885 0.321574 0
    outer loop
      vertex -30.9005 48.3931 3.59
      vertex -30.9636 48.2073 1.6
      vertex -30.9636 48.2073 3.59
    endloop
  endfacet
  facet normal 0.980854 0.194743 0
    outer loop
      vertex -28.0276 48.0149 3.59
      vertex -28.0658 48.2073 1.6
      vertex -28.0658 48.2073 3.59
    endloop
  endfacet
  facet normal 0.980854 0.194743 0
    outer loop
      vertex -28.0658 48.2073 1.6
      vertex -28.0276 48.0149 3.59
      vertex -28.0276 48.0149 1.6
    endloop
  endfacet
  facet normal -0.65919 -0.751976 0
    outer loop
      vertex -30.5754 46.7584 1.6
      vertex -30.4279 46.6291 3.59
      vertex -30.5754 46.7584 3.59
    endloop
  endfacet
  facet normal -0.65919 -0.751976 -0
    outer loop
      vertex -30.4279 46.6291 3.59
      vertex -30.5754 46.7584 1.6
      vertex -30.4279 46.6291 1.6
    endloop
  endfacet
  facet normal -0.442315 -0.89686 0
    outer loop
      vertex -30.2647 46.5201 1.6
      vertex -30.0887 46.4333 3.59
      vertex -30.2647 46.5201 3.59
    endloop
  endfacet
  facet normal -0.442315 -0.89686 -0
    outer loop
      vertex -30.0887 46.4333 3.59
      vertex -30.2647 46.5201 1.6
      vertex -30.0887 46.4333 1.6
    endloop
  endfacet
  facet normal 0.0652336 -0.99787 0
    outer loop
      vertex -29.5147 46.3191 1.6
      vertex -29.3189 46.3319 3.59
      vertex -29.5147 46.3191 3.59
    endloop
  endfacet
  facet normal 0.0652336 -0.99787 0
    outer loop
      vertex -29.3189 46.3319 3.59
      vertex -29.5147 46.3191 1.6
      vertex -29.3189 46.3319 1.6
    endloop
  endfacet
  facet normal -0.321574 0.946885 0
    outer loop
      vertex -29.9029 49.268 1.6
      vertex -30.0887 49.2049 3.59
      vertex -29.9029 49.268 3.59
    endloop
  endfacet
  facet normal -0.321574 0.946885 0
    outer loop
      vertex -30.0887 49.2049 3.59
      vertex -29.9029 49.268 1.6
      vertex -30.0887 49.2049 1.6
    endloop
  endfacet
  facet normal -0.831187 0.555993 0
    outer loop
      vertex -30.8138 48.5691 1.6
      vertex -30.7047 48.7322 3.59
      vertex -30.7047 48.7322 1.6
    endloop
  endfacet
  facet normal -0.831187 0.555993 0
    outer loop
      vertex -30.7047 48.7322 3.59
      vertex -30.8138 48.5691 1.6
      vertex -30.8138 48.5691 3.59
    endloop
  endfacet
  facet normal 0.0652336 0.99787 -0
    outer loop
      vertex -29.3189 49.3063 1.6
      vertex -29.5147 49.3191 3.59
      vertex -29.3189 49.3063 3.59
    endloop
  endfacet
  facet normal 0.0652336 0.99787 0
    outer loop
      vertex -29.5147 49.3191 3.59
      vertex -29.3189 49.3063 1.6
      vertex -29.5147 49.3191 1.6
    endloop
  endfacet
  facet normal -0.555406 0.83158 0
    outer loop
      vertex -30.2647 49.1181 1.6
      vertex -30.4279 49.0091 3.59
      vertex -30.2647 49.1181 3.59
    endloop
  endfacet
  facet normal -0.555406 0.83158 0
    outer loop
      vertex -30.4279 49.0091 3.59
      vertex -30.2647 49.1181 1.6
      vertex -30.4279 49.0091 1.6
    endloop
  endfacet
  facet normal 0.997837 0.065741 0
    outer loop
      vertex -28.0147 47.8191 3.59
      vertex -28.0276 48.0149 1.6
      vertex -28.0276 48.0149 3.59
    endloop
  endfacet
  facet normal 0.997837 0.065741 0
    outer loop
      vertex -28.0276 48.0149 1.6
      vertex -28.0147 47.8191 3.59
      vertex -28.0147 47.8191 1.6
    endloop
  endfacet
  facet normal 0.321574 -0.946885 0
    outer loop
      vertex -29.1265 46.3702 1.6
      vertex -28.9407 46.4333 3.59
      vertex -29.1265 46.3702 3.59
    endloop
  endfacet
  facet normal 0.321574 -0.946885 0
    outer loop
      vertex -28.9407 46.4333 3.59
      vertex -29.1265 46.3702 1.6
      vertex -28.9407 46.4333 1.6
    endloop
  endfacet
  facet normal -0.751976 0.65919 0
    outer loop
      vertex -30.7047 48.7322 1.6
      vertex -30.5754 48.8797 3.59
      vertex -30.5754 48.8797 1.6
    endloop
  endfacet
  facet normal -0.751976 0.65919 0
    outer loop
      vertex -30.5754 48.8797 3.59
      vertex -30.7047 48.7322 1.6
      vertex -30.7047 48.7322 3.59
    endloop
  endfacet
  facet normal -0.831344 -0.555758 0
    outer loop
      vertex -30.7047 46.9059 1.6
      vertex -30.8138 47.0691 3.59
      vertex -30.8138 47.0691 1.6
    endloop
  endfacet
  facet normal -0.831344 -0.555758 0
    outer loop
      vertex -30.8138 47.0691 3.59
      vertex -30.7047 46.9059 1.6
      vertex -30.7047 46.9059 3.59
    endloop
  endfacet
  facet normal 0.751724 -0.659478 0
    outer loop
      vertex -28.4541 46.7584 3.59
      vertex -28.3247 46.9059 1.6
      vertex -28.3247 46.9059 3.59
    endloop
  endfacet
  facet normal 0.751724 -0.659478 0
    outer loop
      vertex -28.3247 46.9059 1.6
      vertex -28.4541 46.7584 3.59
      vertex -28.4541 46.7584 1.6
    endloop
  endfacet
  facet normal 0.946885 -0.321574 0
    outer loop
      vertex -28.1289 47.2451 3.59
      vertex -28.0658 47.4309 1.6
      vertex -28.0658 47.4309 3.59
    endloop
  endfacet
  facet normal 0.946885 -0.321574 0
    outer loop
      vertex -28.0658 47.4309 1.6
      vertex -28.1289 47.2451 3.59
      vertex -28.1289 47.2451 1.6
    endloop
  endfacet
  facet normal 0.997837 -0.065741 0
    outer loop
      vertex -28.0276 47.6233 3.59
      vertex -28.0147 47.8191 1.6
      vertex -28.0147 47.8191 3.59
    endloop
  endfacet
  facet normal 0.997837 -0.065741 0
    outer loop
      vertex -28.0147 47.8191 1.6
      vertex -28.0276 47.6233 3.59
      vertex -28.0276 47.6233 1.6
    endloop
  endfacet
  facet normal -0.321574 -0.946885 0
    outer loop
      vertex -30.0887 46.4333 1.6
      vertex -29.9029 46.3702 3.59
      vertex -30.0887 46.4333 3.59
    endloop
  endfacet
  facet normal -0.321574 -0.946885 -0
    outer loop
      vertex -29.9029 46.3702 3.59
      vertex -30.0887 46.4333 1.6
      vertex -29.9029 46.3702 1.6
    endloop
  endfacet
  facet normal 0.946885 0.321574 0
    outer loop
      vertex -28.0658 48.2073 3.59
      vertex -28.1289 48.3931 1.6
      vertex -28.1289 48.3931 3.59
    endloop
  endfacet
  facet normal 0.946885 0.321574 0
    outer loop
      vertex -28.1289 48.3931 1.6
      vertex -28.0658 48.2073 3.59
      vertex -28.0658 48.2073 1.6
    endloop
  endfacet
  facet normal -0.0652336 0.99787 0
    outer loop
      vertex -29.5147 49.3191 1.6
      vertex -29.7105 49.3063 3.59
      vertex -29.5147 49.3191 3.59
    endloop
  endfacet
  facet normal -0.0652336 0.99787 0
    outer loop
      vertex -29.7105 49.3063 3.59
      vertex -29.5147 49.3191 1.6
      vertex -29.7105 49.3063 1.6
    endloop
  endfacet
  facet normal 0.751724 0.659478 0
    outer loop
      vertex -28.3247 48.7322 3.59
      vertex -28.4541 48.8797 1.6
      vertex -28.4541 48.8797 3.59
    endloop
  endfacet
  facet normal 0.751724 0.659478 0
    outer loop
      vertex -28.4541 48.8797 1.6
      vertex -28.3247 48.7322 3.59
      vertex -28.3247 48.7322 1.6
    endloop
  endfacet
  facet normal 0.195234 -0.980757 0
    outer loop
      vertex -29.3189 46.3319 1.6
      vertex -29.1265 46.3702 3.59
      vertex -29.3189 46.3319 3.59
    endloop
  endfacet
  facet normal 0.195234 -0.980757 0
    outer loop
      vertex -29.1265 46.3702 3.59
      vertex -29.3189 46.3319 1.6
      vertex -29.1265 46.3702 1.6
    endloop
  endfacet
  facet normal 0.321574 0.946885 -0
    outer loop
      vertex -28.9407 49.2049 1.6
      vertex -29.1265 49.268 3.59
      vertex -28.9407 49.2049 3.59
    endloop
  endfacet
  facet normal 0.321574 0.946885 0
    outer loop
      vertex -29.1265 49.268 3.59
      vertex -28.9407 49.2049 1.6
      vertex -29.1265 49.268 1.6
    endloop
  endfacet
  facet normal 0.831422 0.555641 0
    outer loop
      vertex -28.2157 48.5691 3.59
      vertex -28.3247 48.7322 1.6
      vertex -28.3247 48.7322 3.59
    endloop
  endfacet
  facet normal 0.831422 0.555641 0
    outer loop
      vertex -28.3247 48.7322 1.6
      vertex -28.2157 48.5691 3.59
      vertex -28.2157 48.5691 1.6
    endloop
  endfacet
  facet normal 0.442315 0.89686 -0
    outer loop
      vertex -28.7647 49.1181 1.6
      vertex -28.9407 49.2049 3.59
      vertex -28.7647 49.1181 3.59
    endloop
  endfacet
  facet normal 0.442315 0.89686 0
    outer loop
      vertex -28.9407 49.2049 3.59
      vertex -28.7647 49.1181 1.6
      vertex -28.9407 49.2049 1.6
    endloop
  endfacet
  facet normal -0.555406 -0.83158 0
    outer loop
      vertex -30.4279 46.6291 1.6
      vertex -30.2647 46.5201 3.59
      vertex -30.4279 46.6291 3.59
    endloop
  endfacet
  facet normal -0.555406 -0.83158 -0
    outer loop
      vertex -30.2647 46.5201 3.59
      vertex -30.4279 46.6291 1.6
      vertex -30.2647 46.5201 1.6
    endloop
  endfacet
  facet normal -0.0652336 -0.99787 0
    outer loop
      vertex -29.7105 46.3319 1.6
      vertex -29.5147 46.3191 3.59
      vertex -29.7105 46.3319 3.59
    endloop
  endfacet
  facet normal -0.0652336 -0.99787 -0
    outer loop
      vertex -29.5147 46.3191 3.59
      vertex -29.7105 46.3319 1.6
      vertex -29.5147 46.3191 1.6
    endloop
  endfacet
  facet normal 0.555641 -0.831422 0
    outer loop
      vertex -28.7647 46.5201 1.6
      vertex -28.6016 46.6291 3.59
      vertex -28.7647 46.5201 3.59
    endloop
  endfacet
  facet normal 0.555641 -0.831422 0
    outer loop
      vertex -28.6016 46.6291 3.59
      vertex -28.7647 46.5201 1.6
      vertex -28.6016 46.6291 1.6
    endloop
  endfacet
  facet normal -0.980757 -0.195234 0
    outer loop
      vertex -30.9636 47.4309 1.6
      vertex -31.0019 47.6233 3.59
      vertex -31.0019 47.6233 1.6
    endloop
  endfacet
  facet normal -0.980757 -0.195234 0
    outer loop
      vertex -31.0019 47.6233 3.59
      vertex -30.9636 47.4309 1.6
      vertex -30.9636 47.4309 3.59
    endloop
  endfacet
  facet normal 0.65919 -0.751976 0
    outer loop
      vertex -28.6016 46.6291 1.6
      vertex -28.4541 46.7584 3.59
      vertex -28.6016 46.6291 3.59
    endloop
  endfacet
  facet normal 0.65919 -0.751976 0
    outer loop
      vertex -28.4541 46.7584 3.59
      vertex -28.6016 46.6291 1.6
      vertex -28.4541 46.7584 1.6
    endloop
  endfacet
  facet normal 0.67032 0.227563 -0.706319
    outer loop
      vertex -27.4863 48.3626 4.19
      vertex -28.0658 48.2073 3.59
      vertex -27.5746 48.6227 4.19
    endloop
  endfacet
  facet normal -0.634957 -0.312789 -0.706394
    outer loop
      vertex -30.8138 47.0691 3.59
      vertex -31.4549 47.0155 4.19
      vertex -30.9005 47.2451 3.59
    endloop
  endfacet
  facet normal 0.466714 0.532172 -0.706379
    outer loop
      vertex -28.0298 49.304 4.19
      vertex -28.4541 48.8797 3.59
      vertex -28.2363 49.4851 4.19
    endloop
  endfacet
  facet normal 0.466816 0.532113 -0.706356
    outer loop
      vertex -28.4541 48.8797 3.59
      vertex -28.6016 49.0091 3.59
      vertex -28.2363 49.4851 4.19
    endloop
  endfacet
  facet normal -0.670226 0.227617 -0.70639
    outer loop
      vertex -30.9636 48.2073 3.59
      vertex -31.4549 48.6227 4.19
      vertex -30.9005 48.3931 3.59
    endloop
  endfacet
  facet normal 0.670424 -0.227451 -0.706256
    outer loop
      vertex -27.6053 47.0415 4.15243
      vertex -27.4863 47.2756 4.19
      vertex -27.5454 47.1014 4.19
    endloop
  endfacet
  facet normal 0.670366 -0.227411 -0.706324
    outer loop
      vertex -27.4863 47.2756 4.19
      vertex -27.6053 47.0415 4.15243
      vertex -28.0658 47.4309 3.59
    endloop
  endfacet
  facet normal -0.706342 0.0461755 -0.706364
    outer loop
      vertex -31.0147 47.8191 3.59
      vertex -31.5968 48.0932 4.19
      vertex -31.0019 48.0149 3.59
    endloop
  endfacet
  facet normal 0.138136 0.694286 -0.706318
    outer loop
      vertex -29.1265 49.268 3.59
      vertex -29.2406 49.9011 4.19
      vertex -28.9712 49.8475 4.19
    endloop
  endfacet
  facet normal 0.634883 0.313061 -0.70634
    outer loop
      vertex -27.5746 48.6227 4.19
      vertex -28.2157 48.5691 3.59
      vertex -27.6961 48.8691 4.19
    endloop
  endfacet
  facet normal -0.138136 0.694286 -0.706318
    outer loop
      vertex -29.9029 49.268 3.59
      vertex -30.0582 49.8475 4.19
      vertex -29.7888 49.9011 4.19
    endloop
  endfacet
  facet normal 0.634871 0.313107 -0.706331
    outer loop
      vertex -28.1289 48.3931 3.59
      vertex -28.2157 48.5691 3.59
      vertex -27.5746 48.6227 4.19
    endloop
  endfacet
  facet normal -0.313139 -0.634782 -0.706396
    outer loop
      vertex -30.3184 45.8789 4.19
      vertex -30.5647 46.0004 4.19
      vertex -30.2647 46.5201 3.59
    endloop
  endfacet
  facet normal -0.694229 -0.138124 -0.706376
    outer loop
      vertex -31.5432 47.2756 4.19
      vertex -31.5968 47.545 4.19
      vertex -30.9636 47.4309 3.59
    endloop
  endfacet
  facet normal 0.532172 0.466714 -0.706379
    outer loop
      vertex -27.8487 49.0975 4.19
      vertex -28.4541 48.8797 3.59
      vertex -28.0298 49.304 4.19
    endloop
  endfacet
  facet normal 0.706346 -0.0463853 -0.706346
    outer loop
      vertex -27.4327 47.545 4.19
      vertex -28.0147 47.8191 3.59
      vertex -27.4147 47.8191 4.19
    endloop
  endfacet
  facet normal 0.0461794 -0.7064 -0.706305
    outer loop
      vertex -29.2406 45.7371 4.19
      vertex -29.5147 46.3191 3.59
      vertex -29.3189 46.3319 3.59
    endloop
  endfacet
  facet normal -0.532102 -0.46691 -0.706302
    outer loop
      vertex -30.9996 46.3342 4.19
      vertex -31.1808 46.5407 4.19
      vertex -30.5754 46.7584 3.59
    endloop
  endfacet
  facet normal 0.706306 0.046534 -0.706375
    outer loop
      vertex -28.0147 47.8191 3.59
      vertex -28.0276 48.0149 3.59
      vertex -27.4327 48.0932 4.19
    endloop
  endfacet
  facet normal -0.137878 -0.694286 -0.706368
    outer loop
      vertex -29.7888 45.7371 4.19
      vertex -30.0582 45.7906 4.19
      vertex -29.9029 46.3702 3.59
    endloop
  endfacet
  facet normal 0.228069 -0.669989 -0.70647
    outer loop
      vertex -29.1265 46.3702 3.59
      vertex -28.7277 45.9191 4.14655
      vertex -28.7371 45.9097 4.15243
    endloop
  endfacet
  facet normal 0.227625 -0.670251 -0.706364
    outer loop
      vertex -28.7277 45.9191 4.14655
      vertex -29.1265 46.3702 3.59
      vertex -28.9407 46.4333 3.59
    endloop
  endfacet
  facet normal -0.0461794 -0.7064 -0.706305
    outer loop
      vertex -29.5147 46.3191 3.59
      vertex -29.7888 45.7371 4.19
      vertex -29.7105 46.3319 3.59
    endloop
  endfacet
  facet normal 0.706346 0.0463853 -0.706346
    outer loop
      vertex -27.4147 47.8191 4.19
      vertex -28.0147 47.8191 3.59
      vertex -27.4327 48.0932 4.19
    endloop
  endfacet
  facet normal 0.532113 0.466816 -0.706356
    outer loop
      vertex -28.3247 48.7322 3.59
      vertex -28.4541 48.8797 3.59
      vertex -27.8487 49.0975 4.19
    endloop
  endfacet
  facet normal -0.694229 -0.138196 -0.706363
    outer loop
      vertex -30.9636 47.4309 3.59
      vertex -31.5968 47.545 4.19
      vertex -31.0019 47.6233 3.59
    endloop
  endfacet
  facet normal 0.588526 0.393313 -0.706359
    outer loop
      vertex -28.2157 48.5691 3.59
      vertex -28.3247 48.7322 3.59
      vertex -27.8487 49.0975 4.19
    endloop
  endfacet
  facet normal 0.694286 0.138136 -0.706318
    outer loop
      vertex -27.4327 48.0932 4.19
      vertex -28.0658 48.2073 3.59
      vertex -27.4863 48.3626 4.19
    endloop
  endfacet
  facet normal -0.313095 0.634848 -0.706357
    outer loop
      vertex -30.2647 49.1181 3.59
      vertex -30.3184 49.7592 4.19
      vertex -30.0887 49.2049 3.59
    endloop
  endfacet
  facet normal -0.634883 -0.313061 -0.70634
    outer loop
      vertex -31.3334 46.7691 4.19
      vertex -31.4549 47.0155 4.19
      vertex -30.8138 47.0691 3.59
    endloop
  endfacet
  facet normal 0.634885 -0.312993 -0.706368
    outer loop
      vertex -27.8112 46.8356 4.05703
      vertex -28.2157 47.0691 3.59
      vertex -27.627 47.0198 4.14097
    endloop
  endfacet
  facet normal -0.670267 0.227546 -0.706374
    outer loop
      vertex -30.9636 48.2073 3.59
      vertex -31.5432 48.3626 4.19
      vertex -31.4549 48.6227 4.19
    endloop
  endfacet
  facet normal -0.706354 -0.0461282 -0.706354
    outer loop
      vertex -31.5968 47.545 4.19
      vertex -31.6147 47.8191 4.19
      vertex -31.0147 47.8191 3.59
    endloop
  endfacet
  facet normal -0.466603 -0.532281 -0.70637
    outer loop
      vertex -30.4279 46.6291 3.59
      vertex -30.7931 46.153 4.19
      vertex -30.5754 46.7584 3.59
    endloop
  endfacet
  facet normal 0.312172 -0.635261 -0.706394
    outer loop
      vertex -28.9407 46.4333 3.59
      vertex -28.7155 45.9313 4.14097
      vertex -28.7277 45.9191 4.14655
    endloop
  endfacet
  facet normal 0.313087 -0.63483 -0.706376
    outer loop
      vertex -28.7155 45.9313 4.14097
      vertex -28.9407 46.4333 3.59
      vertex -28.7647 46.5201 3.59
    endloop
  endfacet
  facet normal 0.393277 -0.58854 -0.706367
    outer loop
      vertex -28.5312 46.1156 4.05703
      vertex -28.7647 46.5201 3.59
      vertex -28.3882 46.2586 4.0175
    endloop
  endfacet
  facet normal 0.137878 -0.694286 -0.706368
    outer loop
      vertex -28.9712 45.7906 4.19
      vertex -29.2406 45.7371 4.19
      vertex -29.1265 46.3702 3.59
    endloop
  endfacet
  facet normal -0.670226 -0.227617 -0.70639
    outer loop
      vertex -30.9005 47.2451 3.59
      vertex -31.4549 47.0155 4.19
      vertex -30.9636 47.4309 3.59
    endloop
  endfacet
  facet normal 0.670279 0.227635 -0.706334
    outer loop
      vertex -28.0658 48.2073 3.59
      vertex -28.1289 48.3931 3.59
      vertex -27.5746 48.6227 4.19
    endloop
  endfacet
  facet normal 0.694286 -0.138136 -0.706318
    outer loop
      vertex -27.4863 47.2756 4.19
      vertex -28.0658 47.4309 3.59
      vertex -27.4327 47.545 4.19
    endloop
  endfacet
  facet normal 0.588587 0.393251 -0.706342
    outer loop
      vertex -27.6961 48.8691 4.19
      vertex -28.2157 48.5691 3.59
      vertex -27.8487 49.0975 4.19
    endloop
  endfacet
  facet normal -0.227466 -0.670291 -0.706377
    outer loop
      vertex -30.0582 45.7906 4.19
      vertex -30.3184 45.8789 4.19
      vertex -29.9029 46.3702 3.59
    endloop
  endfacet
  facet normal -0.313072 -0.6348 -0.70641
    outer loop
      vertex -30.0887 46.4333 3.59
      vertex -30.3184 45.8789 4.19
      vertex -30.2647 46.5201 3.59
    endloop
  endfacet
  facet normal 0.588665 -0.393146 -0.706335
    outer loop
      vertex -28.3247 46.9059 3.59
      vertex -27.9542 46.6926 4.0175
      vertex -27.9943 46.6525 4.0064
    endloop
  endfacet
  facet normal 0.588657 -0.393159 -0.706335
    outer loop
      vertex -27.9542 46.6926 4.0175
      vertex -28.3247 46.9059 3.59
      vertex -28.2157 47.0691 3.59
    endloop
  endfacet
  facet normal 0.532208 -0.466748 -0.706329
    outer loop
      vertex -28.038 46.6088 4.00235
      vertex -28.3247 46.9059 3.59
      vertex -27.9943 46.6525 4.0064
    endloop
  endfacet
  facet normal 0.532129 -0.466831 -0.706334
    outer loop
      vertex -28.3247 46.9059 3.59
      vertex -28.038 46.6088 4.00235
      vertex -28.4541 46.7584 3.59
    endloop
  endfacet
  facet normal -0.694229 0.138124 -0.706376
    outer loop
      vertex -30.9636 48.2073 3.59
      vertex -31.5968 48.0932 4.19
      vertex -31.5432 48.3626 4.19
    endloop
  endfacet
  facet normal 0.138208 -0.694286 -0.706305
    outer loop
      vertex -29.2406 45.7371 4.19
      vertex -29.3189 46.3319 3.59
      vertex -29.1265 46.3702 3.59
    endloop
  endfacet
  facet normal -0.670267 -0.227546 -0.706374
    outer loop
      vertex -31.4549 47.0155 4.19
      vertex -31.5432 47.2756 4.19
      vertex -30.9636 47.4309 3.59
    endloop
  endfacet
  facet normal 0.466714 -0.532206 -0.706353
    outer loop
      vertex -28.3044 46.3424 4.00235
      vertex -28.4541 46.7584 3.59
      vertex -28.1712 46.4756 3.99
    endloop
  endfacet
  facet normal 0.227915 -0.670656 -0.705887
    outer loop
      vertex -28.9712 45.7906 4.19
      vertex -28.7371 45.9097 4.15243
      vertex -28.797 45.8498 4.19
    endloop
  endfacet
  facet normal 0.227627 -0.670242 -0.706372
    outer loop
      vertex -28.7371 45.9097 4.15243
      vertex -28.9712 45.7906 4.19
      vertex -29.1265 46.3702 3.59
    endloop
  endfacet
  facet normal 0.694287 -0.137847 -0.706374
    outer loop
      vertex -27.4327 47.545 4.19
      vertex -28.0658 47.4309 3.59
      vertex -28.0276 47.6233 3.59
    endloop
  endfacet
  facet normal -0.393141 -0.588629 -0.706369
    outer loop
      vertex -30.2647 46.5201 3.59
      vertex -30.7931 46.153 4.19
      vertex -30.4279 46.6291 3.59
    endloop
  endfacet
  facet normal -0.634883 0.313061 -0.70634
    outer loop
      vertex -30.8138 48.5691 3.59
      vertex -31.4549 48.6227 4.19
      vertex -31.3334 48.8691 4.19
    endloop
  endfacet
  facet normal -0.466739 0.532201 -0.70634
    outer loop
      vertex -30.5754 48.8797 3.59
      vertex -30.9996 49.304 4.19
      vertex -30.7931 49.4851 4.19
    endloop
  endfacet
  facet normal -0.46691 -0.532102 -0.706302
    outer loop
      vertex -30.7931 46.153 4.19
      vertex -30.9996 46.3342 4.19
      vertex -30.5754 46.7584 3.59
    endloop
  endfacet
  facet normal -0.706342 -0.0461755 -0.706364
    outer loop
      vertex -31.0019 47.6233 3.59
      vertex -31.5968 47.545 4.19
      vertex -31.0147 47.8191 3.59
    endloop
  endfacet
  facet normal -0.0463853 -0.706346 -0.706346
    outer loop
      vertex -29.5147 45.7191 4.19
      vertex -29.7888 45.7371 4.19
      vertex -29.5147 46.3191 3.59
    endloop
  endfacet
  facet normal -0.227629 0.670261 -0.706353
    outer loop
      vertex -30.0887 49.2049 3.59
      vertex -30.3184 49.7592 4.19
      vertex -29.9029 49.268 3.59
    endloop
  endfacet
  facet normal -0.706354 0.0461282 -0.706354
    outer loop
      vertex -31.0147 47.8191 3.59
      vertex -31.6147 47.8191 4.19
      vertex -31.5968 48.0932 4.19
    endloop
  endfacet
  facet normal -0.58831 0.393529 -0.706418
    outer loop
      vertex -30.8138 48.5691 3.59
      vertex -31.1808 49.0975 4.19
      vertex -30.7047 48.7322 3.59
    endloop
  endfacet
  facet normal 0.5322 -0.466708 -0.706361
    outer loop
      vertex -28.1712 46.4756 3.99
      vertex -28.4541 46.7584 3.59
      vertex -28.038 46.6088 4.00235
    endloop
  endfacet
  facet normal 0.694287 0.137847 -0.706374
    outer loop
      vertex -28.0276 48.0149 3.59
      vertex -28.0658 48.2073 3.59
      vertex -27.4327 48.0932 4.19
    endloop
  endfacet
  facet normal 0.393104 -0.588637 -0.706382
    outer loop
      vertex -28.3882 46.2586 4.0175
      vertex -28.6016 46.6291 3.59
      vertex -28.3481 46.2987 4.0064
    endloop
  endfacet
  facet normal 0.393304 -0.588513 -0.706374
    outer loop
      vertex -28.6016 46.6291 3.59
      vertex -28.3882 46.2586 4.0175
      vertex -28.7647 46.5201 3.59
    endloop
  endfacet
  facet normal 0.313106 -0.634825 -0.706372
    outer loop
      vertex -28.7155 45.9313 4.14097
      vertex -28.7647 46.5201 3.59
      vertex -28.5312 46.1156 4.05703
    endloop
  endfacet
  facet normal -0.393168 0.58867 -0.706319
    outer loop
      vertex -30.4279 49.0091 3.59
      vertex -30.7931 49.4851 4.19
      vertex -30.2647 49.1181 3.59
    endloop
  endfacet
  facet normal -0.634957 0.312789 -0.706394
    outer loop
      vertex -30.9005 48.3931 3.59
      vertex -31.4549 48.6227 4.19
      vertex -30.8138 48.5691 3.59
    endloop
  endfacet
  facet normal -0.138208 -0.694286 -0.706305
    outer loop
      vertex -29.7888 45.7371 4.19
      vertex -29.9029 46.3702 3.59
      vertex -29.7105 46.3319 3.59
    endloop
  endfacet
  facet normal 0.58854 -0.393277 -0.706367
    outer loop
      vertex -27.9542 46.6926 4.0175
      vertex -28.2157 47.0691 3.59
      vertex -27.8112 46.8356 4.05703
    endloop
  endfacet
  facet normal -0.393223 -0.588547 -0.706391
    outer loop
      vertex -30.5647 46.0004 4.19
      vertex -30.7931 46.153 4.19
      vertex -30.2647 46.5201 3.59
    endloop
  endfacet
  facet normal 0.706306 -0.046534 -0.706375
    outer loop
      vertex -27.4327 47.545 4.19
      vertex -28.0276 47.6233 3.59
      vertex -28.0147 47.8191 3.59
    endloop
  endfacet
  facet normal 0.669989 -0.228069 -0.70647
    outer loop
      vertex -27.6147 47.0321 4.14655
      vertex -28.0658 47.4309 3.59
      vertex -27.6053 47.0415 4.15243
    endloop
  endfacet
  facet normal 0.670251 -0.227625 -0.706364
    outer loop
      vertex -28.0658 47.4309 3.59
      vertex -27.6147 47.0321 4.14655
      vertex -28.1289 47.2451 3.59
    endloop
  endfacet
  facet normal 0.634432 -0.314 -0.706328
    outer loop
      vertex -27.627 47.0198 4.14097
      vertex -28.1289 47.2451 3.59
      vertex -27.6147 47.0321 4.14655
    endloop
  endfacet
  facet normal 0.634857 -0.3131 -0.706347
    outer loop
      vertex -28.1289 47.2451 3.59
      vertex -27.627 47.0198 4.14097
      vertex -28.2157 47.0691 3.59
    endloop
  endfacet
  facet normal -0.532281 -0.466603 -0.70637
    outer loop
      vertex -30.5754 46.7584 3.59
      vertex -31.1808 46.5407 4.19
      vertex -30.7047 46.9059 3.59
    endloop
  endfacet
  facet normal 0.466705 -0.532171 -0.706386
    outer loop
      vertex -28.6016 46.6291 3.59
      vertex -28.3044 46.3424 4.00235
      vertex -28.3481 46.2987 4.0064
    endloop
  endfacet
  facet normal 0.466597 -0.532274 -0.706379
    outer loop
      vertex -28.3044 46.3424 4.00235
      vertex -28.6016 46.6291 3.59
      vertex -28.4541 46.7584 3.59
    endloop
  endfacet
  facet normal 0.0463853 -0.706346 -0.706346
    outer loop
      vertex -29.2406 45.7371 4.19
      vertex -29.5147 45.7191 4.19
      vertex -29.5147 46.3191 3.59
    endloop
  endfacet
  facet normal -0.393251 0.588587 -0.706342
    outer loop
      vertex -30.2647 49.1181 3.59
      vertex -30.7931 49.4851 4.19
      vertex -30.5647 49.6377 4.19
    endloop
  endfacet
  facet normal -0.227484 0.670344 -0.706321
    outer loop
      vertex -29.9029 49.268 3.59
      vertex -30.3184 49.7592 4.19
      vertex -30.0582 49.8475 4.19
    endloop
  endfacet
  facet normal -0.313162 0.63483 -0.706343
    outer loop
      vertex -30.2647 49.1181 3.59
      vertex -30.5647 49.6377 4.19
      vertex -30.3184 49.7592 4.19
    endloop
  endfacet
  facet normal -0.588587 -0.393251 -0.706342
    outer loop
      vertex -31.1808 46.5407 4.19
      vertex -31.3334 46.7691 4.19
      vertex -30.8138 47.0691 3.59
    endloop
  endfacet
  facet normal 0.138208 0.694286 -0.706305
    outer loop
      vertex -29.1265 49.268 3.59
      vertex -29.3189 49.3063 3.59
      vertex -29.2406 49.9011 4.19
    endloop
  endfacet
  facet normal -0.694229 0.138196 -0.706363
    outer loop
      vertex -31.0019 48.0149 3.59
      vertex -31.5968 48.0932 4.19
      vertex -30.9636 48.2073 3.59
    endloop
  endfacet
  facet normal -0.532073 0.466884 -0.706341
    outer loop
      vertex -30.5754 48.8797 3.59
      vertex -31.1808 49.0975 4.19
      vertex -30.9996 49.304 4.19
    endloop
  endfacet
  facet normal -0.588587 0.393251 -0.706342
    outer loop
      vertex -30.8138 48.5691 3.59
      vertex -31.3334 48.8691 4.19
      vertex -31.1808 49.0975 4.19
    endloop
  endfacet
  facet normal 0.227563 0.67032 -0.706319
    outer loop
      vertex -28.7111 49.7592 4.19
      vertex -29.1265 49.268 3.59
      vertex -28.9712 49.8475 4.19
    endloop
  endfacet
  facet normal -0.138208 0.694286 -0.706305
    outer loop
      vertex -29.7105 49.3063 3.59
      vertex -29.9029 49.268 3.59
      vertex -29.7888 49.9011 4.19
    endloop
  endfacet
  facet normal -0.466842 0.532142 -0.706317
    outer loop
      vertex -30.5754 48.8797 3.59
      vertex -30.7931 49.4851 4.19
      vertex -30.4279 49.0091 3.59
    endloop
  endfacet
  facet normal -0.227611 -0.670208 -0.706409
    outer loop
      vertex -29.9029 46.3702 3.59
      vertex -30.3184 45.8789 4.19
      vertex -30.0887 46.4333 3.59
    endloop
  endfacet
  facet normal 0.313061 0.634883 -0.70634
    outer loop
      vertex -28.4647 49.6377 4.19
      vertex -28.7647 49.1181 3.59
      vertex -28.7111 49.7592 4.19
    endloop
  endfacet
  facet normal 0.393251 0.588587 -0.706342
    outer loop
      vertex -28.2363 49.4851 4.19
      vertex -28.7647 49.1181 3.59
      vertex -28.4647 49.6377 4.19
    endloop
  endfacet
  facet normal -0.588454 -0.393384 -0.706378
    outer loop
      vertex -30.7047 46.9059 3.59
      vertex -31.1808 46.5407 4.19
      vertex -30.8138 47.0691 3.59
    endloop
  endfacet
  facet normal -0.0463853 0.706346 -0.706346
    outer loop
      vertex -29.5147 49.3191 3.59
      vertex -29.7888 49.9011 4.19
      vertex -29.5147 49.9191 4.19
    endloop
  endfacet
  facet normal -0.532252 0.466577 -0.706409
    outer loop
      vertex -30.7047 48.7322 3.59
      vertex -31.1808 49.0975 4.19
      vertex -30.5754 48.8797 3.59
    endloop
  endfacet
  facet normal 0.0463853 0.706346 -0.706346
    outer loop
      vertex -29.2406 49.9011 4.19
      vertex -29.5147 49.3191 3.59
      vertex -29.5147 49.9191 4.19
    endloop
  endfacet
  facet normal -0.0461794 0.7064 -0.706305
    outer loop
      vertex -29.7105 49.3063 3.59
      vertex -29.7888 49.9011 4.19
      vertex -29.5147 49.3191 3.59
    endloop
  endfacet
  facet normal 0.0461794 0.7064 -0.706305
    outer loop
      vertex -29.3189 49.3063 3.59
      vertex -29.5147 49.3191 3.59
      vertex -29.2406 49.9011 4.19
    endloop
  endfacet
  facet normal 0.227635 0.670279 -0.706334
    outer loop
      vertex -28.9407 49.2049 3.59
      vertex -29.1265 49.268 3.59
      vertex -28.7111 49.7592 4.19
    endloop
  endfacet
  facet normal 0.393313 0.588526 -0.706359
    outer loop
      vertex -28.6016 49.0091 3.59
      vertex -28.7647 49.1181 3.59
      vertex -28.2363 49.4851 4.19
    endloop
  endfacet
  facet normal 0.313107 0.634871 -0.706331
    outer loop
      vertex -28.7647 49.1181 3.59
      vertex -28.9407 49.2049 3.59
      vertex -28.7111 49.7592 4.19
    endloop
  endfacet
  facet normal 0.997851 0.0655283 0
    outer loop
      vertex -27.4147 47.8191 4.59
      vertex -27.4327 48.0932 4.19
      vertex -27.4327 48.0932 4.59
    endloop
  endfacet
  facet normal 0.997851 0.0655283 0
    outer loop
      vertex -27.4327 48.0932 4.19
      vertex -27.4147 47.8191 4.59
      vertex -27.4147 47.8191 4.19
    endloop
  endfacet
  facet normal 0.55554 0.83149 -0
    outer loop
      vertex -28.2363 49.4851 4.19
      vertex -28.4647 49.6377 4.59
      vertex -28.2363 49.4851 4.59
    endloop
  endfacet
  facet normal 0.55554 0.83149 0
    outer loop
      vertex -28.4647 49.6377 4.59
      vertex -28.2363 49.4851 4.19
      vertex -28.4647 49.6377 4.19
    endloop
  endfacet
  facet normal 0.659355 0.751832 -0
    outer loop
      vertex -28.0298 49.304 4.19
      vertex -28.2363 49.4851 4.59
      vertex -28.0298 49.304 4.59
    endloop
  endfacet
  facet normal 0.659355 0.751832 0
    outer loop
      vertex -28.2363 49.4851 4.59
      vertex -28.0298 49.304 4.19
      vertex -28.2363 49.4851 4.19
    endloop
  endfacet
  facet normal 0.442256 0.896889 -0
    outer loop
      vertex -28.4647 49.6377 4.19
      vertex -28.7111 49.7592 4.59
      vertex -28.4647 49.6377 4.59
    endloop
  endfacet
  facet normal 0.442256 0.896889 0
    outer loop
      vertex -28.7111 49.7592 4.59
      vertex -28.4647 49.6377 4.19
      vertex -28.7111 49.7592 4.19
    endloop
  endfacet
  facet normal 0.195136 0.980776 -0
    outer loop
      vertex -28.9712 49.8475 4.19
      vertex -29.2406 49.9011 4.59
      vertex -28.9712 49.8475 4.59
    endloop
  endfacet
  facet normal 0.195136 0.980776 0
    outer loop
      vertex -29.2406 49.9011 4.59
      vertex -28.9712 49.8475 4.19
      vertex -29.2406 49.9011 4.19
    endloop
  endfacet
  facet normal 0.194786 -0.980846 0
    outer loop
      vertex -29.2406 45.7371 4.19
      vertex -28.9712 45.7906 4.59
      vertex -29.2406 45.7371 4.59
    endloop
  endfacet
  facet normal 0.194786 -0.980846 0
    outer loop
      vertex -28.9712 45.7906 4.59
      vertex -29.2406 45.7371 4.19
      vertex -28.9712 45.7906 4.19
    endloop
  endfacet
  facet normal -0.55554 0.83149 0
    outer loop
      vertex -30.5647 49.6377 4.19
      vertex -30.7931 49.4851 4.59
      vertex -30.5647 49.6377 4.59
    endloop
  endfacet
  facet normal -0.55554 0.83149 0
    outer loop
      vertex -30.7931 49.4851 4.59
      vertex -30.5647 49.6377 4.19
      vertex -30.7931 49.4851 4.19
    endloop
  endfacet
  facet normal 0.751832 0.659355 0
    outer loop
      vertex -27.8487 49.0975 4.59
      vertex -28.0298 49.304 4.19
      vertex -28.0298 49.304 4.59
    endloop
  endfacet
  facet normal 0.751832 0.659355 0
    outer loop
      vertex -28.0298 49.304 4.19
      vertex -27.8487 49.0975 4.59
      vertex -27.8487 49.0975 4.19
    endloop
  endfacet
  facet normal 0.321465 0.946921 -0
    outer loop
      vertex -28.7111 49.7592 4.19
      vertex -28.9712 49.8475 4.59
      vertex -28.7111 49.7592 4.59
    endloop
  endfacet
  facet normal 0.321465 0.946921 0
    outer loop
      vertex -28.9712 49.8475 4.59
      vertex -28.7111 49.7592 4.19
      vertex -28.9712 49.8475 4.19
    endloop
  endfacet
  facet normal -0.442401 -0.896817 0
    outer loop
      vertex -30.5647 46.0004 4.19
      vertex -30.3184 45.8789 4.59
      vertex -30.5647 46.0004 4.59
    endloop
  endfacet
  facet normal -0.442401 -0.896817 -0
    outer loop
      vertex -30.3184 45.8789 4.59
      vertex -30.5647 46.0004 4.19
      vertex -30.3184 45.8789 4.19
    endloop
  endfacet
  facet normal -0.83149 -0.55554 0
    outer loop
      vertex -31.1808 46.5407 4.19
      vertex -31.3334 46.7691 4.59
      vertex -31.3334 46.7691 4.19
    endloop
  endfacet
  facet normal -0.83149 -0.55554 0
    outer loop
      vertex -31.3334 46.7691 4.59
      vertex -31.1808 46.5407 4.19
      vertex -31.1808 46.5407 4.59
    endloop
  endfacet
  facet normal 0.0655283 -0.997851 0
    outer loop
      vertex -29.5147 45.7191 4.19
      vertex -29.2406 45.7371 4.59
      vertex -29.5147 45.7191 4.59
    endloop
  endfacet
  facet normal 0.0655283 -0.997851 0
    outer loop
      vertex -29.2406 45.7371 4.59
      vertex -29.5147 45.7191 4.19
      vertex -29.2406 45.7371 4.19
    endloop
  endfacet
  facet normal -0.83149 0.55554 0
    outer loop
      vertex -31.3334 48.8691 4.19
      vertex -31.1808 49.0975 4.59
      vertex -31.1808 49.0975 4.19
    endloop
  endfacet
  facet normal -0.83149 0.55554 0
    outer loop
      vertex -31.1808 49.0975 4.59
      vertex -31.3334 48.8691 4.19
      vertex -31.3334 48.8691 4.59
    endloop
  endfacet
  facet normal 0.946985 -0.321279 0
    outer loop
      vertex -27.5454 47.1014 4.59
      vertex -27.4863 47.2756 4.19
      vertex -27.4863 47.2756 4.59
    endloop
  endfacet
  facet normal 0.946985 -0.321279 0
    outer loop
      vertex -27.4863 47.2756 4.19
      vertex -27.5454 47.1014 4.59
      vertex -27.5454 47.1014 4.19
    endloop
  endfacet
  facet normal -0.980776 -0.195136 0
    outer loop
      vertex -31.5432 47.2756 4.19
      vertex -31.5968 47.545 4.59
      vertex -31.5968 47.545 4.19
    endloop
  endfacet
  facet normal -0.980776 -0.195136 0
    outer loop
      vertex -31.5968 47.545 4.59
      vertex -31.5432 47.2756 4.19
      vertex -31.5432 47.2756 4.59
    endloop
  endfacet
  facet normal -0.195136 0.980776 0
    outer loop
      vertex -29.7888 49.9011 4.19
      vertex -30.0582 49.8475 4.59
      vertex -29.7888 49.9011 4.59
    endloop
  endfacet
  facet normal -0.195136 0.980776 0
    outer loop
      vertex -30.0582 49.8475 4.59
      vertex -29.7888 49.9011 4.19
      vertex -30.0582 49.8475 4.19
    endloop
  endfacet
  facet normal 0 0 1
    outer loop
      vertex -27.4327 48.0932 4.59
      vertex -27.4327 47.545 4.59
      vertex -27.4147 47.8191 4.59
    endloop
  endfacet
  facet normal 0 0 1
    outer loop
      vertex -27.4863 48.3626 4.59
      vertex -27.4327 47.545 4.59
      vertex -27.4327 48.0932 4.59
    endloop
  endfacet
  facet normal 0 0 1
    outer loop
      vertex -27.5454 47.1014 4.59
      vertex -27.4327 47.545 4.59
      vertex -27.4863 48.3626 4.59
    endloop
  endfacet
  facet normal 0 0 1
    outer loop
      vertex -27.4327 47.545 4.59
      vertex -27.5454 47.1014 4.59
      vertex -27.4863 47.2756 4.59
    endloop
  endfacet
  facet normal 0 0 1
    outer loop
      vertex -27.5746 48.6227 4.59
      vertex -27.5454 47.1014 4.59
      vertex -27.4863 48.3626 4.59
    endloop
  endfacet
  facet normal 0 0 1
    outer loop
      vertex -27.6961 48.8691 4.59
      vertex -27.5454 47.1014 4.59
      vertex -27.5746 48.6227 4.59
    endloop
  endfacet
  facet normal 0 0 1
    outer loop
      vertex -27.8487 49.0975 4.59
      vertex -27.5454 47.1014 4.59
      vertex -27.6961 48.8691 4.59
    endloop
  endfacet
  facet normal 0 0 1
    outer loop
      vertex -28.0298 49.304 4.59
      vertex -27.5454 47.1014 4.59
      vertex -27.8487 49.0975 4.59
    endloop
  endfacet
  facet normal 0 0 1
    outer loop
      vertex -28.2363 49.4851 4.59
      vertex -27.5454 47.1014 4.59
      vertex -28.0298 49.304 4.59
    endloop
  endfacet
  facet normal 0 0 1
    outer loop
      vertex -28.4647 49.6377 4.59
      vertex -27.5454 47.1014 4.59
      vertex -28.2363 49.4851 4.59
    endloop
  endfacet
  facet normal 0 0 1
    outer loop
      vertex -28.7111 49.7592 4.59
      vertex -27.5454 47.1014 4.59
      vertex -28.4647 49.6377 4.59
    endloop
  endfacet
  facet normal 0 0 1
    outer loop
      vertex -28.7111 49.7592 4.59
      vertex -28.797 45.8498 4.59
      vertex -27.5454 47.1014 4.59
    endloop
  endfacet
  facet normal 0 0 1
    outer loop
      vertex -28.9712 49.8475 4.59
      vertex -28.797 45.8498 4.59
      vertex -28.7111 49.7592 4.59
    endloop
  endfacet
  facet normal 0 0 1
    outer loop
      vertex -29.2406 49.9011 4.59
      vertex -28.797 45.8498 4.59
      vertex -28.9712 49.8475 4.59
    endloop
  endfacet
  facet normal 0 0 1
    outer loop
      vertex -29.2406 45.7371 4.59
      vertex -28.797 45.8498 4.59
      vertex -29.2406 49.9011 4.59
    endloop
  endfacet
  facet normal 0 0 1
    outer loop
      vertex -28.797 45.8498 4.59
      vertex -29.2406 45.7371 4.59
      vertex -28.9712 45.7906 4.59
    endloop
  endfacet
  facet normal 0 0 1
    outer loop
      vertex -29.5147 49.9191 4.59
      vertex -29.2406 45.7371 4.59
      vertex -29.2406 49.9011 4.59
    endloop
  endfacet
  facet normal 0 0 1
    outer loop
      vertex -29.5147 49.9191 4.59
      vertex -29.5147 45.7191 4.59
      vertex -29.2406 45.7371 4.59
    endloop
  endfacet
  facet normal -0 0 1
    outer loop
      vertex -29.7888 49.9011 4.59
      vertex -29.5147 45.7191 4.59
      vertex -29.5147 49.9191 4.59
    endloop
  endfacet
  facet normal 0 0 1
    outer loop
      vertex -29.7888 49.9011 4.59
      vertex -29.7888 45.7371 4.59
      vertex -29.5147 45.7191 4.59
    endloop
  endfacet
  facet normal -0 0 1
    outer loop
      vertex -30.0582 49.8475 4.59
      vertex -29.7888 45.7371 4.59
      vertex -29.7888 49.9011 4.59
    endloop
  endfacet
  facet normal 0 0 1
    outer loop
      vertex -30.0582 49.8475 4.59
      vertex -30.0582 45.7906 4.59
      vertex -29.7888 45.7371 4.59
    endloop
  endfacet
  facet normal -0 0 1
    outer loop
      vertex -30.3184 49.7592 4.59
      vertex -30.0582 45.7906 4.59
      vertex -30.0582 49.8475 4.59
    endloop
  endfacet
  facet normal 0 0 1
    outer loop
      vertex -30.3184 49.7592 4.59
      vertex -30.3184 45.8789 4.59
      vertex -30.0582 45.7906 4.59
    endloop
  endfacet
  facet normal -0 0 1
    outer loop
      vertex -30.5647 49.6377 4.59
      vertex -30.3184 45.8789 4.59
      vertex -30.3184 49.7592 4.59
    endloop
  endfacet
  facet normal 0 0 1
    outer loop
      vertex -30.5647 49.6377 4.59
      vertex -30.5647 46.0004 4.59
      vertex -30.3184 45.8789 4.59
    endloop
  endfacet
  facet normal -0 0 1
    outer loop
      vertex -30.7931 49.4851 4.59
      vertex -30.5647 46.0004 4.59
      vertex -30.5647 49.6377 4.59
    endloop
  endfacet
  facet normal 0 0 1
    outer loop
      vertex -30.7931 49.4851 4.59
      vertex -30.7931 46.153 4.59
      vertex -30.5647 46.0004 4.59
    endloop
  endfacet
  facet normal -0 0 1
    outer loop
      vertex -30.9996 49.304 4.59
      vertex -30.7931 46.153 4.59
      vertex -30.7931 49.4851 4.59
    endloop
  endfacet
  facet normal 0 0 1
    outer loop
      vertex -30.9996 49.304 4.59
      vertex -30.9996 46.3342 4.59
      vertex -30.7931 46.153 4.59
    endloop
  endfacet
  facet normal -0 0 1
    outer loop
      vertex -31.1808 49.0975 4.59
      vertex -30.9996 46.3342 4.59
      vertex -30.9996 49.304 4.59
    endloop
  endfacet
  facet normal 0 0 1
    outer loop
      vertex -31.1808 49.0975 4.59
      vertex -31.1808 46.5407 4.59
      vertex -30.9996 46.3342 4.59
    endloop
  endfacet
  facet normal -0 0 1
    outer loop
      vertex -31.3334 48.8691 4.59
      vertex -31.1808 46.5407 4.59
      vertex -31.1808 49.0975 4.59
    endloop
  endfacet
  facet normal 0 0 1
    outer loop
      vertex -31.3334 48.8691 4.59
      vertex -31.3334 46.7691 4.59
      vertex -31.1808 46.5407 4.59
    endloop
  endfacet
  facet normal -0 0 1
    outer loop
      vertex -31.4549 48.6227 4.59
      vertex -31.3334 46.7691 4.59
      vertex -31.3334 48.8691 4.59
    endloop
  endfacet
  facet normal 0 0 1
    outer loop
      vertex -31.4549 48.6227 4.59
      vertex -31.4549 47.0155 4.59
      vertex -31.3334 46.7691 4.59
    endloop
  endfacet
  facet normal -0 0 1
    outer loop
      vertex -31.5432 48.3626 4.59
      vertex -31.4549 47.0155 4.59
      vertex -31.4549 48.6227 4.59
    endloop
  endfacet
  facet normal 0 0 1
    outer loop
      vertex -31.5432 48.3626 4.59
      vertex -31.5432 47.2756 4.59
      vertex -31.4549 47.0155 4.59
    endloop
  endfacet
  facet normal -0 0 1
    outer loop
      vertex -31.5968 48.0932 4.59
      vertex -31.5432 47.2756 4.59
      vertex -31.5432 48.3626 4.59
    endloop
  endfacet
  facet normal 0 0 1
    outer loop
      vertex -31.5968 48.0932 4.59
      vertex -31.5968 47.545 4.59
      vertex -31.5432 47.2756 4.59
    endloop
  endfacet
  facet normal 0 -0 1
    outer loop
      vertex -31.5968 47.545 4.59
      vertex -31.5968 48.0932 4.59
      vertex -31.6147 47.8191 4.59
    endloop
  endfacet
  facet normal 0.980776 0.195136 0
    outer loop
      vertex -27.4327 48.0932 4.59
      vertex -27.4863 48.3626 4.19
      vertex -27.4863 48.3626 4.59
    endloop
  endfacet
  facet normal 0.980776 0.195136 0
    outer loop
      vertex -27.4863 48.3626 4.19
      vertex -27.4327 48.0932 4.59
      vertex -27.4327 48.0932 4.19
    endloop
  endfacet
  facet normal -0.321355 0.946959 0
    outer loop
      vertex -30.0582 49.8475 4.19
      vertex -30.3184 49.7592 4.59
      vertex -30.0582 49.8475 4.59
    endloop
  endfacet
  facet normal -0.321355 0.946959 0
    outer loop
      vertex -30.3184 49.7592 4.59
      vertex -30.0582 49.8475 4.19
      vertex -30.3184 49.7592 4.19
    endloop
  endfacet
  facet normal 0.83149 0.55554 0
    outer loop
      vertex -27.6961 48.8691 4.59
      vertex -27.8487 49.0975 4.19
      vertex -27.8487 49.0975 4.59
    endloop
  endfacet
  facet normal 0.83149 0.55554 0
    outer loop
      vertex -27.8487 49.0975 4.19
      vertex -27.6961 48.8691 4.59
      vertex -27.6961 48.8691 4.19
    endloop
  endfacet
  facet normal -0.896889 0.442256 0
    outer loop
      vertex -31.4549 48.6227 4.19
      vertex -31.3334 48.8691 4.59
      vertex -31.3334 48.8691 4.19
    endloop
  endfacet
  facet normal -0.896889 0.442256 0
    outer loop
      vertex -31.3334 48.8691 4.59
      vertex -31.4549 48.6227 4.19
      vertex -31.4549 48.6227 4.59
    endloop
  endfacet
  facet normal -0.946921 0.321465 0
    outer loop
      vertex -31.5432 48.3626 4.19
      vertex -31.4549 48.6227 4.59
      vertex -31.4549 48.6227 4.19
    endloop
  endfacet
  facet normal -0.946921 0.321465 0
    outer loop
      vertex -31.4549 48.6227 4.59
      vertex -31.5432 48.3626 4.19
      vertex -31.5432 48.3626 4.59
    endloop
  endfacet
  facet normal -0.980776 0.195136 0
    outer loop
      vertex -31.5968 48.0932 4.19
      vertex -31.5432 48.3626 4.59
      vertex -31.5432 48.3626 4.19
    endloop
  endfacet
  facet normal -0.980776 0.195136 0
    outer loop
      vertex -31.5432 48.3626 4.59
      vertex -31.5968 48.0932 4.19
      vertex -31.5968 48.0932 4.59
    endloop
  endfacet
  facet normal 0.997851 -0.0655283 0
    outer loop
      vertex -27.4327 47.545 4.59
      vertex -27.4147 47.8191 4.19
      vertex -27.4147 47.8191 4.59
    endloop
  endfacet
  facet normal 0.997851 -0.0655283 0
    outer loop
      vertex -27.4147 47.8191 4.19
      vertex -27.4327 47.545 4.59
      vertex -27.4327 47.545 4.19
    endloop
  endfacet
  facet normal -0.997874 -0.0651658 0
    outer loop
      vertex -31.5968 47.545 4.19
      vertex -31.6147 47.8191 4.59
      vertex -31.6147 47.8191 4.19
    endloop
  endfacet
  facet normal -0.997874 -0.0651658 0
    outer loop
      vertex -31.6147 47.8191 4.59
      vertex -31.5968 47.545 4.19
      vertex -31.5968 47.545 4.59
    endloop
  endfacet
  facet normal -0.659355 0.751832 0
    outer loop
      vertex -30.7931 49.4851 4.19
      vertex -30.9996 49.304 4.59
      vertex -30.7931 49.4851 4.59
    endloop
  endfacet
  facet normal -0.659355 0.751832 0
    outer loop
      vertex -30.9996 49.304 4.59
      vertex -30.7931 49.4851 4.19
      vertex -30.9996 49.304 4.19
    endloop
  endfacet
  facet normal -0.0655283 -0.997851 0
    outer loop
      vertex -29.7888 45.7371 4.19
      vertex -29.5147 45.7191 4.59
      vertex -29.7888 45.7371 4.59
    endloop
  endfacet
  facet normal -0.0655283 -0.997851 -0
    outer loop
      vertex -29.5147 45.7191 4.59
      vertex -29.7888 45.7371 4.19
      vertex -29.5147 45.7191 4.19
    endloop
  endfacet
  facet normal -0.946921 -0.321465 0
    outer loop
      vertex -31.4549 47.0155 4.19
      vertex -31.5432 47.2756 4.59
      vertex -31.5432 47.2756 4.19
    endloop
  endfacet
  facet normal -0.946921 -0.321465 0
    outer loop
      vertex -31.5432 47.2756 4.59
      vertex -31.4549 47.0155 4.19
      vertex -31.4549 47.0155 4.59
    endloop
  endfacet
  facet normal 0.946921 0.321465 0
    outer loop
      vertex -27.4863 48.3626 4.59
      vertex -27.5746 48.6227 4.19
      vertex -27.5746 48.6227 4.59
    endloop
  endfacet
  facet normal 0.946921 0.321465 0
    outer loop
      vertex -27.5746 48.6227 4.19
      vertex -27.4863 48.3626 4.59
      vertex -27.4863 48.3626 4.19
    endloop
  endfacet
  facet normal -0.751651 0.659561 0
    outer loop
      vertex -31.1808 49.0975 4.19
      vertex -30.9996 49.304 4.59
      vertex -30.9996 49.304 4.19
    endloop
  endfacet
  facet normal -0.751651 0.659561 0
    outer loop
      vertex -30.9996 49.304 4.59
      vertex -31.1808 49.0975 4.19
      vertex -31.1808 49.0975 4.59
    endloop
  endfacet
  facet normal -0.896889 -0.442256 0
    outer loop
      vertex -31.3334 46.7691 4.19
      vertex -31.4549 47.0155 4.59
      vertex -31.4549 47.0155 4.19
    endloop
  endfacet
  facet normal -0.896889 -0.442256 0
    outer loop
      vertex -31.4549 47.0155 4.59
      vertex -31.3334 46.7691 4.19
      vertex -31.3334 46.7691 4.59
    endloop
  endfacet
  facet normal -0.442401 0.896817 0
    outer loop
      vertex -30.3184 49.7592 4.19
      vertex -30.5647 49.6377 4.59
      vertex -30.3184 49.7592 4.59
    endloop
  endfacet
  facet normal -0.442401 0.896817 0
    outer loop
      vertex -30.5647 49.6377 4.59
      vertex -30.3184 49.7592 4.19
      vertex -30.5647 49.6377 4.19
    endloop
  endfacet
  facet normal 0.896889 0.442256 0
    outer loop
      vertex -27.5746 48.6227 4.59
      vertex -27.6961 48.8691 4.19
      vertex -27.6961 48.8691 4.59
    endloop
  endfacet
  facet normal 0.896889 0.442256 0
    outer loop
      vertex -27.6961 48.8691 4.19
      vertex -27.5746 48.6227 4.59
      vertex -27.5746 48.6227 4.19
    endloop
  endfacet
  facet normal -0.55554 -0.83149 0
    outer loop
      vertex -30.7931 46.153 4.19
      vertex -30.5647 46.0004 4.59
      vertex -30.7931 46.153 4.59
    endloop
  endfacet
  facet normal -0.55554 -0.83149 -0
    outer loop
      vertex -30.5647 46.0004 4.59
      vertex -30.7931 46.153 4.19
      vertex -30.5647 46.0004 4.19
    endloop
  endfacet
  facet normal 0.0655283 0.997851 -0
    outer loop
      vertex -29.2406 49.9011 4.19
      vertex -29.5147 49.9191 4.59
      vertex -29.2406 49.9011 4.59
    endloop
  endfacet
  facet normal 0.0655283 0.997851 0
    outer loop
      vertex -29.5147 49.9191 4.59
      vertex -29.2406 49.9011 4.19
      vertex -29.5147 49.9191 4.19
    endloop
  endfacet
  facet normal -0.997874 0.0651658 0
    outer loop
      vertex -31.6147 47.8191 4.19
      vertex -31.5968 48.0932 4.59
      vertex -31.5968 48.0932 4.19
    endloop
  endfacet
  facet normal -0.997874 0.0651658 0
    outer loop
      vertex -31.5968 48.0932 4.59
      vertex -31.6147 47.8191 4.19
      vertex -31.6147 47.8191 4.59
    endloop
  endfacet
  facet normal -0.321355 -0.946959 0
    outer loop
      vertex -30.3184 45.8789 4.19
      vertex -30.0582 45.7906 4.59
      vertex -30.3184 45.8789 4.59
    endloop
  endfacet
  facet normal -0.321355 -0.946959 -0
    outer loop
      vertex -30.0582 45.7906 4.59
      vertex -30.3184 45.8789 4.19
      vertex -30.0582 45.7906 4.19
    endloop
  endfacet
  facet normal -0.751651 -0.659561 0
    outer loop
      vertex -30.9996 46.3342 4.19
      vertex -31.1808 46.5407 4.59
      vertex -31.1808 46.5407 4.19
    endloop
  endfacet
  facet normal -0.751651 -0.659561 0
    outer loop
      vertex -31.1808 46.5407 4.59
      vertex -30.9996 46.3342 4.19
      vertex -30.9996 46.3342 4.59
    endloop
  endfacet
  facet normal -0.0655283 0.997851 0
    outer loop
      vertex -29.5147 49.9191 4.19
      vertex -29.7888 49.9011 4.59
      vertex -29.5147 49.9191 4.59
    endloop
  endfacet
  facet normal -0.0655283 0.997851 0
    outer loop
      vertex -29.7888 49.9011 4.59
      vertex -29.5147 49.9191 4.19
      vertex -29.7888 49.9011 4.19
    endloop
  endfacet
  facet normal -0.194786 -0.980846 0
    outer loop
      vertex -30.0582 45.7906 4.19
      vertex -29.7888 45.7371 4.59
      vertex -30.0582 45.7906 4.59
    endloop
  endfacet
  facet normal -0.194786 -0.980846 -0
    outer loop
      vertex -29.7888 45.7371 4.59
      vertex -30.0582 45.7906 4.19
      vertex -29.7888 45.7371 4.19
    endloop
  endfacet
  facet normal 0.980776 -0.195136 0
    outer loop
      vertex -27.4863 47.2756 4.59
      vertex -27.4327 47.545 4.19
      vertex -27.4327 47.545 4.59
    endloop
  endfacet
  facet normal 0.980776 -0.195136 0
    outer loop
      vertex -27.4327 47.545 4.19
      vertex -27.4863 47.2756 4.59
      vertex -27.4863 47.2756 4.19
    endloop
  endfacet
  facet normal -0.659561 -0.751651 0
    outer loop
      vertex -30.9996 46.3342 4.19
      vertex -30.7931 46.153 4.59
      vertex -30.9996 46.3342 4.59
    endloop
  endfacet
  facet normal -0.659561 -0.751651 -0
    outer loop
      vertex -30.7931 46.153 4.59
      vertex -30.9996 46.3342 4.19
      vertex -30.7931 46.153 4.19
    endloop
  endfacet
  facet normal 0.321766 -0.946819 0
    outer loop
      vertex -28.9712 45.7906 4.19
      vertex -28.797 45.8498 4.59
      vertex -28.9712 45.7906 4.59
    endloop
  endfacet
  facet normal 0.321766 -0.946819 0
    outer loop
      vertex -28.797 45.8498 4.59
      vertex -28.9712 45.7906 4.19
      vertex -28.797 45.8498 4.19
    endloop
  endfacet
  facet normal 0.707107 0.707107 0
    outer loop
      vertex -30.2218 30 8
      vertex -38 37.7782 6.04454
      vertex -38 37.7782 8
    endloop
  endfacet
  facet normal 0.707107 0.707107 0
    outer loop
      vertex -38 37.7782 6.04454
      vertex -30.2218 30 8
      vertex -30.2218 30 6.04454
    endloop
  endfacet
  facet normal 0 0 1
    outer loop
      vertex -38 37.7782 8
      vertex -32.5819 30 8
      vertex -30.2218 30 8
    endloop
  endfacet
  facet normal 0 0 1
    outer loop
      vertex -38 37.7782 8
      vertex -38 35.4181 8
      vertex -32.5819 30 8
    endloop
  endfacet
  facet normal 0 0 1
    outer loop
      vertex -38 37.7782 8
      vertex -43.4181 30 8
      vertex -38 35.4181 8
    endloop
  endfacet
  facet normal 0 -0 1
    outer loop
      vertex -43.4181 30 8
      vertex -38 37.7782 8
      vertex -45.7782 30 8
    endloop
  endfacet
  facet normal 0 0 1
    outer loop
      vertex -38 24.5819 8
      vertex -30.2218 30 8
      vertex -32.5819 30 8
    endloop
  endfacet
  facet normal -0 0 1
    outer loop
      vertex -38 24.5819 8
      vertex -38 22.2218 8
      vertex -30.2218 30 8
    endloop
  endfacet
  facet normal 0 0 1
    outer loop
      vertex -43.4181 30 8
      vertex -38 22.2218 8
      vertex -38 24.5819 8
    endloop
  endfacet
  facet normal 0 0 1
    outer loop
      vertex -38 22.2218 8
      vertex -43.4181 30 8
      vertex -45.7782 30 8
    endloop
  endfacet
  facet normal -0.70712 -0.707094 0
    outer loop
      vertex -40.6693 24.8912 1.6
      vertex -38 22.2218 1.6
      vertex -40.6693 24.8912 5.8
    endloop
  endfacet
  facet normal -0.707094 -0.70712 -0
    outer loop
      vertex -43.1088 27.3307 5.8
      vertex -45.7782 30 1.6
      vertex -43.1088 27.3307 1.6
    endloop
  endfacet
  facet normal -0.707094 -0.70712 0
    outer loop
      vertex -45.7782 30 1.6
      vertex -43.1088 27.3307 5.8
      vertex -45.7782 30 8
    endloop
  endfacet
  facet normal -0.707107 -0.707107 -3.21412e-05
    outer loop
      vertex -40.6693 24.8912 5.8
      vertex -45.7782 30 8
      vertex -43.1088 27.3307 5.8
    endloop
  endfacet
  facet normal -0.707107 -0.707107 -3.21412e-05
    outer loop
      vertex -40.6693 24.8912 5.8
      vertex -38 22.2218 8
      vertex -45.7782 30 8
    endloop
  endfacet
  facet normal -0.70712 -0.707094 -0
    outer loop
      vertex -38 22.2218 8
      vertex -40.6693 24.8912 5.8
      vertex -38 22.2218 1.6
    endloop
  endfacet
  facet normal -0.707107 0.707107 0
    outer loop
      vertex -41.8891 33.8891 1.6
      vertex -45.7782 30 1.6
      vertex -41.8891 33.8891 6.04454
    endloop
  endfacet
  facet normal -0.707107 0.707107 0
    outer loop
      vertex -41.8891 33.8891 6.04454
      vertex -38 37.7782 8
      vertex -38 37.7782 6.04454
    endloop
  endfacet
  facet normal -0.707107 0.707107 0
    outer loop
      vertex -41.8891 33.8891 6.04454
      vertex -45.7782 30 8
      vertex -38 37.7782 8
    endloop
  endfacet
  facet normal -0.707107 0.707107 0
    outer loop
      vertex -45.7782 30 8
      vertex -41.8891 33.8891 6.04454
      vertex -45.7782 30 1.6
    endloop
  endfacet
  facet normal 0.707107 -0.707107 0
    outer loop
      vertex -30.2218 30 8
      vertex -34.1109 26.1109 6.04454
      vertex -30.2218 30 6.04454
    endloop
  endfacet
  facet normal 0.707107 -0.707107 0
    outer loop
      vertex -38 22.2218 8
      vertex -34.1109 26.1109 6.04454
      vertex -30.2218 30 8
    endloop
  endfacet
  facet normal 0.707107 -0.707107 0
    outer loop
      vertex -38 22.2218 1.6
      vertex -34.1109 26.1109 6.04454
      vertex -38 22.2218 8
    endloop
  endfacet
  facet normal 0.707107 -0.707107 0
    outer loop
      vertex -34.1109 26.1109 6.04454
      vertex -38 22.2218 1.6
      vertex -34.1109 26.1109 1.6
    endloop
  endfacet
  facet normal 0.707107 0.707107 0
    outer loop
      vertex -30.0804 41.8794 6.04454
      vertex -32.4846 44.2836 1.6
      vertex -32.4846 44.2836 6.04454
    endloop
  endfacet
  facet normal 0.707107 0.707107 0
    outer loop
      vertex -32.4846 44.2836 1.6
      vertex -30.0804 41.8794 6.04454
      vertex -30.0804 41.8794 1.6
    endloop
  endfacet
  facet normal 0.707107 0.707107 0
    outer loop
      vertex -23.7164 35.5154 6.04454
      vertex -26.1206 37.9196 1.6
      vertex -26.1206 37.9196 6.04454
    endloop
  endfacet
  facet normal 0.707107 0.707107 0
    outer loop
      vertex -26.1206 37.9196 1.6
      vertex -23.7164 35.5154 6.04454
      vertex -23.7164 35.5154 1.6
    endloop
  endfacet
  facet normal 0 0 1
    outer loop
      vertex -32.4846 44.2836 6.04454
      vertex -35.7373 36.2225 6.04454
      vertex -30.0804 41.8794 6.04454
    endloop
  endfacet
  facet normal 0 0 1
    outer loop
      vertex -32.4846 44.2836 6.04454
      vertex -38 37.7782 6.04454
      vertex -35.7373 36.2225 6.04454
    endloop
  endfacet
  facet normal 0 0 1
    outer loop
      vertex -42.3841 34.3841 6.04454
      vertex -38 37.7782 6.04454
      vertex -32.4846 44.2836 6.04454
    endloop
  endfacet
  facet normal 0 0 1
    outer loop
      vertex -38 37.7782 6.04454
      vertex -42.3841 34.3841 6.04454
      vertex -41.8891 33.8891 6.04454
    endloop
  endfacet
  facet normal 0 0 1
    outer loop
      vertex -23.7164 35.5154 6.04454
      vertex -31.7775 32.2627 6.04454
      vertex -30.2218 30 6.04454
    endloop
  endfacet
  facet normal 0 0 1
    outer loop
      vertex -35.7373 36.2225 6.04454
      vertex -30.2218 30 6.04454
      vertex -31.7775 32.2627 6.04454
    endloop
  endfacet
  facet normal 0 0 1
    outer loop
      vertex -30.2218 30 6.04454
      vertex -35.7373 36.2225 6.04454
      vertex -38 37.7782 6.04454
    endloop
  endfacet
  facet normal 0 0 1
    outer loop
      vertex -31.7775 32.2627 6.04454
      vertex -23.7164 35.5154 6.04454
      vertex -26.1206 37.9196 6.04454
    endloop
  endfacet
  facet normal -0 0 1
    outer loop
      vertex -30.2218 30 6.04454
      vertex -33.6159 25.6159 6.04454
      vertex -23.7164 35.5154 6.04454
    endloop
  endfacet
  facet normal 0 -0 1
    outer loop
      vertex -33.6159 25.6159 6.04454
      vertex -30.2218 30 6.04454
      vertex -34.1109 26.1109 6.04454
    endloop
  endfacet
  facet normal -0.707107 -0.707107 0
    outer loop
      vertex -41.8891 33.8891 1.6
      vertex -42.3841 34.3841 6.04454
      vertex -42.3841 34.3841 1.6
    endloop
  endfacet
  facet normal -0.707107 -0.707107 0
    outer loop
      vertex -42.3841 34.3841 6.04454
      vertex -41.8891 33.8891 1.6
      vertex -41.8891 33.8891 6.04454
    endloop
  endfacet
  facet normal -0.707107 -0.707107 0
    outer loop
      vertex -34.1109 26.1109 1.6
      vertex -33.6159 25.6159 6.04454
      vertex -34.1109 26.1109 6.04454
    endloop
  endfacet
  facet normal -0.707107 -0.707107 -0
    outer loop
      vertex -33.6159 25.6159 6.04454
      vertex -34.1109 26.1109 1.6
      vertex -33.6159 25.6159 1.6
    endloop
  endfacet
  facet normal -0.707107 0.707107 -7.85665e-05
    outer loop
      vertex -32.4846 44.2836 6.04454
      vertex -34.7473 42.0208 5.14453
      vertex -42.3841 34.3841 6.04454
    endloop
  endfacet
  facet normal -0.707119 0.707095 -1.72464e-05
    outer loop
      vertex -32.4846 44.2836 6.04454
      vertex -34.0598 42.7083 4.17226
      vertex -34.7473 42.0208 5.14453
    endloop
  endfacet
  facet normal -0.707299 0.706915 0.000285024
    outer loop
      vertex -32.4846 44.2836 6.04454
      vertex -33.976 42.7922 4.03704
      vertex -34.0598 42.7083 4.17226
    endloop
  endfacet
  facet normal -0.706912 0.707301 -0.000289041
    outer loop
      vertex -32.4846 44.2836 6.04454
      vertex -33.9053 42.8628 3.8875
      vertex -33.976 42.7922 4.03704
    endloop
  endfacet
  facet normal -0.707341 0.706873 0.000275255
    outer loop
      vertex -32.4846 44.2836 6.04454
      vertex -33.8491 42.9191 3.72618
      vertex -33.9053 42.8628 3.8875
    endloop
  endfacet
  facet normal -0.707107 0.707107 0
    outer loop
      vertex -32.4846 44.2836 6.04454
      vertex -33.8082 42.96 3.55587
      vertex -33.8491 42.9191 3.72618
    endloop
  endfacet
  facet normal -0.707107 0.707107 0
    outer loop
      vertex -32.4846 44.2836 6.04454
      vertex -33.7834 42.9848 3.37946
      vertex -33.8082 42.96 3.55587
    endloop
  endfacet
  facet normal -0.707107 0.707107 0
    outer loop
      vertex -32.4846 44.2836 1.6
      vertex -33.7834 42.9848 3.37946
      vertex -32.4846 44.2836 6.04454
    endloop
  endfacet
  facet normal -0.707395 0.706818 -0.000420847
    outer loop
      vertex -33.7834 42.9848 3.37946
      vertex -32.4846 44.2836 1.6
      vertex -33.775 42.9931 3.2
    endloop
  endfacet
  facet normal -0.706902 0.707312 0.000374939
    outer loop
      vertex -33.775 42.9931 3.2
      vertex -32.4846 44.2836 1.6
      vertex -33.7834 42.9848 3.02054
    endloop
  endfacet
  facet normal -0.707107 0.707107 0
    outer loop
      vertex -33.7834 42.9848 3.02054
      vertex -32.4846 44.2836 1.6
      vertex -33.8082 42.96 2.84413
    endloop
  endfacet
  facet normal -0.707107 0.707107 0
    outer loop
      vertex -33.8082 42.96 2.84413
      vertex -32.4846 44.2836 1.6
      vertex -33.8491 42.9191 2.67382
    endloop
  endfacet
  facet normal -0.707114 0.707099 0.000162668
    outer loop
      vertex -34.6204 42.1477 1.83676
      vertex -32.4846 44.2836 1.6
      vertex -34.7473 42.0208 1.825
    endloop
  endfacet
  facet normal -0.707119 0.707095 8.43854e-05
    outer loop
      vertex -34.4957 42.2724 1.87186
      vertex -32.4846 44.2836 1.6
      vertex -34.6204 42.1477 1.83676
    endloop
  endfacet
  facet normal -0.70712 0.707093 5.71687e-05
    outer loop
      vertex -34.3752 42.3929 1.92968
      vertex -32.4846 44.2836 1.6
      vertex -34.4957 42.2724 1.87186
    endloop
  endfacet
  facet normal -0.707184 0.70703 -0.000668279
    outer loop
      vertex -34.2612 42.507 2.00922
      vertex -32.4846 44.2836 1.6
      vertex -34.3752 42.3929 1.92968
    endloop
  endfacet
  facet normal -0.707041 0.707172 0.000568924
    outer loop
      vertex -34.1554 42.6127 2.10915
      vertex -32.4846 44.2836 1.6
      vertex -34.2612 42.507 2.00922
    endloop
  endfacet
  facet normal -0.707124 0.70709 2.7388e-05
    outer loop
      vertex -34.0598 42.7083 2.22774
      vertex -32.4846 44.2836 1.6
      vertex -34.1554 42.6127 2.10915
    endloop
  endfacet
  facet normal -0.707208 0.707005 -0.000396994
    outer loop
      vertex -33.976 42.7922 2.36296
      vertex -32.4846 44.2836 1.6
      vertex -34.0598 42.7083 2.22774
    endloop
  endfacet
  facet normal -0.707009 0.707204 0.000380815
    outer loop
      vertex -33.9053 42.8628 2.5125
      vertex -32.4846 44.2836 1.6
      vertex -33.976 42.7922 2.36296
    endloop
  endfacet
  facet normal -0.707242 0.706971 -0.000343945
    outer loop
      vertex -33.8491 42.9191 2.67382
      vertex -32.4846 44.2836 1.6
      vertex -33.9053 42.8628 2.5125
    endloop
  endfacet
  facet normal -0.707103 0.707111 -6.04366e-06
    outer loop
      vertex -35.4348 41.3333 4.17226
      vertex -42.3841 34.3841 6.04454
      vertex -34.7473 42.0208 5.14453
    endloop
  endfacet
  facet normal -0.707042 0.707171 0.000442665
    outer loop
      vertex -35.5187 41.2495 4.03704
      vertex -42.3841 34.3841 6.04454
      vertex -35.4348 41.3333 4.17226
    endloop
  endfacet
  facet normal -0.707167 0.707046 -0.00041546
    outer loop
      vertex -35.5893 41.1788 3.8875
      vertex -42.3841 34.3841 6.04454
      vertex -35.5187 41.2495 4.03704
    endloop
  endfacet
  facet normal -0.707039 0.707174 0.000391375
    outer loop
      vertex -35.6456 41.1226 3.72618
      vertex -42.3841 34.3841 6.04454
      vertex -35.5893 41.1788 3.8875
    endloop
  endfacet
  facet normal -0.707173 0.707041 -0.000383538
    outer loop
      vertex -35.6864 41.0817 3.55587
      vertex -42.3841 34.3841 6.04454
      vertex -35.6456 41.1226 3.72618
    endloop
  endfacet
  facet normal -0.707031 0.707183 0.000379482
    outer loop
      vertex -35.7113 41.0569 3.37946
      vertex -42.3841 34.3841 6.04454
      vertex -35.6864 41.0817 3.55587
    endloop
  endfacet
  facet normal -0.707054 0.70716 -0.00039897
    outer loop
      vertex -42.3841 34.3841 1.6
      vertex -35.7113 41.0569 3.37946
      vertex -35.7196 41.0485 3.2
    endloop
  endfacet
  facet normal -0.707148 0.707065 0.000390155
    outer loop
      vertex -42.3841 34.3841 1.6
      vertex -35.7196 41.0485 3.2
      vertex -35.7113 41.0569 3.02054
    endloop
  endfacet
  facet normal -0.707065 0.707148 -0.000389161
    outer loop
      vertex -42.3841 34.3841 1.6
      vertex -35.7113 41.0569 3.02054
      vertex -35.6864 41.0817 2.84413
    endloop
  endfacet
  facet normal -0.707139 0.707075 0.000399903
    outer loop
      vertex -42.3841 34.3841 1.6
      vertex -35.6864 41.0817 2.84413
      vertex -35.6456 41.1226 2.67382
    endloop
  endfacet
  facet normal -0.707074 0.70714 -0.000415252
    outer loop
      vertex -42.3841 34.3841 1.6
      vertex -35.6456 41.1226 2.67382
      vertex -35.5893 41.1788 2.5125
    endloop
  endfacet
  facet normal -0.707132 0.707082 0.000449266
    outer loop
      vertex -42.3841 34.3841 1.6
      vertex -35.5893 41.1788 2.5125
      vertex -35.5187 41.2495 2.36296
    endloop
  endfacet
  facet normal -0.70708 0.707134 -0.000489217
    outer loop
      vertex -42.3841 34.3841 1.6
      vertex -35.5187 41.2495 2.36296
      vertex -35.4348 41.3333 2.22774
    endloop
  endfacet
  facet normal -0.707102 0.707112 7.64592e-06
    outer loop
      vertex -42.3841 34.3841 1.6
      vertex -35.4348 41.3333 2.22774
      vertex -35.3392 41.4289 2.10915
    endloop
  endfacet
  facet normal -0.707102 0.707111 9.87147e-06
    outer loop
      vertex -42.3841 34.3841 1.6
      vertex -35.3392 41.4289 2.10915
      vertex -35.2334 41.5347 2.00922
    endloop
  endfacet
  facet normal -0.707102 0.707111 1.30985e-05
    outer loop
      vertex -42.3841 34.3841 1.6
      vertex -35.2334 41.5347 2.00922
      vertex -35.1194 41.6487 1.92968
    endloop
  endfacet
  facet normal -0.707107 0.707107 0.00031427
    outer loop
      vertex -42.3841 34.3841 1.6
      vertex -34.7473 42.0208 1.825
      vertex -32.4846 44.2836 1.6
    endloop
  endfacet
  facet normal -0.707107 0.707107 0
    outer loop
      vertex -35.7113 41.0569 3.37946
      vertex -42.3841 34.3841 1.6
      vertex -42.3841 34.3841 6.04454
    endloop
  endfacet
  facet normal -0.707102 0.707111 1.85324e-05
    outer loop
      vertex -34.9989 41.7692 1.87186
      vertex -42.3841 34.3841 1.6
      vertex -35.1194 41.6487 1.92968
    endloop
  endfacet
  facet normal -0.707103 0.707111 3.0082e-05
    outer loop
      vertex -34.8742 41.8939 1.83676
      vertex -42.3841 34.3841 1.6
      vertex -34.9989 41.7692 1.87186
    endloop
  endfacet
  facet normal -0.707103 0.70711 7.58122e-05
    outer loop
      vertex -34.7473 42.0208 1.825
      vertex -42.3841 34.3841 1.6
      vertex -34.8742 41.8939 1.83676
    endloop
  endfacet
  facet normal 0.707107 -0.707107 0
    outer loop
      vertex -25.0152 34.2166 3.37946
      vertex -23.7164 35.5154 1.6
      vertex -23.7164 35.5154 6.04454
    endloop
  endfacet
  facet normal 0.706818 -0.707395 -0.000420847
    outer loop
      vertex -23.7164 35.5154 1.6
      vertex -25.0152 34.2166 3.37946
      vertex -25.0069 34.225 3.2
    endloop
  endfacet
  facet normal 0.707107 -0.707107 0
    outer loop
      vertex -23.7164 35.5154 6.04454
      vertex -25.04 34.1918 3.55587
      vertex -25.0152 34.2166 3.37946
    endloop
  endfacet
  facet normal 0.707107 -0.707107 0
    outer loop
      vertex -23.7164 35.5154 6.04454
      vertex -25.0809 34.1509 3.72618
      vertex -25.04 34.1918 3.55587
    endloop
  endfacet
  facet normal 0.706873 -0.707341 0.000275255
    outer loop
      vertex -23.7164 35.5154 6.04454
      vertex -25.1372 34.0947 3.8875
      vertex -25.0809 34.1509 3.72618
    endloop
  endfacet
  facet normal 0.707301 -0.706912 -0.000289041
    outer loop
      vertex -23.7164 35.5154 6.04454
      vertex -25.2078 34.024 4.03704
      vertex -25.1372 34.0947 3.8875
    endloop
  endfacet
  facet normal 0.706915 -0.707299 0.000285024
    outer loop
      vertex -23.7164 35.5154 6.04454
      vertex -25.2917 33.9402 4.17226
      vertex -25.2078 34.024 4.03704
    endloop
  endfacet
  facet normal 0.707095 -0.707119 -1.72464e-05
    outer loop
      vertex -23.7164 35.5154 6.04454
      vertex -25.9792 33.2527 5.14453
      vertex -25.2917 33.9402 4.17226
    endloop
  endfacet
  facet normal 0.707107 -0.707107 0
    outer loop
      vertex -33.6159 25.6159 1.6
      vertex -26.9431 32.2887 3.37946
      vertex -33.6159 25.6159 6.04454
    endloop
  endfacet
  facet normal 0.707183 -0.707031 0.000379482
    outer loop
      vertex -26.9183 32.3136 3.55587
      vertex -33.6159 25.6159 6.04454
      vertex -26.9431 32.2887 3.37946
    endloop
  endfacet
  facet normal 0.707041 -0.707173 -0.000383538
    outer loop
      vertex -26.8774 32.3544 3.72618
      vertex -33.6159 25.6159 6.04454
      vertex -26.9183 32.3136 3.55587
    endloop
  endfacet
  facet normal 0.707174 -0.707039 0.000391375
    outer loop
      vertex -26.8212 32.4107 3.8875
      vertex -33.6159 25.6159 6.04454
      vertex -26.8774 32.3544 3.72618
    endloop
  endfacet
  facet normal 0.707046 -0.707167 -0.00041546
    outer loop
      vertex -26.7505 32.4813 4.03704
      vertex -33.6159 25.6159 6.04454
      vertex -26.8212 32.4107 3.8875
    endloop
  endfacet
  facet normal 0.707171 -0.707042 0.000442665
    outer loop
      vertex -26.6667 32.5652 4.17226
      vertex -33.6159 25.6159 6.04454
      vertex -26.7505 32.4813 4.03704
    endloop
  endfacet
  facet normal 0.707111 -0.707103 -6.04366e-06
    outer loop
      vertex -25.9792 33.2527 5.14453
      vertex -33.6159 25.6159 6.04454
      vertex -26.6667 32.5652 4.17226
    endloop
  endfacet
  facet normal 0.707107 -0.707107 -7.85665e-05
    outer loop
      vertex -33.6159 25.6159 6.04454
      vertex -25.9792 33.2527 5.14453
      vertex -23.7164 35.5154 6.04454
    endloop
  endfacet
  facet normal 0.707312 -0.706902 0.000374939
    outer loop
      vertex -25.0152 34.2166 3.02054
      vertex -23.7164 35.5154 1.6
      vertex -25.0069 34.225 3.2
    endloop
  endfacet
  facet normal 0.707107 -0.707107 0
    outer loop
      vertex -25.04 34.1918 2.84413
      vertex -23.7164 35.5154 1.6
      vertex -25.0152 34.2166 3.02054
    endloop
  endfacet
  facet normal 0.707107 -0.707107 0
    outer loop
      vertex -25.0809 34.1509 2.67382
      vertex -23.7164 35.5154 1.6
      vertex -25.04 34.1918 2.84413
    endloop
  endfacet
  facet normal 0.706971 -0.707242 -0.000343945
    outer loop
      vertex -25.1372 34.0947 2.5125
      vertex -23.7164 35.5154 1.6
      vertex -25.0809 34.1509 2.67382
    endloop
  endfacet
  facet normal 0.707204 -0.707009 0.000380815
    outer loop
      vertex -25.2078 34.024 2.36296
      vertex -23.7164 35.5154 1.6
      vertex -25.1372 34.0947 2.5125
    endloop
  endfacet
  facet normal 0.707005 -0.707208 -0.000396994
    outer loop
      vertex -25.2917 33.9402 2.22774
      vertex -23.7164 35.5154 1.6
      vertex -25.2078 34.024 2.36296
    endloop
  endfacet
  facet normal 0.70709 -0.707124 2.7388e-05
    outer loop
      vertex -25.3873 33.8446 2.10915
      vertex -23.7164 35.5154 1.6
      vertex -25.2917 33.9402 2.22774
    endloop
  endfacet
  facet normal 0.707172 -0.707041 0.000568924
    outer loop
      vertex -25.493 33.7388 2.00922
      vertex -23.7164 35.5154 1.6
      vertex -25.3873 33.8446 2.10915
    endloop
  endfacet
  facet normal 0.70703 -0.707184 -0.000668279
    outer loop
      vertex -25.6071 33.6248 1.92968
      vertex -23.7164 35.5154 1.6
      vertex -25.493 33.7388 2.00922
    endloop
  endfacet
  facet normal 0.707093 -0.70712 5.71687e-05
    outer loop
      vertex -25.7276 33.5043 1.87186
      vertex -23.7164 35.5154 1.6
      vertex -25.6071 33.6248 1.92968
    endloop
  endfacet
  facet normal 0.707095 -0.707119 8.43854e-05
    outer loop
      vertex -25.8523 33.3796 1.83676
      vertex -23.7164 35.5154 1.6
      vertex -25.7276 33.5043 1.87186
    endloop
  endfacet
  facet normal 0.707099 -0.707114 0.000162668
    outer loop
      vertex -25.9792 33.2527 1.825
      vertex -23.7164 35.5154 1.6
      vertex -25.8523 33.3796 1.83676
    endloop
  endfacet
  facet normal 0.70711 -0.707103 7.58122e-05
    outer loop
      vertex -33.6159 25.6159 1.6
      vertex -25.9792 33.2527 1.825
      vertex -26.1061 33.1258 1.83676
    endloop
  endfacet
  facet normal 0.70716 -0.707054 -0.00039897
    outer loop
      vertex -26.9431 32.2887 3.37946
      vertex -33.6159 25.6159 1.6
      vertex -26.9515 32.2804 3.2
    endloop
  endfacet
  facet normal 0.707065 -0.707148 0.000390155
    outer loop
      vertex -26.9515 32.2804 3.2
      vertex -33.6159 25.6159 1.6
      vertex -26.9431 32.2887 3.02054
    endloop
  endfacet
  facet normal 0.707148 -0.707065 -0.000389161
    outer loop
      vertex -26.9431 32.2887 3.02054
      vertex -33.6159 25.6159 1.6
      vertex -26.9183 32.3136 2.84413
    endloop
  endfacet
  facet normal 0.707075 -0.707139 0.000399903
    outer loop
      vertex -26.9183 32.3136 2.84413
      vertex -33.6159 25.6159 1.6
      vertex -26.8774 32.3544 2.67382
    endloop
  endfacet
  facet normal 0.70714 -0.707074 -0.000415252
    outer loop
      vertex -26.8774 32.3544 2.67382
      vertex -33.6159 25.6159 1.6
      vertex -26.8212 32.4107 2.5125
    endloop
  endfacet
  facet normal 0.707082 -0.707132 0.000449266
    outer loop
      vertex -26.8212 32.4107 2.5125
      vertex -33.6159 25.6159 1.6
      vertex -26.7505 32.4813 2.36296
    endloop
  endfacet
  facet normal 0.707134 -0.70708 -0.000489217
    outer loop
      vertex -26.7505 32.4813 2.36296
      vertex -33.6159 25.6159 1.6
      vertex -26.6667 32.5652 2.22774
    endloop
  endfacet
  facet normal 0.707112 -0.707102 7.64592e-06
    outer loop
      vertex -26.6667 32.5652 2.22774
      vertex -33.6159 25.6159 1.6
      vertex -26.5711 32.6608 2.10915
    endloop
  endfacet
  facet normal 0.707111 -0.707102 9.87147e-06
    outer loop
      vertex -26.5711 32.6608 2.10915
      vertex -33.6159 25.6159 1.6
      vertex -26.4653 32.7666 2.00922
    endloop
  endfacet
  facet normal 0.707107 -0.707107 0.00031427
    outer loop
      vertex -25.9792 33.2527 1.825
      vertex -33.6159 25.6159 1.6
      vertex -23.7164 35.5154 1.6
    endloop
  endfacet
  facet normal 0.707111 -0.707103 3.0082e-05
    outer loop
      vertex -26.2308 33.0011 1.87186
      vertex -33.6159 25.6159 1.6
      vertex -26.1061 33.1258 1.83676
    endloop
  endfacet
  facet normal 0.707111 -0.707102 1.85324e-05
    outer loop
      vertex -26.3513 32.8806 1.92968
      vertex -33.6159 25.6159 1.6
      vertex -26.2308 33.0011 1.87186
    endloop
  endfacet
  facet normal 0.707111 -0.707102 1.30985e-05
    outer loop
      vertex -26.4653 32.7666 2.00922
      vertex -33.6159 25.6159 1.6
      vertex -26.3513 32.8806 1.92968
    endloop
  endfacet
  facet normal -0.707107 -0.707107 0
    outer loop
      vertex -34.6059 30.9546 0
      vertex -33.6513 30 0
      vertex -34.6059 30.9546 5.8
    endloop
  endfacet
  facet normal -0.707107 -0.707107 -0
    outer loop
      vertex -37.0454 33.3941 5.8
      vertex -38 34.3487 0
      vertex -37.0454 33.3941 0
    endloop
  endfacet
  facet normal -0.707107 -0.707107 0
    outer loop
      vertex -38 34.3487 0
      vertex -37.0454 33.3941 5.8
      vertex -38 34.3487 7.4
    endloop
  endfacet
  facet normal -0.707107 -0.707107 0
    outer loop
      vertex -34.6059 30.9546 5.8
      vertex -38 34.3487 7.4
      vertex -37.0454 33.3941 5.8
    endloop
  endfacet
  facet normal -0.707107 -0.707107 0
    outer loop
      vertex -34.6059 30.9546 5.8
      vertex -33.6513 30 7.4
      vertex -38 34.3487 7.4
    endloop
  endfacet
  facet normal -0.707107 -0.707107 -0
    outer loop
      vertex -33.6513 30 7.4
      vertex -34.6059 30.9546 5.8
      vertex -33.6513 30 0
    endloop
  endfacet
  facet normal 0.707107 0.707107 0
    outer loop
      vertex -42.3487 30 7.4
      vertex -41.3941 29.0454 5.8
      vertex -42.3487 30 0
    endloop
  endfacet
  facet normal 0.707107 0.707107 0
    outer loop
      vertex -42.3487 30 7.4
      vertex -38.9546 26.6059 5.8
      vertex -41.3941 29.0454 5.8
    endloop
  endfacet
  facet normal 0.707107 0.707107 0
    outer loop
      vertex -38 25.6513 7.4
      vertex -38.9546 26.6059 5.8
      vertex -42.3487 30 7.4
    endloop
  endfacet
  facet normal 0.707107 0.707107 -0
    outer loop
      vertex -38 25.6513 0
      vertex -38.9546 26.6059 5.8
      vertex -38 25.6513 7.4
    endloop
  endfacet
  facet normal 0.707107 0.707107 0
    outer loop
      vertex -38.9546 26.6059 5.8
      vertex -38 25.6513 0
      vertex -38.9546 26.6059 0
    endloop
  endfacet
  facet normal 0.707107 0.707107 0
    outer loop
      vertex -42.3487 30 0
      vertex -41.3941 29.0454 5.8
      vertex -41.3941 29.0454 0
    endloop
  endfacet
  facet normal 0.707107 -0.707107 0
    outer loop
      vertex -42.3487 30 7.4
      vertex -38 34.3487 0
      vertex -38 34.3487 7.4
    endloop
  endfacet
  facet normal 0.707107 -0.707107 0
    outer loop
      vertex -38 34.3487 0
      vertex -42.3487 30 7.4
      vertex -42.3487 30 0
    endloop
  endfacet
  facet normal -0.707107 0.707107 0
    outer loop
      vertex -38 25.6513 0
      vertex -33.6513 30 7.4
      vertex -33.6513 30 0
    endloop
  endfacet
  facet normal -0.707107 0.707107 0
    outer loop
      vertex -33.6513 30 7.4
      vertex -38 25.6513 0
      vertex -38 25.6513 7.4
    endloop
  endfacet
  facet normal 0.439514 0.439514 0.783361
    outer loop
      vertex -42.3487 30 7.4
      vertex -38 24.5819 8
      vertex -38 25.6513 7.4
    endloop
  endfacet
  facet normal 0.439514 0.439514 0.783361
    outer loop
      vertex -38 24.5819 8
      vertex -42.3487 30 7.4
      vertex -43.4181 30 8
    endloop
  endfacet
  facet normal -0.439514 -0.439514 0.783361
    outer loop
      vertex -38 35.4181 8
      vertex -33.6513 30 7.4
      vertex -32.5819 30 8
    endloop
  endfacet
  facet normal -0.439514 -0.439514 0.783361
    outer loop
      vertex -33.6513 30 7.4
      vertex -38 35.4181 8
      vertex -38 34.3487 7.4
    endloop
  endfacet
  facet normal 0.439514 -0.439514 0.783361
    outer loop
      vertex -38 35.4181 8
      vertex -42.3487 30 7.4
      vertex -38 34.3487 7.4
    endloop
  endfacet
  facet normal 0.439514 -0.439514 0.783361
    outer loop
      vertex -42.3487 30 7.4
      vertex -38 35.4181 8
      vertex -43.4181 30 8
    endloop
  endfacet
  facet normal -0.439514 0.439514 0.783361
    outer loop
      vertex -38 25.6513 7.4
      vertex -32.5819 30 8
      vertex -33.6513 30 7.4
    endloop
  endfacet
  facet normal -0.439514 0.439514 0.783361
    outer loop
      vertex -32.5819 30 8
      vertex -38 25.6513 7.4
      vertex -38 24.5819 8
    endloop
  endfacet
  facet normal -0.707107 -0.707107 0
    outer loop
      vertex -32.9619 32.5986 0
      vertex -35.4014 35.0381 5.8
      vertex -35.4014 35.0381 0
    endloop
  endfacet
  facet normal -0.707107 -0.707107 0
    outer loop
      vertex -35.4014 35.0381 5.8
      vertex -32.9619 32.5986 0
      vertex -32.9619 32.5986 5.8
    endloop
  endfacet
  facet normal 0 0 -1
    outer loop
      vertex -34.6059 30.9546 5.8
      vertex -35.4014 35.0381 5.8
      vertex -32.9619 32.5986 5.8
    endloop
  endfacet
  facet normal 0 -0 -1
    outer loop
      vertex -35.4014 35.0381 5.8
      vertex -34.6059 30.9546 5.8
      vertex -37.0454 33.3941 5.8
    endloop
  endfacet
  facet normal 0 0 -1
    outer loop
      vertex -40.6693 24.8912 5.8
      vertex -41.3941 29.0454 5.8
      vertex -38.9546 26.6059 5.8
    endloop
  endfacet
  facet normal 0 -0 -1
    outer loop
      vertex -41.3941 29.0454 5.8
      vertex -40.6693 24.8912 5.8
      vertex -43.1088 27.3307 5.8
    endloop
  endfacet
  facet normal 0.707107 0.707107 -0
    outer loop
      vertex -41.3764 24.184 0
      vertex -43.816 26.6236 1.6
      vertex -41.3764 24.184 1.6
    endloop
  endfacet
  facet normal 0.707107 0.707107 0
    outer loop
      vertex -43.816 26.6236 1.6
      vertex -41.3764 24.184 0
      vertex -43.816 26.6236 0
    endloop
  endfacet
  facet normal 0.707107 -0.707107 0
    outer loop
      vertex -37.0454 33.3941 5.8
      vertex -35.4014 35.0381 0
      vertex -35.4014 35.0381 5.8
    endloop
  endfacet
  facet normal 0.707107 -0.707107 0
    outer loop
      vertex -35.4014 35.0381 0
      vertex -37.0454 33.3941 5.8
      vertex -37.0454 33.3941 0
    endloop
  endfacet
  facet normal 0.707107 -0.707107 0
    outer loop
      vertex -43.1088 27.3307 1.6
      vertex -41.3941 29.0454 5.8
      vertex -43.1088 27.3307 5.8
    endloop
  endfacet
  facet normal 0.707107 -0.707107 0
    outer loop
      vertex -41.3941 29.0454 5.8
      vertex -43.1088 27.3307 1.6
      vertex -41.3941 29.0454 0
    endloop
  endfacet
  facet normal 0.707057 -0.707157 0
    outer loop
      vertex -43.816 26.6236 0
      vertex -43.1088 27.3307 1.6
      vertex -43.816 26.6236 1.6
    endloop
  endfacet
  facet normal 0.707092 -0.707121 -3.129e-05
    outer loop
      vertex -43.1088 27.3307 1.6
      vertex -43.816 26.6236 0
      vertex -41.3941 29.0454 0
    endloop
  endfacet
  facet normal -0.707107 0.707107 0
    outer loop
      vertex -34.6059 30.9546 0
      vertex -32.9619 32.5986 5.8
      vertex -32.9619 32.5986 0
    endloop
  endfacet
  facet normal -0.707107 0.707107 0
    outer loop
      vertex -32.9619 32.5986 5.8
      vertex -34.6059 30.9546 0
      vertex -34.6059 30.9546 5.8
    endloop
  endfacet
  facet normal -0.707107 0.707107 0
    outer loop
      vertex -38.9546 26.6059 0
      vertex -40.6693 24.8912 1.6
      vertex -38.9546 26.6059 5.8
    endloop
  endfacet
  facet normal -0.707121 0.707092 -3.129e-05
    outer loop
      vertex -41.3764 24.184 0
      vertex -40.6693 24.8912 1.6
      vertex -38.9546 26.6059 0
    endloop
  endfacet
  facet normal -0.707157 0.707057 0
    outer loop
      vertex -40.6693 24.8912 1.6
      vertex -41.3764 24.184 0
      vertex -41.3764 24.184 1.6
    endloop
  endfacet
  facet normal -0.707107 0.707107 0
    outer loop
      vertex -38.9546 26.6059 5.8
      vertex -40.6693 24.8912 1.6
      vertex -40.6693 24.8912 5.8
    endloop
  endfacet
  facet normal 0 0 1
    outer loop
      vertex -33.2624 38.6974 0.599999
      vertex -31.7775 32.2627 0.599999
      vertex -29.3026 34.7376 0.599999
    endloop
  endfacet
  facet normal 0 0 1
    outer loop
      vertex -31.7775 32.2627 0.599999
      vertex -33.2624 38.6974 0.599999
      vertex -35.7373 36.2225 0.599999
    endloop
  endfacet
  facet normal 0.707107 0.707107 -0
    outer loop
      vertex -31.7775 32.2627 0.599999
      vertex -35.7373 36.2225 6.04454
      vertex -31.7775 32.2627 6.04454
    endloop
  endfacet
  facet normal 0.707107 0.707107 0
    outer loop
      vertex -35.7373 36.2225 6.04454
      vertex -31.7775 32.2627 0.599999
      vertex -35.7373 36.2225 0.599999
    endloop
  endfacet
  facet normal 0.707107 -0.707107 0
    outer loop
      vertex -35.7373 36.2225 0.599999
      vertex -33.2414 38.7184 2.67382
      vertex -33.2823 38.6775 2.84413
    endloop
  endfacet
  facet normal 0.707107 -0.707107 0
    outer loop
      vertex -35.7373 36.2225 0.599999
      vertex -33.2823 38.6775 2.84413
      vertex -33.3071 38.6527 3.02054
    endloop
  endfacet
  facet normal 0.707107 -0.707107 -2.61559e-14
    outer loop
      vertex -35.7373 36.2225 0.599999
      vertex -33.3071 38.6527 3.02054
      vertex -33.3154 38.6444 3.2
    endloop
  endfacet
  facet normal 0.707107 -0.707107 0
    outer loop
      vertex -35.7373 36.2225 0.599999
      vertex -33.3154 38.6444 3.2
      vertex -35.7373 36.2225 6.04454
    endloop
  endfacet
  facet normal 0.707107 -0.707107 -2.10314e-17
    outer loop
      vertex -33.2414 38.7184 2.67382
      vertex -35.7373 36.2225 0.599999
      vertex -33.2624 38.6974 0.599999
    endloop
  endfacet
  facet normal 0.707107 -0.707107 0
    outer loop
      vertex -31.3792 40.5806 3.37946
      vertex -30.0804 41.8794 1.6
      vertex -30.0804 41.8794 6.04454
    endloop
  endfacet
  facet normal 0.707107 -0.707107 -1.51031e-14
    outer loop
      vertex -30.0804 41.8794 1.6
      vertex -31.3792 40.5806 3.37946
      vertex -31.3709 40.5889 3.2
    endloop
  endfacet
  facet normal 0.707107 -0.707107 0
    outer loop
      vertex -30.0804 41.8794 6.04454
      vertex -31.404 40.5558 3.55587
      vertex -31.3792 40.5806 3.37946
    endloop
  endfacet
  facet normal 0.707107 -0.707107 0
    outer loop
      vertex -30.0804 41.8794 6.04454
      vertex -31.4449 40.5149 3.72618
      vertex -31.404 40.5558 3.55587
    endloop
  endfacet
  facet normal 0.707107 -0.707107 9.85752e-15
    outer loop
      vertex -30.0804 41.8794 6.04454
      vertex -31.5011 40.4587 3.8875
      vertex -31.4449 40.5149 3.72618
    endloop
  endfacet
  facet normal 0.707107 -0.707107 -1.03252e-14
    outer loop
      vertex -30.0804 41.8794 6.04454
      vertex -31.5718 40.388 4.03704
      vertex -31.5011 40.4587 3.8875
    endloop
  endfacet
  facet normal 0.707107 -0.707107 0
    outer loop
      vertex -30.0804 41.8794 6.04454
      vertex -31.6557 40.3041 4.17226
      vertex -31.5718 40.388 4.03704
    endloop
  endfacet
  facet normal 0.70713 -0.707083 -3.95182e-05
    outer loop
      vertex -30.0804 41.8794 6.04454
      vertex -32.3431 39.6166 5.14453
      vertex -31.6557 40.3041 4.17226
    endloop
  endfacet
  facet normal 0.707107 -0.707107 2.6554e-14
    outer loop
      vertex -33.3071 38.6527 3.37946
      vertex -35.7373 36.2225 6.04454
      vertex -33.3154 38.6444 3.2
    endloop
  endfacet
  facet normal 0.707107 -0.707107 -2.47902e-16
    outer loop
      vertex -33.2823 38.6775 3.55587
      vertex -35.7373 36.2225 6.04454
      vertex -33.3071 38.6527 3.37946
    endloop
  endfacet
  facet normal 0.707107 -0.707107 -3.96375e-16
    outer loop
      vertex -33.2414 38.7184 3.72618
      vertex -35.7373 36.2225 6.04454
      vertex -33.2823 38.6775 3.55587
    endloop
  endfacet
  facet normal 0.707107 -0.707107 -5.15576e-16
    outer loop
      vertex -33.1852 38.7746 3.8875
      vertex -35.7373 36.2225 6.04454
      vertex -33.2414 38.7184 3.72618
    endloop
  endfacet
  facet normal 0.707107 -0.707107 -6.61378e-16
    outer loop
      vertex -33.1145 38.8453 4.03704
      vertex -35.7373 36.2225 6.04454
      vertex -33.1852 38.7746 3.8875
    endloop
  endfacet
  facet normal 0.707107 -0.707107 -8.25441e-16
    outer loop
      vertex -33.0306 38.9292 4.17226
      vertex -35.7373 36.2225 6.04454
      vertex -33.1145 38.8453 4.03704
    endloop
  endfacet
  facet normal 0.70709 -0.707124 -4.88403e-05
    outer loop
      vertex -32.3431 39.6166 5.14453
      vertex -35.7373 36.2225 6.04454
      vertex -33.0306 38.9292 4.17226
    endloop
  endfacet
  facet normal 0.707107 -0.707107 7.85665e-05
    outer loop
      vertex -35.7373 36.2225 6.04454
      vertex -32.3431 39.6166 5.14453
      vertex -30.0804 41.8794 6.04454
    endloop
  endfacet
  facet normal 0.707107 -0.707107 0
    outer loop
      vertex -30.0804 41.8794 1.6
      vertex -29.0905 42.8693 0
      vertex -29.0905 42.8693 1.6
    endloop
  endfacet
  facet normal 0.707107 -0.707107 1.33246e-14
    outer loop
      vertex -31.3792 40.5806 3.02054
      vertex -30.0804 41.8794 1.6
      vertex -31.3709 40.5889 3.2
    endloop
  endfacet
  facet normal 0.707107 -0.707107 0
    outer loop
      vertex -31.404 40.5558 2.84413
      vertex -30.0804 41.8794 1.6
      vertex -31.3792 40.5806 3.02054
    endloop
  endfacet
  facet normal 0.707107 -0.707107 0
    outer loop
      vertex -31.4449 40.5149 2.67382
      vertex -30.0804 41.8794 1.6
      vertex -31.404 40.5558 2.84413
    endloop
  endfacet
  facet normal 0.707107 -0.707107 -1.22108e-14
    outer loop
      vertex -31.5011 40.4587 2.5125
      vertex -30.0804 41.8794 1.6
      vertex -31.4449 40.5149 2.67382
    endloop
  endfacet
  facet normal 0.707107 -0.707107 1.35345e-14
    outer loop
      vertex -31.5718 40.388 2.36296
      vertex -30.0804 41.8794 1.6
      vertex -31.5011 40.4587 2.5125
    endloop
  endfacet
  facet normal 0.707107 -0.707107 0
    outer loop
      vertex -31.6557 40.3041 2.22774
      vertex -30.0804 41.8794 1.6
      vertex -31.5718 40.388 2.36296
    endloop
  endfacet
  facet normal 0.707107 -0.707107 -1.60618e-14
    outer loop
      vertex -31.7513 40.2085 2.10915
      vertex -30.0804 41.8794 1.6
      vertex -31.6557 40.3041 2.22774
    endloop
  endfacet
  facet normal 0.707107 -0.707107 1.15558e-15
    outer loop
      vertex -31.857 40.1028 2.00922
      vertex -30.0804 41.8794 1.6
      vertex -31.7513 40.2085 2.10915
    endloop
  endfacet
  facet normal 0.707107 -0.707107 1.4615e-15
    outer loop
      vertex -31.9711 39.9887 1.92968
      vertex -30.0804 41.8794 1.6
      vertex -31.857 40.1028 2.00922
    endloop
  endfacet
  facet normal 0.707107 -0.707107 2.10731e-15
    outer loop
      vertex -32.0915 39.8683 1.87186
      vertex -30.0804 41.8794 1.6
      vertex -31.9711 39.9887 1.92968
    endloop
  endfacet
  facet normal 0.707107 -0.707107 6.9221e-16
    outer loop
      vertex -33.2624 38.6974 0
      vertex -30.0804 41.8794 1.6
      vertex -32.0915 39.8683 1.87186
    endloop
  endfacet
  facet normal 0.707489 -0.706724 -0.000704243
    outer loop
      vertex -33.2624 38.6974 0.599999
      vertex -32.0915 39.8683 1.87186
      vertex -32.2162 39.7435 1.83676
    endloop
  endfacet
  facet normal 0.70711 -0.707104 -6.20371e-05
    outer loop
      vertex -33.2624 38.6974 0.599999
      vertex -32.2162 39.7435 1.83676
      vertex -32.3431 39.6166 1.825
    endloop
  endfacet
  facet normal 0.706844 -0.70737 0.000337127
    outer loop
      vertex -33.2624 38.6974 0.599999
      vertex -32.3431 39.6166 1.825
      vertex -32.47 39.4898 1.83676
    endloop
  endfacet
  facet normal 0.707107 -0.707107 0
    outer loop
      vertex -33.2624 38.6974 0.599999
      vertex -32.47 39.4898 1.83676
      vertex -32.5948 39.365 1.87186
    endloop
  endfacet
  facet normal 0.707107 -0.707107 0
    outer loop
      vertex -33.2624 38.6974 0.599999
      vertex -32.5948 39.365 1.87186
      vertex -32.7152 39.2446 1.92968
    endloop
  endfacet
  facet normal 0.707107 -0.707107 0
    outer loop
      vertex -33.2624 38.6974 0.599999
      vertex -33.1852 38.7746 2.5125
      vertex -33.2414 38.7184 2.67382
    endloop
  endfacet
  facet normal 0.707107 -0.707107 0
    outer loop
      vertex -33.2624 38.6974 0.599999
      vertex -33.1145 38.8453 2.36296
      vertex -33.1852 38.7746 2.5125
    endloop
  endfacet
  facet normal 0.707107 -0.707107 0
    outer loop
      vertex -33.2624 38.6974 0.599999
      vertex -33.0306 38.9292 2.22774
      vertex -33.1145 38.8453 2.36296
    endloop
  endfacet
  facet normal 0.707107 -0.707107 0
    outer loop
      vertex -33.2624 38.6974 0.599999
      vertex -32.935 39.0248 2.10915
      vertex -33.0306 38.9292 2.22774
    endloop
  endfacet
  facet normal 0.707107 -0.707107 0
    outer loop
      vertex -33.2624 38.6974 0.599999
      vertex -32.8293 39.1305 2.00922
      vertex -32.935 39.0248 2.10915
    endloop
  endfacet
  facet normal 0.707107 -0.707107 0
    outer loop
      vertex -33.2624 38.6974 0.599999
      vertex -32.7152 39.2446 1.92968
      vertex -32.8293 39.1305 2.00922
    endloop
  endfacet
  facet normal 0.707107 -0.707107 0
    outer loop
      vertex -32.0915 39.8683 1.87186
      vertex -33.2624 38.6974 0.599999
      vertex -33.2624 38.6974 0
    endloop
  endfacet
  facet normal 0.707107 -0.707107 -1.55244e-15
    outer loop
      vertex -30.0804 41.8794 1.6
      vertex -33.2624 38.6974 0
      vertex -29.0905 42.8693 0
    endloop
  endfacet
  facet normal 0.707107 -0.707107 0
    outer loop
      vertex -21.3598 50.6 1.6
      vertex -21.7598 50.2 0.4
      vertex -21.3598 50.6 0.4
    endloop
  endfacet
  facet normal 0.707118 -0.707095 -7.69326e-06
    outer loop
      vertex -24.4235 47.5362 1.6
      vertex -21.7598 50.2 0.4
      vertex -21.3598 50.6 1.6
    endloop
  endfacet
  facet normal 0.70712 -0.707094 0
    outer loop
      vertex -24.4235 47.5362 0
      vertex -21.7598 50.2 0.4
      vertex -24.4235 47.5362 1.6
    endloop
  endfacet
  facet normal 0.70712 -0.707094 0
    outer loop
      vertex -21.7598 50.2 0.4
      vertex -24.4235 47.5362 0
      vertex -21.7598 50.2 0
    endloop
  endfacet
  facet normal -0.707107 0.707107 0
    outer loop
      vertex -25.1307 38.9095 0
      vertex -26.1206 37.9196 1.6
      vertex -25.1307 38.9095 1.6
    endloop
  endfacet
  facet normal -0.707107 0.707107 0
    outer loop
      vertex -27.4194 36.6208 3.37946
      vertex -26.1206 37.9196 1.6
      vertex -27.4111 36.6291 3.2
    endloop
  endfacet
  facet normal -0.707107 0.707107 0
    outer loop
      vertex -29.3026 34.7376 0
      vertex -26.1206 37.9196 1.6
      vertex -25.1307 38.9095 0
    endloop
  endfacet
  facet normal -0.707107 0.707107 0
    outer loop
      vertex -26.1206 37.9196 1.6
      vertex -27.4194 36.6208 3.02054
      vertex -27.4111 36.6291 3.2
    endloop
  endfacet
  facet normal -0.707107 0.707107 -2.43517e-14
    outer loop
      vertex -26.1206 37.9196 1.6
      vertex -27.4442 36.596 2.84413
      vertex -27.4194 36.6208 3.02054
    endloop
  endfacet
  facet normal -0.707107 0.707107 2.50026e-14
    outer loop
      vertex -26.1206 37.9196 1.6
      vertex -27.4851 36.5551 2.67382
      vertex -27.4442 36.596 2.84413
    endloop
  endfacet
  facet normal -0.707107 0.707107 -1.23158e-14
    outer loop
      vertex -26.1206 37.9196 1.6
      vertex -27.5413 36.4989 2.5125
      vertex -27.4851 36.5551 2.67382
    endloop
  endfacet
  facet normal -0.707107 0.707107 -1.24716e-14
    outer loop
      vertex -26.1206 37.9196 1.6
      vertex -27.612 36.4282 2.36296
      vertex -27.5413 36.4989 2.5125
    endloop
  endfacet
  facet normal -0.707107 0.707107 1.65472e-14
    outer loop
      vertex -26.1206 37.9196 1.6
      vertex -27.6959 36.3443 2.22774
      vertex -27.612 36.4282 2.36296
    endloop
  endfacet
  facet normal -0.707107 0.707107 0
    outer loop
      vertex -26.1206 37.9196 1.6
      vertex -27.7915 36.2487 2.10915
      vertex -27.6959 36.3443 2.22774
    endloop
  endfacet
  facet normal -0.707107 0.707107 1.99115e-14
    outer loop
      vertex -26.1206 37.9196 1.6
      vertex -27.8972 36.143 2.00922
      vertex -27.7915 36.2487 2.10915
    endloop
  endfacet
  facet normal -0.707107 0.707107 -2.3384e-14
    outer loop
      vertex -26.1206 37.9196 1.6
      vertex -28.0113 36.0289 1.92968
      vertex -27.8972 36.143 2.00922
    endloop
  endfacet
  facet normal -0.707107 0.707107 -2.95024e-14
    outer loop
      vertex -26.1206 37.9196 1.6
      vertex -28.1317 35.9085 1.87186
      vertex -28.0113 36.0289 1.92968
    endloop
  endfacet
  facet normal -0.707107 0.707107 3.99943e-15
    outer loop
      vertex -26.1206 37.9196 1.6
      vertex -29.3026 34.7376 0
      vertex -28.1317 35.9085 1.87186
    endloop
  endfacet
  facet normal -0.707107 0.707107 0
    outer loop
      vertex -29.3026 34.7376 0.599999
      vertex -28.1317 35.9085 1.87186
      vertex -29.3026 34.7376 0
    endloop
  endfacet
  facet normal -0.706724 0.707489 -0.000704243
    outer loop
      vertex -28.1317 35.9085 1.87186
      vertex -29.3026 34.7376 0.599999
      vertex -28.2565 35.7838 1.83676
    endloop
  endfacet
  facet normal -0.707406 0.706807 0.000449607
    outer loop
      vertex -28.2565 35.7838 1.83676
      vertex -29.3026 34.7376 0.599999
      vertex -28.3833 35.6569 1.825
    endloop
  endfacet
  facet normal -0.707107 0.707107 0
    outer loop
      vertex -28.5102 35.53 1.83676
      vertex -29.3026 34.7376 0.599999
      vertex -28.635 35.4052 1.87186
    endloop
  endfacet
  facet normal -0.707107 0.707107 -1.19813e-14
    outer loop
      vertex -28.3833 35.6569 1.825
      vertex -29.3026 34.7376 0.599999
      vertex -28.5102 35.53 1.83676
    endloop
  endfacet
  facet normal -0.707107 0.707107 8.75196e-15
    outer loop
      vertex -28.635 35.4052 1.87186
      vertex -29.3026 34.7376 0.599999
      vertex -28.7554 35.2848 1.92968
    endloop
  endfacet
  facet normal -0.707107 0.707107 8.49417e-15
    outer loop
      vertex -28.7554 35.2848 1.92968
      vertex -29.3026 34.7376 0.599999
      vertex -28.8695 35.1707 2.00922
    endloop
  endfacet
  facet normal -0.707107 0.707107 -2.88418e-15
    outer loop
      vertex -28.8695 35.1707 2.00922
      vertex -29.3026 34.7376 0.599999
      vertex -28.9752 35.065 2.10915
    endloop
  endfacet
  facet normal -0.707107 0.707107 1.31305e-15
    outer loop
      vertex -28.9752 35.065 2.10915
      vertex -29.3026 34.7376 0.599999
      vertex -29.0708 34.9694 2.22774
    endloop
  endfacet
  facet normal -0.707107 0.707107 1.2565e-15
    outer loop
      vertex -29.0708 34.9694 2.22774
      vertex -29.3026 34.7376 0.599999
      vertex -29.1547 34.8855 2.36296
    endloop
  endfacet
  facet normal -0.707107 0.707107 1.43941e-15
    outer loop
      vertex -31.7775 32.2627 0.599999
      vertex -29.1547 34.8855 2.36296
      vertex -29.3026 34.7376 0.599999
    endloop
  endfacet
  facet normal -0.707107 0.707107 3.4175e-16
    outer loop
      vertex -29.1547 34.8855 2.36296
      vertex -31.7775 32.2627 0.599999
      vertex -29.2254 34.8148 2.5125
    endloop
  endfacet
  facet normal -0.707107 0.707107 -1.20587e-14
    outer loop
      vertex -29.2254 34.8148 2.5125
      vertex -31.7775 32.2627 0.599999
      vertex -29.2816 34.7586 2.67382
    endloop
  endfacet
  facet normal -0.707107 0.707107 0
    outer loop
      vertex -29.2816 34.7586 2.67382
      vertex -31.7775 32.2627 0.599999
      vertex -29.3225 34.7177 2.84413
    endloop
  endfacet
  facet normal -0.707107 0.707107 0
    outer loop
      vertex -29.3225 34.7177 2.84413
      vertex -31.7775 32.2627 0.599999
      vertex -29.3473 34.6929 3.02054
    endloop
  endfacet
  facet normal -0.707107 0.707107 0
    outer loop
      vertex -29.3473 34.6929 3.02054
      vertex -31.7775 32.2627 0.599999
      vertex -29.3556 34.6846 3.2
    endloop
  endfacet
  facet normal -0.707107 0.707107 0
    outer loop
      vertex -26.1206 37.9196 1.6
      vertex -27.4194 36.6208 3.37946
      vertex -26.1206 37.9196 6.04454
    endloop
  endfacet
  facet normal -0.707107 0.707107 2.21049e-14
    outer loop
      vertex -27.4442 36.596 3.55587
      vertex -26.1206 37.9196 6.04454
      vertex -27.4194 36.6208 3.37946
    endloop
  endfacet
  facet normal -0.707107 0.707107 -2.09482e-14
    outer loop
      vertex -27.4851 36.5551 3.72618
      vertex -26.1206 37.9196 6.04454
      vertex -27.4442 36.596 3.55587
    endloop
  endfacet
  facet normal -0.707107 0.707107 9.77351e-15
    outer loop
      vertex -27.5413 36.4989 3.8875
      vertex -26.1206 37.9196 6.04454
      vertex -27.4851 36.5551 3.72618
    endloop
  endfacet
  facet normal -0.707107 0.707107 9.27654e-15
    outer loop
      vertex -27.612 36.4282 4.03704
      vertex -26.1206 37.9196 6.04454
      vertex -27.5413 36.4989 3.8875
    endloop
  endfacet
  facet normal -0.707107 0.707107 -1.12954e-14
    outer loop
      vertex -27.6959 36.3443 4.17226
      vertex -26.1206 37.9196 6.04454
      vertex -27.612 36.4282 4.03704
    endloop
  endfacet
  facet normal -0.707107 0.707107 -6.12747e-16
    outer loop
      vertex -28.3833 35.6569 5.14453
      vertex -26.1206 37.9196 6.04454
      vertex -27.6959 36.3443 4.17226
    endloop
  endfacet
  facet normal -0.707107 0.707107 0
    outer loop
      vertex -31.7775 32.2627 6.04454
      vertex -29.3556 34.6846 3.2
      vertex -31.7775 32.2627 0.599999
    endloop
  endfacet
  facet normal -0.707107 0.707107 0
    outer loop
      vertex -29.3556 34.6846 3.2
      vertex -31.7775 32.2627 6.04454
      vertex -29.3473 34.6929 3.37946
    endloop
  endfacet
  facet normal -0.707107 0.707107 0
    outer loop
      vertex -29.3473 34.6929 3.37946
      vertex -31.7775 32.2627 6.04454
      vertex -29.3225 34.7177 3.55587
    endloop
  endfacet
  facet normal -0.707107 0.707107 0
    outer loop
      vertex -29.3225 34.7177 3.55587
      vertex -31.7775 32.2627 6.04454
      vertex -29.2816 34.7586 3.72618
    endloop
  endfacet
  facet normal -0.707107 0.707107 1.17478e-14
    outer loop
      vertex -29.2816 34.7586 3.72618
      vertex -31.7775 32.2627 6.04454
      vertex -29.2254 34.8148 3.8875
    endloop
  endfacet
  facet normal -0.707107 0.707107 -3.30689e-16
    outer loop
      vertex -29.2254 34.8148 3.8875
      vertex -31.7775 32.2627 6.04454
      vertex -29.1547 34.8855 4.03704
    endloop
  endfacet
  facet normal -0.707107 0.707107 -3.75201e-16
    outer loop
      vertex -29.1547 34.8855 4.03704
      vertex -31.7775 32.2627 6.04454
      vertex -29.0708 34.9694 4.17226
    endloop
  endfacet
  facet normal -0.707107 0.707107 -2.83718e-15
    outer loop
      vertex -28.3833 35.6569 5.14453
      vertex -31.7775 32.2627 6.04454
      vertex -26.1206 37.9196 6.04454
    endloop
  endfacet
  facet normal -0.707107 0.707107 -4.40718e-16
    outer loop
      vertex -29.0708 34.9694 4.17226
      vertex -31.7775 32.2627 6.04454
      vertex -28.3833 35.6569 5.14453
    endloop
  endfacet
  facet normal -0.707094 0.70712 0
    outer loop
      vertex -17.8 46.2402 0
      vertex -20.4638 43.5765 0
      vertex -17.8 46.2402 0.4
    endloop
  endfacet
  facet normal -0.707107 0.707107 0
    outer loop
      vertex -17.8 46.2402 0.4
      vertex -17.4 46.6402 1.6
      vertex -17.4 46.6402 0.4
    endloop
  endfacet
  facet normal -0.707094 0.70712 0
    outer loop
      vertex -20.4638 43.5765 1.6
      vertex -17.8 46.2402 0.4
      vertex -20.4638 43.5765 0
    endloop
  endfacet
  facet normal -0.707095 0.707118 -7.69326e-06
    outer loop
      vertex -17.8 46.2402 0.4
      vertex -20.4638 43.5765 1.6
      vertex -17.4 46.6402 1.6
    endloop
  endfacet
  facet normal 0.707107 0.707107 0
    outer loop
      vertex -29.3026 34.7376 0.599999
      vertex -33.2624 38.6974 0
      vertex -33.2624 38.6974 0.599999
    endloop
  endfacet
  facet normal 0.707107 0.707107 0
    outer loop
      vertex -33.2624 38.6974 0
      vertex -29.3026 34.7376 0.599999
      vertex -29.3026 34.7376 0
    endloop
  endfacet
  facet normal -0.707107 -0.707107 0
    outer loop
      vertex -20.4638 43.5765 0
      vertex -19.1202 42.2329 1.6
      vertex -20.4638 43.5765 1.6
    endloop
  endfacet
  facet normal -0.707107 -0.707107 -0
    outer loop
      vertex -19.1202 42.2329 1.6
      vertex -20.4638 43.5765 0
      vertex -19.1202 42.2329 0
    endloop
  endfacet
  facet normal -0.70708 -0.707133 0
    outer loop
      vertex -24.4235 47.5362 0
      vertex -25.7671 48.8797 1.6
      vertex -25.7671 48.8797 0
    endloop
  endfacet
  facet normal -0.70708 -0.707133 0
    outer loop
      vertex -25.7671 48.8797 1.6
      vertex -24.4235 47.5362 0
      vertex -24.4235 47.5362 1.6
    endloop
  endfacet
  facet normal 0.707107 0.707107 -0
    outer loop
      vertex -23.7872 37.566 0
      vertex -25.1307 38.9095 1.6
      vertex -23.7872 37.566 1.6
    endloop
  endfacet
  facet normal 0.707107 0.707107 0
    outer loop
      vertex -25.1307 38.9095 1.6
      vertex -23.7872 37.566 0
      vertex -25.1307 38.9095 0
    endloop
  endfacet
  facet normal 0.707107 0.707107 -0
    outer loop
      vertex -29.0905 42.8693 0
      vertex -30.434 44.2128 1.6
      vertex -29.0905 42.8693 1.6
    endloop
  endfacet
  facet normal 0.707107 0.707107 0
    outer loop
      vertex -30.434 44.2128 1.6
      vertex -29.0905 42.8693 0
      vertex -30.434 44.2128 0
    endloop
  endfacet
  facet normal 0.707107 -0.707107 0
    outer loop
      vertex -27.5454 47.1014 4.59
      vertex -27.6053 47.0415 4.15243
      vertex -27.5454 47.1014 4.19
    endloop
  endfacet
  facet normal 0.707107 -0.707107 -1.7093e-14
    outer loop
      vertex -27.627 47.0198 4.14097
      vertex -27.6053 47.0415 4.15243
      vertex -27.5454 47.1014 4.59
    endloop
  endfacet
  facet normal 0.707107 -0.707107 -1.18824e-12
    outer loop
      vertex -27.6053 47.0415 4.15243
      vertex -27.627 47.0198 4.14097
      vertex -27.6147 47.0321 4.14655
    endloop
  endfacet
  facet normal 0.707107 -0.707107 8.79611e-15
    outer loop
      vertex -27.5454 47.1014 4.59
      vertex -27.8112 46.8356 4.05703
      vertex -27.627 47.0198 4.14097
    endloop
  endfacet
  facet normal 0.707107 -0.707107 0
    outer loop
      vertex -27.5454 47.1014 4.59
      vertex -27.9542 46.6926 4.0175
      vertex -27.8112 46.8356 4.05703
    endloop
  endfacet
  facet normal 0.707107 -0.707107 2.45432e-14
    outer loop
      vertex -28.038 46.6088 4.00235
      vertex -27.9542 46.6926 4.0175
      vertex -27.5454 47.1014 4.59
    endloop
  endfacet
  facet normal 0.707107 -0.707107 -3.40241e-13
    outer loop
      vertex -27.9542 46.6926 4.0175
      vertex -28.038 46.6088 4.00235
      vertex -27.9943 46.6525 4.0064
    endloop
  endfacet
  facet normal 0.707107 -0.707107 -2.1749e-14
    outer loop
      vertex -27.5454 47.1014 4.59
      vertex -28.1712 46.4756 3.99
      vertex -28.038 46.6088 4.00235
    endloop
  endfacet
  facet normal 0.707107 -0.707107 2.09078e-15
    outer loop
      vertex -28.797 45.8498 4.59
      vertex -28.1712 46.4756 3.99
      vertex -27.5454 47.1014 4.59
    endloop
  endfacet
  facet normal 0.707107 -0.707107 4.62167e-15
    outer loop
      vertex -28.1712 46.4756 3.99
      vertex -28.797 45.8498 4.59
      vertex -28.3044 46.3424 4.00235
    endloop
  endfacet
  facet normal 0.707107 -0.707107 -2.45432e-14
    outer loop
      vertex -28.3882 46.2586 4.0175
      vertex -28.3044 46.3424 4.00235
      vertex -28.797 45.8498 4.59
    endloop
  endfacet
  facet normal 0.707107 -0.707107 9.92211e-13
    outer loop
      vertex -28.3044 46.3424 4.00235
      vertex -28.3882 46.2586 4.0175
      vertex -28.3481 46.2987 4.0064
    endloop
  endfacet
  facet normal 0.707107 -0.707107 1.56065e-14
    outer loop
      vertex -28.3882 46.2586 4.0175
      vertex -28.797 45.8498 4.59
      vertex -28.5312 46.1156 4.05703
    endloop
  endfacet
  facet normal 0.707107 -0.707107 6.0754e-15
    outer loop
      vertex -28.5312 46.1156 4.05703
      vertex -28.797 45.8498 4.59
      vertex -28.7155 45.9313 4.14097
    endloop
  endfacet
  facet normal 0.707107 -0.707107 -1.71609e-14
    outer loop
      vertex -28.7371 45.9097 4.15243
      vertex -28.7155 45.9313 4.14097
      vertex -28.797 45.8498 4.59
    endloop
  endfacet
  facet normal 0.707107 -0.707107 1.58824e-12
    outer loop
      vertex -28.7155 45.9313 4.14097
      vertex -28.7371 45.9097 4.15243
      vertex -28.7277 45.9191 4.14655
    endloop
  endfacet
  facet normal 0.707107 -0.707107 0
    outer loop
      vertex -28.7371 45.9097 4.15243
      vertex -28.797 45.8498 4.59
      vertex -28.797 45.8498 4.19
    endloop
  endfacet
  facet normal 0.707107 -0.707107 0
    outer loop
      vertex -30.434 44.2128 0
      vertex -25.7671 48.8797 1.6
      vertex -30.434 44.2128 1.6
    endloop
  endfacet
  facet normal 0.707107 -0.707107 0
    outer loop
      vertex -25.7671 48.8797 1.6
      vertex -30.434 44.2128 0
      vertex -25.7671 48.8797 0
    endloop
  endfacet
  facet normal -0.707107 0.707107 0
    outer loop
      vertex -20.9585 40.3947 4.15243
      vertex -20.8986 40.4546 4.59
      vertex -20.8986 40.4546 4.19
    endloop
  endfacet
  facet normal -0.707107 0.707107 -2.71645e-15
    outer loop
      vertex -21.1644 40.1888 4.05703
      vertex -20.8986 40.4546 4.59
      vertex -20.9802 40.373 4.14097
    endloop
  endfacet
  facet normal -0.707107 0.707107 2.32549e-14
    outer loop
      vertex -20.8986 40.4546 4.59
      vertex -20.9585 40.3947 4.15243
      vertex -20.9802 40.373 4.14097
    endloop
  endfacet
  facet normal -0.707107 0.707107 5.52575e-15
    outer loop
      vertex -21.3074 40.0458 4.0175
      vertex -20.8986 40.4546 4.59
      vertex -21.1644 40.1888 4.05703
    endloop
  endfacet
  facet normal -0.707107 0.707107 1.18824e-12
    outer loop
      vertex -20.9802 40.373 4.14097
      vertex -20.9585 40.3947 4.15243
      vertex -20.9679 40.3853 4.14655
    endloop
  endfacet
  facet normal -0.707107 0.707107 -6.19261e-15
    outer loop
      vertex -22.0903 39.2629 4.15243
      vertex -22.1502 39.203 4.59
      vertex -22.0687 39.2845 4.14097
    endloop
  endfacet
  facet normal -0.707107 0.707107 0
    outer loop
      vertex -22.1502 39.203 4.59
      vertex -22.0903 39.2629 4.15243
      vertex -22.1502 39.203 4.19
    endloop
  endfacet
  facet normal -0.707107 0.707107 0
    outer loop
      vertex -22.0903 39.2629 4.15243
      vertex -22.0687 39.2845 4.14097
      vertex -22.0809 39.2723 4.14655
    endloop
  endfacet
  facet normal -0.707107 0.707107 -1.94936e-14
    outer loop
      vertex -21.3912 39.962 4.00235
      vertex -20.8986 40.4546 4.59
      vertex -21.3074 40.0458 4.0175
    endloop
  endfacet
  facet normal -0.707107 0.707107 -6.0754e-15
    outer loop
      vertex -22.1502 39.203 4.59
      vertex -21.8844 39.4688 4.05703
      vertex -22.0687 39.2845 4.14097
    endloop
  endfacet
  facet normal -0.707107 0.707107 2.63707e-14
    outer loop
      vertex -21.5244 39.8288 3.99
      vertex -20.8986 40.4546 4.59
      vertex -21.3912 39.962 4.00235
    endloop
  endfacet
  facet normal -0.707107 0.707107 -5.52575e-15
    outer loop
      vertex -22.1502 39.203 4.59
      vertex -21.7414 39.6118 4.0175
      vertex -21.8844 39.4688 4.05703
    endloop
  endfacet
  facet normal -0.707107 0.707107 -9.64649e-13
    outer loop
      vertex -21.3912 39.962 4.00235
      vertex -21.3074 40.0458 4.0175
      vertex -21.3475 40.0057 4.0064
    endloop
  endfacet
  facet normal -0.707107 0.707107 0
    outer loop
      vertex -20.8986 40.4546 4.59
      vertex -21.5244 39.8288 3.99
      vertex -22.1502 39.203 4.59
    endloop
  endfacet
  facet normal -0.707107 0.707107 1.97285e-14
    outer loop
      vertex -22.1502 39.203 4.59
      vertex -21.6576 39.6956 4.00235
      vertex -21.7414 39.6118 4.0175
    endloop
  endfacet
  facet normal -0.707107 0.707107 -3.40241e-13
    outer loop
      vertex -21.7414 39.6118 4.0175
      vertex -21.6576 39.6956 4.00235
      vertex -21.7013 39.6519 4.0064
    endloop
  endfacet
  facet normal -0.707107 0.707107 -2.60988e-14
    outer loop
      vertex -22.1502 39.203 4.59
      vertex -21.5244 39.8288 3.99
      vertex -21.6576 39.6956 4.00235
    endloop
  endfacet
  facet normal -0.707099 0.707114 0
    outer loop
      vertex -23.7872 37.566 0
      vertex -19.1202 42.2329 1.6
      vertex -19.1202 42.2329 0
    endloop
  endfacet
  facet normal -0.707099 0.707114 0
    outer loop
      vertex -19.1202 42.2329 1.6
      vertex -23.7872 37.566 0
      vertex -23.7872 37.566 1.6
    endloop
  endfacet
  facet normal 0.138033 0.138027 0.980763
    outer loop
      vertex -28.5102 35.53 1.83676
      vertex -26.2308 33.0011 1.87186
      vertex -26.1061 33.1258 1.83676
    endloop
  endfacet
  facet normal 0.137921 0.137927 0.980793
    outer loop
      vertex -26.2308 33.0011 1.87186
      vertex -28.5102 35.53 1.83676
      vertex -28.635 35.4052 1.87186
    endloop
  endfacet
  facet normal 0.137921 0.137927 0.980793
    outer loop
      vertex -34.8742 41.8939 1.83676
      vertex -32.5948 39.365 1.87186
      vertex -32.47 39.4898 1.83676
    endloop
  endfacet
  facet normal 0.138033 0.138027 0.980763
    outer loop
      vertex -32.5948 39.365 1.87186
      vertex -34.8742 41.8939 1.83676
      vertex -34.9989 41.7692 1.87186
    endloop
  endfacet
  facet normal 0.0462547 0.0462547 0.997858
    outer loop
      vertex -34.7473 42.0208 1.825
      vertex -32.47 39.4898 1.83676
      vertex -32.3431 39.6166 1.825
    endloop
  endfacet
  facet normal 0.0462356 0.0462375 0.99786
    outer loop
      vertex -32.47 39.4898 1.83676
      vertex -34.7473 42.0208 1.825
      vertex -34.8742 41.8939 1.83676
    endloop
  endfacet
  facet normal 0.0462375 0.0462356 0.99786
    outer loop
      vertex -28.3833 35.6569 1.825
      vertex -26.1061 33.1258 1.83676
      vertex -25.9792 33.2527 1.825
    endloop
  endfacet
  facet normal 0.0462375 0.0462356 0.99786
    outer loop
      vertex -26.1061 33.1258 1.83676
      vertex -28.3833 35.6569 1.825
      vertex -28.5102 35.53 1.83676
    endloop
  endfacet
  facet normal 0.500018 0.500018 -0.707082
    outer loop
      vertex -33.0306 38.9292 4.17226
      vertex -34.7473 42.0208 5.14453
      vertex -32.3431 39.6166 5.14453
    endloop
  endfacet
  facet normal 0.499989 0.50001 -0.707107
    outer loop
      vertex -34.7473 42.0208 5.14453
      vertex -33.0306 38.9292 4.17226
      vertex -35.4348 41.3333 4.17226
    endloop
  endfacet
  facet normal 0.50001 0.499989 -0.707107
    outer loop
      vertex -26.6667 32.5652 4.17226
      vertex -28.3833 35.6569 5.14453
      vertex -25.9792 33.2527 5.14453
    endloop
  endfacet
  facet normal 0.50001 0.499989 -0.707107
    outer loop
      vertex -28.3833 35.6569 5.14453
      vertex -26.6667 32.5652 4.17226
      vertex -29.0708 34.9694 4.17226
    endloop
  endfacet
  facet normal 0.669546 0.669546 -0.321583
    outer loop
      vertex -26.8774 32.3544 3.72618
      vertex -29.3225 34.7177 3.55587
      vertex -29.2816 34.7586 3.72618
    endloop
  endfacet
  facet normal 0.669617 0.669645 -0.321231
    outer loop
      vertex -29.3225 34.7177 3.55587
      vertex -26.8774 32.3544 3.72618
      vertex -26.9183 32.3136 3.55587
    endloop
  endfacet
  facet normal 0.669631 0.669631 -0.321231
    outer loop
      vertex -33.2414 38.7184 3.72618
      vertex -35.6864 41.0817 3.55587
      vertex -35.6456 41.1226 3.72618
    endloop
  endfacet
  facet normal 0.66956 0.669532 -0.321583
    outer loop
      vertex -35.6864 41.0817 3.55587
      vertex -33.2414 38.7184 3.72618
      vertex -33.2823 38.6775 3.55587
    endloop
  endfacet
  facet normal 0.312862 0.312849 0.896796
    outer loop
      vertex -28.7554 35.2848 1.92968
      vertex -26.4653 32.7666 2.00922
      vertex -26.3513 32.8806 1.92968
    endloop
  endfacet
  facet normal 0.312629 0.312642 0.896949
    outer loop
      vertex -26.4653 32.7666 2.00922
      vertex -28.7554 35.2848 1.92968
      vertex -28.8695 35.1707 2.00922
    endloop
  endfacet
  facet normal 0.312629 0.312642 0.896949
    outer loop
      vertex -35.1194 41.6487 1.92968
      vertex -32.8293 39.1305 2.00922
      vertex -32.7152 39.2446 1.92968
    endloop
  endfacet
  facet normal 0.312862 0.312849 0.896796
    outer loop
      vertex -32.8293 39.1305 2.00922
      vertex -35.1194 41.6487 1.92968
      vertex -35.2334 41.5347 2.00922
    endloop
  endfacet
  facet normal 0.587819 0.587819 0.555822
    outer loop
      vertex -29.2254 34.8148 2.5125
      vertex -26.7505 32.4813 2.36296
      vertex -29.1547 34.8855 2.36296
    endloop
  endfacet
  facet normal 0.587935 0.58796 0.55555
    outer loop
      vertex -26.7505 32.4813 2.36296
      vertex -29.2254 34.8148 2.5125
      vertex -26.8212 32.4107 2.5125
    endloop
  endfacet
  facet normal 0.587947 0.587947 0.55555
    outer loop
      vertex -35.5893 41.1788 2.5125
      vertex -33.1145 38.8453 2.36296
      vertex -35.5187 41.2495 2.36296
    endloop
  endfacet
  facet normal 0.587831 0.587807 0.555822
    outer loop
      vertex -33.1145 38.8453 2.36296
      vertex -35.5893 41.1788 2.5125
      vertex -33.1852 38.7746 2.5125
    endloop
  endfacet
  facet normal 0.531488 0.53151 -0.659559
    outer loop
      vertex -33.1145 38.8453 4.03704
      vertex -35.4348 41.3333 4.17226
      vertex -33.0306 38.9292 4.17226
    endloop
  endfacet
  facet normal 0.531637 0.531637 -0.659337
    outer loop
      vertex -35.4348 41.3333 4.17226
      vertex -33.1145 38.8453 4.03704
      vertex -35.5187 41.2495 4.03704
    endloop
  endfacet
  facet normal 0.531648 0.531626 -0.659337
    outer loop
      vertex -26.7505 32.4813 4.03704
      vertex -29.0708 34.9694 4.17226
      vertex -26.6667 32.5652 4.17226
    endloop
  endfacet
  facet normal 0.531499 0.531499 -0.659559
    outer loop
      vertex -29.0708 34.9694 4.17226
      vertex -26.7505 32.4813 4.03704
      vertex -29.1547 34.8855 4.03704
    endloop
  endfacet
  facet normal 0.705599 0.705599 0.0652677
    outer loop
      vertex -29.3556 34.6846 3.2
      vertex -26.9431 32.2887 3.02054
      vertex -29.3473 34.6929 3.02054
    endloop
  endfacet
  facet normal 0.705596 0.705566 0.0656592
    outer loop
      vertex -26.9431 32.2887 3.02054
      vertex -29.3556 34.6846 3.2
      vertex -26.9515 32.2804 3.2
    endloop
  endfacet
  facet normal 0.705581 0.705581 0.0656592
    outer loop
      vertex -35.7196 41.0485 3.2
      vertex -33.3071 38.6527 3.02054
      vertex -35.7113 41.0569 3.02054
    endloop
  endfacet
  facet normal 0.705584 0.705614 0.0652677
    outer loop
      vertex -33.3071 38.6527 3.02054
      vertex -35.7196 41.0485 3.2
      vertex -33.3154 38.6444 3.2
    endloop
  endfacet
  facet normal 0.531648 0.531626 0.659337
    outer loop
      vertex -29.0708 34.9694 2.22774
      vertex -26.7505 32.4813 2.36296
      vertex -26.6667 32.5652 2.22774
    endloop
  endfacet
  facet normal 0.531499 0.531499 0.659559
    outer loop
      vertex -26.7505 32.4813 2.36296
      vertex -29.0708 34.9694 2.22774
      vertex -29.1547 34.8855 2.36296
    endloop
  endfacet
  facet normal 0.531488 0.53151 0.659559
    outer loop
      vertex -35.4348 41.3333 2.22774
      vertex -33.1145 38.8453 2.36296
      vertex -33.0306 38.9292 2.22774
    endloop
  endfacet
  facet normal 0.531637 0.531637 0.659337
    outer loop
      vertex -33.1145 38.8453 2.36296
      vertex -35.4348 41.3333 2.22774
      vertex -35.5187 41.2495 2.36296
    endloop
  endfacet
  facet normal -0.0462365 -0.0462365 0.99786
    outer loop
      vertex -34.6204 42.1477 1.83676
      vertex -32.3431 39.6166 1.825
      vertex -32.2162 39.7435 1.83676
    endloop
  endfacet
  facet normal -0.0462365 -0.0462365 0.99786
    outer loop
      vertex -32.3431 39.6166 1.825
      vertex -34.6204 42.1477 1.83676
      vertex -34.7473 42.0208 1.825
    endloop
  endfacet
  facet normal -0.0462365 -0.0462365 0.99786
    outer loop
      vertex -28.2565 35.7838 1.83676
      vertex -25.9792 33.2527 1.825
      vertex -25.8523 33.3796 1.83676
    endloop
  endfacet
  facet normal -0.0462556 -0.0462537 0.997858
    outer loop
      vertex -25.9792 33.2527 1.825
      vertex -28.2565 35.7838 1.83676
      vertex -28.3833 35.6569 1.825
    endloop
  endfacet
  facet normal -0.466271 -0.466291 0.751774
    outer loop
      vertex -27.6959 36.3443 2.22774
      vertex -25.3873 33.8446 2.10915
      vertex -25.2917 33.9402 2.22774
    endloop
  endfacet
  facet normal -0.466271 -0.466291 0.751774
    outer loop
      vertex -25.3873 33.8446 2.10915
      vertex -27.6959 36.3443 2.22774
      vertex -27.7915 36.2487 2.10915
    endloop
  endfacet
  facet normal -0.466291 -0.466271 0.751774
    outer loop
      vertex -34.0598 42.7083 2.22774
      vertex -31.7513 40.2085 2.10915
      vertex -31.6557 40.3041 2.22774
    endloop
  endfacet
  facet normal -0.466291 -0.466271 0.751774
    outer loop
      vertex -31.7513 40.2085 2.10915
      vertex -34.0598 42.7083 2.22774
      vertex -34.1554 42.6127 2.10915
    endloop
  endfacet
  facet normal -0.634192 -0.634192 -0.442268
    outer loop
      vertex -31.4449 40.5149 3.72618
      vertex -33.9053 42.8628 3.8875
      vertex -33.8491 42.9191 3.72618
    endloop
  endfacet
  facet normal -0.634289 -0.634316 -0.441951
    outer loop
      vertex -33.9053 42.8628 3.8875
      vertex -31.4449 40.5149 3.72618
      vertex -31.5011 40.4587 3.8875
    endloop
  endfacet
  facet normal -0.634302 -0.634302 -0.441951
    outer loop
      vertex -25.0809 34.1509 3.72618
      vertex -27.5413 36.4989 3.8875
      vertex -27.4851 36.5551 3.72618
    endloop
  endfacet
  facet normal -0.634205 -0.634179 -0.442268
    outer loop
      vertex -27.5413 36.4989 3.8875
      vertex -25.0809 34.1509 3.72618
      vertex -25.1372 34.0947 3.8875
    endloop
  endfacet
  facet normal -0.500028 -0.500007 -0.707082
    outer loop
      vertex -32.3431 39.6166 5.14453
      vertex -34.0598 42.7083 4.17226
      vertex -31.6557 40.3041 4.17226
    endloop
  endfacet
  facet normal -0.5 -0.5 -0.707107
    outer loop
      vertex -34.0598 42.7083 4.17226
      vertex -32.3431 39.6166 5.14453
      vertex -34.7473 42.0208 5.14453
    endloop
  endfacet
  facet normal -0.499989 -0.50001 -0.707107
    outer loop
      vertex -25.9792 33.2527 5.14453
      vertex -27.6959 36.3443 4.17226
      vertex -25.2917 33.9402 4.17226
    endloop
  endfacet
  facet normal -0.500046 -0.500025 -0.707056
    outer loop
      vertex -27.6959 36.3443 4.17226
      vertex -25.9792 33.2527 5.14453
      vertex -28.3833 35.6569 5.14453
    endloop
  endfacet
  facet normal 0.587947 0.587947 -0.55555
    outer loop
      vertex -33.1145 38.8453 4.03704
      vertex -35.5893 41.1788 3.8875
      vertex -35.5187 41.2495 4.03704
    endloop
  endfacet
  facet normal 0.587831 0.587807 -0.555822
    outer loop
      vertex -35.5893 41.1788 3.8875
      vertex -33.1145 38.8453 4.03704
      vertex -33.1852 38.7746 3.8875
    endloop
  endfacet
  facet normal 0.587819 0.587819 -0.555822
    outer loop
      vertex -26.7505 32.4813 4.03704
      vertex -29.2254 34.8148 3.8875
      vertex -29.1547 34.8855 4.03704
    endloop
  endfacet
  facet normal 0.587935 0.58796 -0.55555
    outer loop
      vertex -29.2254 34.8148 3.8875
      vertex -26.7505 32.4813 4.03704
      vertex -26.8212 32.4107 3.8875
    endloop
  endfacet
  facet normal -0.693533 -0.693533 0.194996
    outer loop
      vertex -27.4442 36.596 2.84413
      vertex -25.0152 34.2166 3.02054
      vertex -27.4194 36.6208 3.02054
    endloop
  endfacet
  facet normal -0.693533 -0.693533 0.194996
    outer loop
      vertex -25.0152 34.2166 3.02054
      vertex -27.4442 36.596 2.84413
      vertex -25.04 34.1918 2.84413
    endloop
  endfacet
  facet normal -0.693533 -0.693533 0.194996
    outer loop
      vertex -33.8082 42.96 2.84413
      vertex -31.3792 40.5806 3.02054
      vertex -33.7834 42.9848 3.02054
    endloop
  endfacet
  facet normal -0.693533 -0.693533 0.194996
    outer loop
      vertex -31.3792 40.5806 3.02054
      vertex -33.8082 42.96 2.84413
      vertex -31.404 40.5558 2.84413
    endloop
  endfacet
  facet normal -0.392844 -0.392861 0.831465
    outer loop
      vertex -27.7915 36.2487 2.10915
      vertex -25.493 33.7388 2.00922
      vertex -25.3873 33.8446 2.10915
    endloop
  endfacet
  facet normal -0.392981 -0.392981 0.831344
    outer loop
      vertex -25.493 33.7388 2.00922
      vertex -27.7915 36.2487 2.10915
      vertex -27.8972 36.143 2.00922
    endloop
  endfacet
  facet normal -0.392989 -0.392973 0.831344
    outer loop
      vertex -34.1554 42.6127 2.10915
      vertex -31.857 40.1028 2.00922
      vertex -31.7513 40.2085 2.10915
    endloop
  endfacet
  facet normal -0.392852 -0.392852 0.831465
    outer loop
      vertex -31.857 40.1028 2.00922
      vertex -34.1554 42.6127 2.10915
      vertex -34.2612 42.507 2.00922
    endloop
  endfacet
  facet normal -0.705584 -0.705614 -0.0652677
    outer loop
      vertex -25.0069 34.225 3.2
      vertex -27.4194 36.6208 3.37946
      vertex -27.4111 36.6291 3.2
    endloop
  endfacet
  facet normal -0.705581 -0.705581 -0.0656592
    outer loop
      vertex -27.4194 36.6208 3.37946
      vertex -25.0069 34.225 3.2
      vertex -25.0152 34.2166 3.37946
    endloop
  endfacet
  facet normal -0.705596 -0.705566 -0.0656592
    outer loop
      vertex -31.3709 40.5889 3.2
      vertex -33.7834 42.9848 3.37946
      vertex -33.775 42.9931 3.2
    endloop
  endfacet
  facet normal -0.705599 -0.705599 -0.0652677
    outer loop
      vertex -33.7834 42.9848 3.37946
      vertex -31.3709 40.5889 3.2
      vertex -31.3792 40.5806 3.37946
    endloop
  endfacet
  facet normal 0.705599 0.705599 -0.0652677
    outer loop
      vertex -26.9431 32.2887 3.37946
      vertex -29.3556 34.6846 3.2
      vertex -29.3473 34.6929 3.37946
    endloop
  endfacet
  facet normal 0.705596 0.705566 -0.0656592
    outer loop
      vertex -29.3556 34.6846 3.2
      vertex -26.9431 32.2887 3.37946
      vertex -26.9515 32.2804 3.2
    endloop
  endfacet
  facet normal 0.705581 0.705581 -0.0656592
    outer loop
      vertex -33.3071 38.6527 3.37946
      vertex -35.7196 41.0485 3.2
      vertex -35.7113 41.0569 3.37946
    endloop
  endfacet
  facet normal 0.705584 0.705614 -0.0652677
    outer loop
      vertex -35.7196 41.0485 3.2
      vertex -33.3071 38.6527 3.37946
      vertex -33.3154 38.6444 3.2
    endloop
  endfacet
  facet normal -0.669546 -0.669546 0.321583
    outer loop
      vertex -27.4851 36.5551 2.67382
      vertex -25.04 34.1918 2.84413
      vertex -27.4442 36.596 2.84413
    endloop
  endfacet
  facet normal -0.669546 -0.669546 0.321583
    outer loop
      vertex -25.04 34.1918 2.84413
      vertex -27.4851 36.5551 2.67382
      vertex -25.0809 34.1509 2.67382
    endloop
  endfacet
  facet normal -0.669546 -0.669546 0.321583
    outer loop
      vertex -31.4449 40.5149 2.67382
      vertex -33.8082 42.96 2.84413
      vertex -33.8491 42.9191 2.67382
    endloop
  endfacet
  facet normal -0.669546 -0.669546 0.321583
    outer loop
      vertex -33.8082 42.96 2.84413
      vertex -31.4449 40.5149 2.67382
      vertex -31.404 40.5558 2.84413
    endloop
  endfacet
  facet normal -0.531499 -0.531499 -0.659559
    outer loop
      vertex -31.6557 40.3041 4.17226
      vertex -33.976 42.7922 4.03704
      vertex -31.5718 40.388 4.03704
    endloop
  endfacet
  facet normal -0.531648 -0.531626 -0.659337
    outer loop
      vertex -33.976 42.7922 4.03704
      vertex -31.6557 40.3041 4.17226
      vertex -34.0598 42.7083 4.17226
    endloop
  endfacet
  facet normal -0.531637 -0.531637 -0.659337
    outer loop
      vertex -25.2917 33.9402 4.17226
      vertex -27.612 36.4282 4.03704
      vertex -25.2078 34.024 4.03704
    endloop
  endfacet
  facet normal -0.531488 -0.53151 -0.659559
    outer loop
      vertex -27.612 36.4282 4.03704
      vertex -25.2917 33.9402 4.17226
      vertex -27.6959 36.3443 4.17226
    endloop
  endfacet
  facet normal -0.669546 -0.669546 -0.321583
    outer loop
      vertex -25.04 34.1918 3.55587
      vertex -27.4851 36.5551 3.72618
      vertex -27.4442 36.596 3.55587
    endloop
  endfacet
  facet normal -0.669546 -0.669546 -0.321583
    outer loop
      vertex -27.4851 36.5551 3.72618
      vertex -25.04 34.1918 3.55587
      vertex -25.0809 34.1509 3.72618
    endloop
  endfacet
  facet normal -0.669546 -0.669546 -0.321583
    outer loop
      vertex -33.8082 42.96 3.55587
      vertex -31.4449 40.5149 3.72618
      vertex -33.8491 42.9191 3.72618
    endloop
  endfacet
  facet normal -0.669546 -0.669546 -0.321583
    outer loop
      vertex -31.4449 40.5149 3.72618
      vertex -33.8082 42.96 3.55587
      vertex -31.404 40.5558 3.55587
    endloop
  endfacet
  facet normal -0.693533 -0.693533 -0.194996
    outer loop
      vertex -25.0152 34.2166 3.37946
      vertex -27.4442 36.596 3.55587
      vertex -27.4194 36.6208 3.37946
    endloop
  endfacet
  facet normal -0.693533 -0.693533 -0.194996
    outer loop
      vertex -27.4442 36.596 3.55587
      vertex -25.0152 34.2166 3.37946
      vertex -25.04 34.1918 3.55587
    endloop
  endfacet
  facet normal -0.693533 -0.693533 -0.194996
    outer loop
      vertex -31.3792 40.5806 3.37946
      vertex -33.8082 42.96 3.55587
      vertex -33.7834 42.9848 3.37946
    endloop
  endfacet
  facet normal -0.693533 -0.693533 -0.194996
    outer loop
      vertex -33.8082 42.96 3.55587
      vertex -31.3792 40.5806 3.37946
      vertex -31.404 40.5558 3.55587
    endloop
  endfacet
  facet normal -0.138033 -0.138027 0.980763
    outer loop
      vertex -28.1317 35.9085 1.87186
      vertex -25.8523 33.3796 1.83676
      vertex -25.7276 33.5043 1.87186
    endloop
  endfacet
  facet normal -0.137977 -0.137977 0.980778
    outer loop
      vertex -25.8523 33.3796 1.83676
      vertex -28.1317 35.9085 1.87186
      vertex -28.2565 35.7838 1.83676
    endloop
  endfacet
  facet normal -0.137974 -0.13798 0.980778
    outer loop
      vertex -34.4957 42.2724 1.87186
      vertex -32.2162 39.7435 1.83676
      vertex -32.0915 39.8683 1.87186
    endloop
  endfacet
  facet normal -0.13803 -0.13803 0.980763
    outer loop
      vertex -32.2162 39.7435 1.83676
      vertex -34.4957 42.2724 1.87186
      vertex -34.6204 42.1477 1.83676
    endloop
  endfacet
  facet normal 0.392716 0.392732 0.831586
    outer loop
      vertex -28.8695 35.1707 2.00922
      vertex -26.5711 32.6608 2.10915
      vertex -26.4653 32.7666 2.00922
    endloop
  endfacet
  facet normal 0.392989 0.392973 0.831344
    outer loop
      vertex -26.5711 32.6608 2.10915
      vertex -28.8695 35.1707 2.00922
      vertex -28.9752 35.065 2.10915
    endloop
  endfacet
  facet normal 0.392989 0.392973 0.831344
    outer loop
      vertex -35.2334 41.5347 2.00922
      vertex -32.935 39.0248 2.10915
      vertex -32.8293 39.1305 2.00922
    endloop
  endfacet
  facet normal 0.392716 0.392732 0.831586
    outer loop
      vertex -32.935 39.0248 2.10915
      vertex -35.2334 41.5347 2.00922
      vertex -35.3392 41.4289 2.10915
    endloop
  endfacet
  facet normal -0.531637 -0.531637 0.659337
    outer loop
      vertex -27.612 36.4282 2.36296
      vertex -25.2917 33.9402 2.22774
      vertex -25.2078 34.024 2.36296
    endloop
  endfacet
  facet normal -0.531488 -0.53151 0.659559
    outer loop
      vertex -25.2917 33.9402 2.22774
      vertex -27.612 36.4282 2.36296
      vertex -27.6959 36.3443 2.22774
    endloop
  endfacet
  facet normal -0.531499 -0.531499 0.659559
    outer loop
      vertex -33.976 42.7922 2.36296
      vertex -31.6557 40.3041 2.22774
      vertex -31.5718 40.388 2.36296
    endloop
  endfacet
  facet normal -0.531648 -0.531626 0.659337
    outer loop
      vertex -31.6557 40.3041 2.22774
      vertex -33.976 42.7922 2.36296
      vertex -34.0598 42.7083 2.22774
    endloop
  endfacet
  facet normal -0.312745 -0.312745 0.896873
    outer loop
      vertex -27.8972 36.143 2.00922
      vertex -25.6071 33.6248 1.92968
      vertex -25.493 33.7388 2.00922
    endloop
  endfacet
  facet normal -0.312629 -0.312642 0.896949
    outer loop
      vertex -25.6071 33.6248 1.92968
      vertex -27.8972 36.143 2.00922
      vertex -28.0113 36.0289 1.92968
    endloop
  endfacet
  facet normal -0.312635 -0.312635 0.896949
    outer loop
      vertex -34.2612 42.507 2.00922
      vertex -31.9711 39.9887 1.92968
      vertex -31.857 40.1028 2.00922
    endloop
  endfacet
  facet normal -0.312752 -0.312739 0.896873
    outer loop
      vertex -31.9711 39.9887 1.92968
      vertex -34.2612 42.507 2.00922
      vertex -34.3752 42.3929 1.92968
    endloop
  endfacet
  facet normal 0.466291 0.466271 0.751774
    outer loop
      vertex -28.9752 35.065 2.10915
      vertex -26.6667 32.5652 2.22774
      vertex -26.5711 32.6608 2.10915
    endloop
  endfacet
  facet normal 0.466291 0.466271 0.751774
    outer loop
      vertex -26.6667 32.5652 2.22774
      vertex -28.9752 35.065 2.10915
      vertex -29.0708 34.9694 2.22774
    endloop
  endfacet
  facet normal 0.466271 0.466291 0.751774
    outer loop
      vertex -35.3392 41.4289 2.10915
      vertex -33.0306 38.9292 2.22774
      vertex -32.935 39.0248 2.10915
    endloop
  endfacet
  facet normal 0.466271 0.466291 0.751774
    outer loop
      vertex -33.0306 38.9292 2.22774
      vertex -35.3392 41.4289 2.10915
      vertex -35.4348 41.3333 2.22774
    endloop
  endfacet
  facet normal 0.669546 0.669546 0.321583
    outer loop
      vertex -29.3225 34.7177 2.84413
      vertex -26.8774 32.3544 2.67382
      vertex -29.2816 34.7586 2.67382
    endloop
  endfacet
  facet normal 0.669617 0.669645 0.321231
    outer loop
      vertex -26.8774 32.3544 2.67382
      vertex -29.3225 34.7177 2.84413
      vertex -26.9183 32.3136 2.84413
    endloop
  endfacet
  facet normal 0.669631 0.669631 0.321231
    outer loop
      vertex -35.6864 41.0817 2.84413
      vertex -33.2414 38.7184 2.67382
      vertex -35.6456 41.1226 2.67382
    endloop
  endfacet
  facet normal 0.66956 0.669532 0.321583
    outer loop
      vertex -33.2414 38.7184 2.67382
      vertex -35.6864 41.0817 2.84413
      vertex -33.2823 38.6775 2.84413
    endloop
  endfacet
  facet normal 0.227191 0.2272 0.946976
    outer loop
      vertex -28.635 35.4052 1.87186
      vertex -26.3513 32.8806 1.92968
      vertex -26.2308 33.0011 1.87186
    endloop
  endfacet
  facet normal 0.22737 0.22736 0.946895
    outer loop
      vertex -26.3513 32.8806 1.92968
      vertex -28.635 35.4052 1.87186
      vertex -28.7554 35.2848 1.92968
    endloop
  endfacet
  facet normal 0.22737 0.22736 0.946895
    outer loop
      vertex -34.9989 41.7692 1.87186
      vertex -32.7152 39.2446 1.92968
      vertex -32.5948 39.365 1.87186
    endloop
  endfacet
  facet normal 0.227191 0.2272 0.946976
    outer loop
      vertex -32.7152 39.2446 1.92968
      vertex -34.9989 41.7692 1.87186
      vertex -35.1194 41.6487 1.92968
    endloop
  endfacet
  facet normal 0.693519 0.693548 0.194996
    outer loop
      vertex -29.3473 34.6929 3.02054
      vertex -26.9183 32.3136 2.84413
      vertex -29.3225 34.7177 2.84413
    endloop
  endfacet
  facet normal 0.69348 0.69348 0.195374
    outer loop
      vertex -26.9183 32.3136 2.84413
      vertex -29.3473 34.6929 3.02054
      vertex -26.9431 32.2887 3.02054
    endloop
  endfacet
  facet normal 0.693494 0.693466 0.195374
    outer loop
      vertex -35.7113 41.0569 3.02054
      vertex -33.2823 38.6775 2.84413
      vertex -35.6864 41.0817 2.84413
    endloop
  endfacet
  facet normal 0.693533 0.693533 0.194996
    outer loop
      vertex -33.2823 38.6775 2.84413
      vertex -35.7113 41.0569 3.02054
      vertex -33.3071 38.6527 3.02054
    endloop
  endfacet
  facet normal 0.634316 0.634289 -0.441951
    outer loop
      vertex -33.2414 38.7184 3.72618
      vertex -35.5893 41.1788 3.8875
      vertex -33.1852 38.7746 3.8875
    endloop
  endfacet
  facet normal 0.634192 0.634192 -0.442268
    outer loop
      vertex -35.5893 41.1788 3.8875
      vertex -33.2414 38.7184 3.72618
      vertex -35.6456 41.1226 3.72618
    endloop
  endfacet
  facet normal 0.634179 0.634205 -0.442268
    outer loop
      vertex -26.8774 32.3544 3.72618
      vertex -29.2254 34.8148 3.8875
      vertex -26.8212 32.4107 3.8875
    endloop
  endfacet
  facet normal 0.634302 0.634302 -0.441951
    outer loop
      vertex -29.2254 34.8148 3.8875
      vertex -26.8774 32.3544 3.72618
      vertex -29.2816 34.7586 3.72618
    endloop
  endfacet
  facet normal -0.587831 -0.587807 0.555822
    outer loop
      vertex -27.612 36.4282 2.36296
      vertex -25.1372 34.0947 2.5125
      vertex -27.5413 36.4989 2.5125
    endloop
  endfacet
  facet normal -0.587947 -0.587947 0.55555
    outer loop
      vertex -25.1372 34.0947 2.5125
      vertex -27.612 36.4282 2.36296
      vertex -25.2078 34.024 2.36296
    endloop
  endfacet
  facet normal -0.587935 -0.58796 0.55555
    outer loop
      vertex -33.976 42.7922 2.36296
      vertex -31.5011 40.4587 2.5125
      vertex -33.9053 42.8628 2.5125
    endloop
  endfacet
  facet normal -0.587819 -0.587819 0.555822
    outer loop
      vertex -31.5011 40.4587 2.5125
      vertex -33.976 42.7922 2.36296
      vertex -31.5718 40.388 2.36296
    endloop
  endfacet
  facet normal -0.705584 -0.705614 0.0652677
    outer loop
      vertex -27.4194 36.6208 3.02054
      vertex -25.0069 34.225 3.2
      vertex -27.4111 36.6291 3.2
    endloop
  endfacet
  facet normal -0.705581 -0.705581 0.0656592
    outer loop
      vertex -25.0069 34.225 3.2
      vertex -27.4194 36.6208 3.02054
      vertex -25.0152 34.2166 3.02054
    endloop
  endfacet
  facet normal -0.705596 -0.705566 0.0656592
    outer loop
      vertex -33.7834 42.9848 3.02054
      vertex -31.3709 40.5889 3.2
      vertex -33.775 42.9931 3.2
    endloop
  endfacet
  facet normal -0.705599 -0.705599 0.0652677
    outer loop
      vertex -31.3709 40.5889 3.2
      vertex -33.7834 42.9848 3.02054
      vertex -31.3792 40.5806 3.02054
    endloop
  endfacet
  facet normal 0.693519 0.693548 -0.194996
    outer loop
      vertex -26.9183 32.3136 3.55587
      vertex -29.3473 34.6929 3.37946
      vertex -29.3225 34.7177 3.55587
    endloop
  endfacet
  facet normal 0.69348 0.69348 -0.195374
    outer loop
      vertex -29.3473 34.6929 3.37946
      vertex -26.9183 32.3136 3.55587
      vertex -26.9431 32.2887 3.37946
    endloop
  endfacet
  facet normal 0.693548 0.693519 -0.194996
    outer loop
      vertex -33.3071 38.6527 3.37946
      vertex -35.6864 41.0817 3.55587
      vertex -33.2823 38.6775 3.55587
    endloop
  endfacet
  facet normal 0.69348 0.69348 -0.195374
    outer loop
      vertex -35.6864 41.0817 3.55587
      vertex -33.3071 38.6527 3.37946
      vertex -35.7113 41.0569 3.37946
    endloop
  endfacet
  facet normal -0.587935 -0.58796 -0.55555
    outer loop
      vertex -31.5011 40.4587 3.8875
      vertex -33.976 42.7922 4.03704
      vertex -33.9053 42.8628 3.8875
    endloop
  endfacet
  facet normal -0.587819 -0.587819 -0.555822
    outer loop
      vertex -33.976 42.7922 4.03704
      vertex -31.5011 40.4587 3.8875
      vertex -31.5718 40.388 4.03704
    endloop
  endfacet
  facet normal -0.587831 -0.587807 -0.555822
    outer loop
      vertex -25.1372 34.0947 3.8875
      vertex -27.612 36.4282 4.03704
      vertex -27.5413 36.4989 3.8875
    endloop
  endfacet
  facet normal -0.587947 -0.587947 -0.55555
    outer loop
      vertex -27.612 36.4282 4.03704
      vertex -25.1372 34.0947 3.8875
      vertex -25.2078 34.024 4.03704
    endloop
  endfacet
  facet normal 0.634179 0.634205 0.442268
    outer loop
      vertex -29.2254 34.8148 2.5125
      vertex -26.8774 32.3544 2.67382
      vertex -26.8212 32.4107 2.5125
    endloop
  endfacet
  facet normal 0.634302 0.634302 0.441951
    outer loop
      vertex -26.8774 32.3544 2.67382
      vertex -29.2254 34.8148 2.5125
      vertex -29.2816 34.7586 2.67382
    endloop
  endfacet
  facet normal 0.634316 0.634289 0.441951
    outer loop
      vertex -35.5893 41.1788 2.5125
      vertex -33.2414 38.7184 2.67382
      vertex -33.1852 38.7746 2.5125
    endloop
  endfacet
  facet normal 0.634192 0.634192 0.442268
    outer loop
      vertex -33.2414 38.7184 2.67382
      vertex -35.5893 41.1788 2.5125
      vertex -35.6456 41.1226 2.67382
    endloop
  endfacet
  facet normal -0.634302 -0.634302 0.441951
    outer loop
      vertex -27.5413 36.4989 2.5125
      vertex -25.0809 34.1509 2.67382
      vertex -27.4851 36.5551 2.67382
    endloop
  endfacet
  facet normal -0.634205 -0.634179 0.442268
    outer loop
      vertex -25.0809 34.1509 2.67382
      vertex -27.5413 36.4989 2.5125
      vertex -25.1372 34.0947 2.5125
    endloop
  endfacet
  facet normal -0.634192 -0.634192 0.442268
    outer loop
      vertex -33.9053 42.8628 2.5125
      vertex -31.4449 40.5149 2.67382
      vertex -33.8491 42.9191 2.67382
    endloop
  endfacet
  facet normal -0.634289 -0.634316 0.441951
    outer loop
      vertex -31.4449 40.5149 2.67382
      vertex -33.9053 42.8628 2.5125
      vertex -31.5011 40.4587 2.5125
    endloop
  endfacet
  facet normal -0.227191 -0.2272 0.946976
    outer loop
      vertex -28.0113 36.0289 1.92968
      vertex -25.7276 33.5043 1.87186
      vertex -25.6071 33.6248 1.92968
    endloop
  endfacet
  facet normal -0.22737 -0.22736 0.946895
    outer loop
      vertex -25.7276 33.5043 1.87186
      vertex -28.0113 36.0289 1.92968
      vertex -28.1317 35.9085 1.87186
    endloop
  endfacet
  facet normal -0.22737 -0.22736 0.946895
    outer loop
      vertex -34.3752 42.3929 1.92968
      vertex -32.0915 39.8683 1.87186
      vertex -31.9711 39.9887 1.92968
    endloop
  endfacet
  facet normal -0.227191 -0.2272 0.946976
    outer loop
      vertex -32.0915 39.8683 1.87186
      vertex -34.3752 42.3929 1.92968
      vertex -34.4957 42.2724 1.87186
    endloop
  endfacet
  facet normal -1 0 0
    outer loop
      vertex 33.5 14.3623 0.0816442
      vertex 33.5 20.4 7.62939e-07
      vertex 33.5 14.4495 7.62939e-07
    endloop
  endfacet
  facet normal -1 0 0
    outer loop
      vertex 33.5 13.9156 0.500001
      vertex 33.5 20.4 7.62939e-07
      vertex 33.5 14.3623 0.0816442
    endloop
  endfacet
  facet normal -1 0 0
    outer loop
      vertex 33.5 20.4 7.62939e-07
      vertex 33.5 13.9156 0.500001
      vertex 33.5 20.4 13.8
    endloop
  endfacet
  facet normal -1 -0 0
    outer loop
      vertex 33.5 20.4 13.8
      vertex 33.5 14.3623 13.7184
      vertex 33.5 14.4495 13.8
    endloop
  endfacet
  facet normal -1 0 0
    outer loop
      vertex 33.5 13.9156 13.3
      vertex 33.5 20.4 13.8
      vertex 33.5 13.9156 0.500001
    endloop
  endfacet
  facet normal -1 0 0
    outer loop
      vertex 33.5 20.4 13.8
      vertex 33.5 13.9156 13.3
      vertex 33.5 14.3623 13.7184
    endloop
  endfacet
  facet normal 1 0 0
    outer loop
      vertex 22.5 14.3623 13.7184
      vertex 22.5 20.4 13.8
      vertex 22.5 14.4495 13.8
    endloop
  endfacet
  facet normal 1 0 0
    outer loop
      vertex 22.5 13.9156 13.3
      vertex 22.5 20.4 13.8
      vertex 22.5 14.3623 13.7184
    endloop
  endfacet
  facet normal 1 0 0
    outer loop
      vertex 22.5 20.4 13.8
      vertex 22.5 13.9156 13.3
      vertex 22.5 20.4 7.62939e-07
    endloop
  endfacet
  facet normal 1 0 0
    outer loop
      vertex 22.5 20.4 7.62939e-07
      vertex 22.5 14.3623 0.0816442
      vertex 22.5 14.4495 7.62939e-07
    endloop
  endfacet
  facet normal 1 -0 0
    outer loop
      vertex 22.5 13.9156 0.500001
      vertex 22.5 20.4 7.62939e-07
      vertex 22.5 13.9156 13.3
    endloop
  endfacet
  facet normal 1 0 0
    outer loop
      vertex 22.5 20.4 7.62939e-07
      vertex 22.5 13.9156 0.500001
      vertex 22.5 14.3623 0.0816442
    endloop
  endfacet
  facet normal 0 -1 0
    outer loop
      vertex 22.5 20.4 13.8
      vertex 25.7 20.4 12.6
      vertex 33.5 20.4 13.8
    endloop
  endfacet
  facet normal 0 -1 0
    outer loop
      vertex 22.5 20.4 13.8
      vertex 25.7 20.4 10.4
      vertex 25.7 20.4 12.6
    endloop
  endfacet
  facet normal 0 -1 -0
    outer loop
      vertex 25.7 20.4 10.4
      vertex 22.5 20.4 7.62939e-07
      vertex 28 20.4 8.1
    endloop
  endfacet
  facet normal 0 -1 0
    outer loop
      vertex 22.5 20.4 7.62939e-07
      vertex 25.7 20.4 10.4
      vertex 22.5 20.4 13.8
    endloop
  endfacet
  facet normal 0 -1 0
    outer loop
      vertex 30.3 20.4 12.6
      vertex 33.5 20.4 13.8
      vertex 25.7 20.4 12.6
    endloop
  endfacet
  facet normal 0 -1 0
    outer loop
      vertex 30.3 20.4 10.4
      vertex 33.5 20.4 13.8
      vertex 30.3 20.4 12.6
    endloop
  endfacet
  facet normal 0 -1 0
    outer loop
      vertex 33.5 20.4 7.62939e-07
      vertex 28 20.4 8.1
      vertex 22.5 20.4 7.62939e-07
    endloop
  endfacet
  facet normal 0 -1 0
    outer loop
      vertex 28 20.4 8.1
      vertex 33.5 20.4 7.62939e-07
      vertex 30.3 20.4 10.4
    endloop
  endfacet
  facet normal 0 -1 0
    outer loop
      vertex 30.3 20.4 10.4
      vertex 33.5 20.4 7.62939e-07
      vertex 33.5 20.4 13.8
    endloop
  endfacet
  facet normal -1 0 0
    outer loop
      vertex 33.5 39.6 7.62939e-07
      vertex 33.5 46.0844 0.500001
      vertex 33.5 45.6377 0.0816442
    endloop
  endfacet
  facet normal -1 -0 0
    outer loop
      vertex 33.5 46.0844 0.500001
      vertex 33.5 39.6 7.62939e-07
      vertex 33.5 46.0844 13.3
    endloop
  endfacet
  facet normal -1 0 0
    outer loop
      vertex 33.5 39.6 7.62939e-07
      vertex 33.5 45.6377 0.0816442
      vertex 33.5 45.5505 7.62939e-07
    endloop
  endfacet
  facet normal -1 0 0
    outer loop
      vertex 33.5 39.6 13.8
      vertex 33.5 46.0844 13.3
      vertex 33.5 39.6 7.62939e-07
    endloop
  endfacet
  facet normal -1 0 0
    outer loop
      vertex 33.5 46.0844 13.3
      vertex 33.5 39.6 13.8
      vertex 33.5 45.6377 13.7184
    endloop
  endfacet
  facet normal -1 0 0
    outer loop
      vertex 33.5 45.6377 13.7184
      vertex 33.5 39.6 13.8
      vertex 33.5 45.5505 13.8
    endloop
  endfacet
  facet normal 1 0 0
    outer loop
      vertex 22.5 39.6 13.8
      vertex 22.5 46.0844 13.3
      vertex 22.5 45.6377 13.7184
    endloop
  endfacet
  facet normal 1 0 0
    outer loop
      vertex 22.5 46.0844 13.3
      vertex 22.5 39.6 13.8
      vertex 22.5 46.0844 0.500001
    endloop
  endfacet
  facet normal 1 -0 0
    outer loop
      vertex 22.5 39.6 13.8
      vertex 22.5 45.6377 13.7184
      vertex 22.5 45.5505 13.8
    endloop
  endfacet
  facet normal 1 0 0
    outer loop
      vertex 22.5 39.6 7.62939e-07
      vertex 22.5 46.0844 0.500001
      vertex 22.5 39.6 13.8
    endloop
  endfacet
  facet normal 1 0 0
    outer loop
      vertex 22.5 46.0844 0.500001
      vertex 22.5 39.6 7.62939e-07
      vertex 22.5 45.6377 0.0816442
    endloop
  endfacet
  facet normal 1 0 0
    outer loop
      vertex 22.5 45.6377 0.0816442
      vertex 22.5 39.6 7.62939e-07
      vertex 22.5 45.5505 7.62939e-07
    endloop
  endfacet
  facet normal 0 1 0
    outer loop
      vertex 33.5 39.6 13.8
      vertex 30.3 39.6 12.6
      vertex 22.5 39.6 13.8
    endloop
  endfacet
  facet normal 0 1 0
    outer loop
      vertex 33.5 39.6 13.8
      vertex 30.3 39.6 10.4
      vertex 30.3 39.6 12.6
    endloop
  endfacet
  facet normal 0 1 0
    outer loop
      vertex 30.3 39.6 10.4
      vertex 33.5 39.6 7.62939e-07
      vertex 28 39.6 8.1
    endloop
  endfacet
  facet normal 0 1 -0
    outer loop
      vertex 33.5 39.6 7.62939e-07
      vertex 30.3 39.6 10.4
      vertex 33.5 39.6 13.8
    endloop
  endfacet
  facet normal 0 1 -0
    outer loop
      vertex 25.7 39.6 12.6
      vertex 22.5 39.6 13.8
      vertex 30.3 39.6 12.6
    endloop
  endfacet
  facet normal 0 1 -0
    outer loop
      vertex 25.7 39.6 10.4
      vertex 22.5 39.6 13.8
      vertex 25.7 39.6 12.6
    endloop
  endfacet
  facet normal 0 1 0
    outer loop
      vertex 22.5 39.6 7.62939e-07
      vertex 28 39.6 8.1
      vertex 33.5 39.6 7.62939e-07
    endloop
  endfacet
  facet normal 0 1 0
    outer loop
      vertex 28 39.6 8.1
      vertex 22.5 39.6 7.62939e-07
      vertex 25.7 39.6 10.4
    endloop
  endfacet
  facet normal 0 1 0
    outer loop
      vertex 25.7 39.6 10.4
      vertex 22.5 39.6 7.62939e-07
      vertex 22.5 39.6 13.8
    endloop
  endfacet
  facet normal -1 0 0
    outer loop
      vertex 43 36.6 1.6
      vertex 43 33 9.6
      vertex 43 36.6 11.4
    endloop
  endfacet
  facet normal -1 0 0
    outer loop
      vertex 43 36.6 1.6
      vertex 43 27 9.6
      vertex 43 33 9.6
    endloop
  endfacet
  facet normal -1 0 0
    outer loop
      vertex 43 23.4 1.6
      vertex 43 27 9.6
      vertex 43 36.6 1.6
    endloop
  endfacet
  facet normal -1 0 0
    outer loop
      vertex 43 23.4 11.4
      vertex 43 27 9.6
      vertex 43 23.4 1.6
    endloop
  endfacet
  facet normal -1 0 0
    outer loop
      vertex 43 27 9.6
      vertex 43 23.4 11.4
      vertex 43 27 11.4
    endloop
  endfacet
  facet normal -1 -0 0
    outer loop
      vertex 43 36.6 11.4
      vertex 43 33 9.6
      vertex 43 33 11.4
    endloop
  endfacet
  facet normal -0 0 1
    outer loop
      vertex 33.9 32.8 1.6
      vertex 35.65 27.2 1.6
      vertex 35.65 32.8 1.6
    endloop
  endfacet
  facet normal 0 0 1
    outer loop
      vertex 35.65 27.2 1.6
      vertex 33.9 32.8 1.6
      vertex 33.9 27.2 1.6
    endloop
  endfacet
  facet normal 0 0 1
    outer loop
      vertex 35.65 32.8 1.6
      vertex 43 36.6 1.6
      vertex 35.65 36 1.6
    endloop
  endfacet
  facet normal -0 0 1
    outer loop
      vertex 33.89 36.6 1.6
      vertex 35.65 36 1.6
      vertex 43 36.6 1.6
    endloop
  endfacet
  facet normal 0 0 1
    outer loop
      vertex 33.89 36.6 1.6
      vertex 33.9 32.8 1.6
      vertex 33.9 36 1.6
    endloop
  endfacet
  facet normal 0 0 1
    outer loop
      vertex 33.9 32.8 1.6
      vertex 33.89 36.6 1.6
      vertex 33.9 27.2 1.6
    endloop
  endfacet
  facet normal 0 0 1
    outer loop
      vertex 33.89 23.4 1.6
      vertex 33.9 27.2 1.6
      vertex 33.89 36.6 1.6
    endloop
  endfacet
  facet normal 0 0 1
    outer loop
      vertex 35.65 36 1.6
      vertex 33.89 36.6 1.6
      vertex 33.9 36 1.6
    endloop
  endfacet
  facet normal 0 0 1
    outer loop
      vertex 43 36.6 1.6
      vertex 35.65 32.8 1.6
      vertex 43 23.4 1.6
    endloop
  endfacet
  facet normal -0 0 1
    outer loop
      vertex 35.65 27.2 1.6
      vertex 43 23.4 1.6
      vertex 35.65 32.8 1.6
    endloop
  endfacet
  facet normal -0 0 1
    outer loop
      vertex 35.65 24 1.6
      vertex 43 23.4 1.6
      vertex 35.65 27.2 1.6
    endloop
  endfacet
  facet normal 0 0 1
    outer loop
      vertex 33.89 23.4 1.6
      vertex 35.65 24 1.6
      vertex 33.9 24 1.6
    endloop
  endfacet
  facet normal 0 0 1
    outer loop
      vertex 35.65 24 1.6
      vertex 33.89 23.4 1.6
      vertex 43 23.4 1.6
    endloop
  endfacet
  facet normal 0 0 1
    outer loop
      vertex 33.9 27.2 1.6
      vertex 33.89 23.4 1.6
      vertex 33.9 24 1.6
    endloop
  endfacet
  facet normal 1 -0 0
    outer loop
      vertex 33.89 23.4 7
      vertex 33.89 36.6 1.6
      vertex 33.89 36.6 7
    endloop
  endfacet
  facet normal 1 0 0
    outer loop
      vertex 33.89 36.6 1.6
      vertex 33.89 23.4 7
      vertex 33.89 23.4 1.6
    endloop
  endfacet
  facet normal 0 1 -0
    outer loop
      vertex 43 23.4 1.6
      vertex 42.99 23.4 11.4
      vertex 43 23.4 11.4
    endloop
  endfacet
  facet normal 0 1 0
    outer loop
      vertex 42.99 23.4 11.4
      vertex 33.89 23.4 7
      vertex 13.01 23.4 11.4
    endloop
  endfacet
  facet normal 0 1 -0
    outer loop
      vertex 22.11 23.4 7
      vertex 13.01 23.4 11.4
      vertex 33.89 23.4 7
    endloop
  endfacet
  facet normal 0 1 0
    outer loop
      vertex 42.99 23.4 11.4
      vertex 43 23.4 1.6
      vertex 33.89 23.4 7
    endloop
  endfacet
  facet normal 0 1 0
    outer loop
      vertex 33.89 23.4 7
      vertex 43 23.4 1.6
      vertex 33.89 23.4 1.6
    endloop
  endfacet
  facet normal 0 1 -0
    outer loop
      vertex 42.99 23.4 11.4
      vertex 13.01 23.4 13.8
      vertex 42.99 23.4 13.8
    endloop
  endfacet
  facet normal 0 1 0
    outer loop
      vertex 13.01 23.4 13.8
      vertex 42.99 23.4 11.4
      vertex 13.01 23.4 11.4
    endloop
  endfacet
  facet normal 0 1 0
    outer loop
      vertex 13 23.4 1.6
      vertex 13.01 23.4 11.4
      vertex 22.11 23.4 7
    endloop
  endfacet
  facet normal 0 1 0
    outer loop
      vertex 13 23.4 1.6
      vertex 22.11 23.4 7
      vertex 22.11 23.4 1.6
    endloop
  endfacet
  facet normal 0 1 0
    outer loop
      vertex 13.01 23.4 11.4
      vertex 13 23.4 1.6
      vertex 13 23.4 11.4
    endloop
  endfacet
  facet normal 0 -1 0
    outer loop
      vertex 13 36.6 1.6
      vertex 13.01 36.6 11.4
      vertex 13 36.6 11.4
    endloop
  endfacet
  facet normal 0 -1 0
    outer loop
      vertex 13.01 36.6 11.4
      vertex 22.11 36.6 7
      vertex 42.99 36.6 11.4
    endloop
  endfacet
  facet normal 0 -1 0
    outer loop
      vertex 33.89 36.6 7
      vertex 42.99 36.6 11.4
      vertex 22.11 36.6 7
    endloop
  endfacet
  facet normal 0 -1 -0
    outer loop
      vertex 13.01 36.6 11.4
      vertex 13 36.6 1.6
      vertex 22.11 36.6 7
    endloop
  endfacet
  facet normal 0 -1 -0
    outer loop
      vertex 22.11 36.6 7
      vertex 13 36.6 1.6
      vertex 22.11 36.6 1.6
    endloop
  endfacet
  facet normal 0 -1 0
    outer loop
      vertex 13.01 36.6 11.4
      vertex 42.99 36.6 13.8
      vertex 13.01 36.6 13.8
    endloop
  endfacet
  facet normal 0 -1 -0
    outer loop
      vertex 42.99 36.6 13.8
      vertex 13.01 36.6 11.4
      vertex 42.99 36.6 11.4
    endloop
  endfacet
  facet normal 0 -1 0
    outer loop
      vertex 43 36.6 1.6
      vertex 42.99 36.6 11.4
      vertex 33.89 36.6 7
    endloop
  endfacet
  facet normal 0 -1 0
    outer loop
      vertex 43 36.6 1.6
      vertex 33.89 36.6 7
      vertex 33.89 36.6 1.6
    endloop
  endfacet
  facet normal 0 -1 0
    outer loop
      vertex 42.99 36.6 11.4
      vertex 43 36.6 1.6
      vertex 43 36.6 11.4
    endloop
  endfacet
  facet normal 0 0 1
    outer loop
      vertex 43 33 9.6
      vertex 45 30 9.6
      vertex 44.9636 31.1119 9.6
    endloop
  endfacet
  facet normal 0 0 1
    outer loop
      vertex 43 33 9.6
      vertex 44.9636 31.1119 9.6
      vertex 44.8546 32.2189 9.6
    endloop
  endfacet
  facet normal 0 0 1
    outer loop
      vertex 43 27 9.6
      vertex 45 30 9.6
      vertex 43 33 9.6
    endloop
  endfacet
  facet normal -0 0 1
    outer loop
      vertex 43 33 9.6
      vertex 44.8546 32.2189 9.6
      vertex 44.7256 33 9.6
    endloop
  endfacet
  facet normal 0 0 1
    outer loop
      vertex 45 30 9.6
      vertex 43 27 9.6
      vertex 44.9636 28.8881 9.6
    endloop
  endfacet
  facet normal 0 0 1
    outer loop
      vertex 44.9636 28.8881 9.6
      vertex 43 27 9.6
      vertex 44.8546 27.7811 9.6
    endloop
  endfacet
  facet normal 0 0 1
    outer loop
      vertex 44.8546 27.7811 9.6
      vertex 43 27 9.6
      vertex 44.7256 27 9.6
    endloop
  endfacet
  facet normal 0 1 -0
    outer loop
      vertex 44.7256 27 9.6
      vertex 43 27 11.4
      vertex 44.7256 27 11.4
    endloop
  endfacet
  facet normal 0 1 0
    outer loop
      vertex 43 27 11.4
      vertex 44.7256 27 9.6
      vertex 43 27 9.6
    endloop
  endfacet
  facet normal 0 -1 0
    outer loop
      vertex 43 33 9.6
      vertex 44.7256 33 11.4
      vertex 43 33 11.4
    endloop
  endfacet
  facet normal 0 -1 -0
    outer loop
      vertex 44.7256 33 11.4
      vertex 43 33 9.6
      vertex 44.7256 33 9.6
    endloop
  endfacet
  facet normal -0 0 1
    outer loop
      vertex 43 27 11.4
      vertex 44.6733 26.6835 11.4
      vertex 44.7256 27 11.4
    endloop
  endfacet
  facet normal 0 0 1
    outer loop
      vertex 44.6733 26.6835 11.4
      vertex 43 27 11.4
      vertex 44.4207 25.6001 11.4
    endloop
  endfacet
  facet normal 0 0 1
    outer loop
      vertex 44.4207 25.6001 11.4
      vertex 43 27 11.4
      vertex 44.0978 24.5355 11.4
    endloop
  endfacet
  facet normal 0 0 1
    outer loop
      vertex 43 23.4 11.4
      vertex 44.0978 24.5355 11.4
      vertex 43 27 11.4
    endloop
  endfacet
  facet normal 0 0 1
    outer loop
      vertex 43.706 23.4944 11.4
      vertex 43 23.4 11.4
      vertex 43.2468 22.4811 11.4
    endloop
  endfacet
  facet normal 0 0 1
    outer loop
      vertex 44.0978 24.5355 11.4
      vertex 43 23.4 11.4
      vertex 43.706 23.4944 11.4
    endloop
  endfacet
  facet normal -0 0 1
    outer loop
      vertex 42.99 23.4 11.4
      vertex 43.2468 22.4811 11.4
      vertex 43 23.4 11.4
    endloop
  endfacet
  facet normal 0 0 1
    outer loop
      vertex 43.2468 22.4811 11.4
      vertex 42.99 23.4 11.4
      vertex 42.99 22.4 11.4
    endloop
  endfacet
  facet normal 0 0 1
    outer loop
      vertex 43.2468 22.4811 11.4
      vertex 42.99 22.4 11.4
      vertex 43.2035 22.4 11.4
    endloop
  endfacet
  facet normal 0 0 1
    outer loop
      vertex 42.99 36.6 11.4
      vertex 43.2468 37.5189 11.4
      vertex 42.99 37.6 11.4
    endloop
  endfacet
  facet normal 0 0 1
    outer loop
      vertex 43.2468 37.5189 11.4
      vertex 42.99 36.6 11.4
      vertex 43 36.6 11.4
    endloop
  endfacet
  facet normal 0 0 1
    outer loop
      vertex 43 33 11.4
      vertex 44.6733 33.3165 11.4
      vertex 44.4207 34.3999 11.4
    endloop
  endfacet
  facet normal 0 0 1
    outer loop
      vertex 43 33 11.4
      vertex 44.4207 34.3999 11.4
      vertex 44.0978 35.4645 11.4
    endloop
  endfacet
  facet normal 0 0 1
    outer loop
      vertex 43 36.6 11.4
      vertex 44.0978 35.4645 11.4
      vertex 43.706 36.5056 11.4
    endloop
  endfacet
  facet normal -0 0 1
    outer loop
      vertex 43 36.6 11.4
      vertex 43.706 36.5056 11.4
      vertex 43.2468 37.5189 11.4
    endloop
  endfacet
  facet normal -0 0 1
    outer loop
      vertex 42.99 37.6 11.4
      vertex 43.2468 37.5189 11.4
      vertex 43.2035 37.6 11.4
    endloop
  endfacet
  facet normal 0 0 1
    outer loop
      vertex 44.0978 35.4645 11.4
      vertex 43 36.6 11.4
      vertex 43 33 11.4
    endloop
  endfacet
  facet normal 0 0 1
    outer loop
      vertex 44.6733 33.3165 11.4
      vertex 43 33 11.4
      vertex 44.7256 33 11.4
    endloop
  endfacet
  facet normal 1 0 0
    outer loop
      vertex 42.99 22.8695 13.6944
      vertex 42.99 23.4 13.8
      vertex 42.99 23.1251 13.8
    endloop
  endfacet
  facet normal 1 0 0
    outer loop
      vertex 42.99 23.4 13.8
      vertex 42.99 22.8695 13.6944
      vertex 42.99 23.4 11.4
    endloop
  endfacet
  facet normal 1 -0 0
    outer loop
      vertex 42.99 22.6077 13.5864
      vertex 42.99 23.4 11.4
      vertex 42.99 22.8695 13.6944
    endloop
  endfacet
  facet normal 1 -0 0
    outer loop
      vertex 42.99 22.4 13.4884
      vertex 42.99 23.4 11.4
      vertex 42.99 22.6077 13.5864
    endloop
  endfacet
  facet normal 1 0 0
    outer loop
      vertex 42.99 23.4 11.4
      vertex 42.99 22.4 13.4884
      vertex 42.99 22.4 11.4
    endloop
  endfacet
  facet normal 1 0 0
    outer loop
      vertex 42.99 36.6 11.4
      vertex 42.99 37.6 13.4884
      vertex 42.99 37.3923 13.5864
    endloop
  endfacet
  facet normal 1 0 0
    outer loop
      vertex 42.99 36.6 11.4
      vertex 42.99 37.3923 13.5864
      vertex 42.99 37.1305 13.6944
    endloop
  endfacet
  facet normal 1 -0 0
    outer loop
      vertex 42.99 36.6 13.8
      vertex 42.99 37.1305 13.6944
      vertex 42.99 36.8749 13.8
    endloop
  endfacet
  facet normal 1 0 0
    outer loop
      vertex 42.99 37.1305 13.6944
      vertex 42.99 36.6 13.8
      vertex 42.99 36.6 11.4
    endloop
  endfacet
  facet normal 1 0 0
    outer loop
      vertex 42.99 37.6 13.4884
      vertex 42.99 36.6 11.4
      vertex 42.99 37.6 11.4
    endloop
  endfacet
  facet normal 0 1 0
    outer loop
      vertex 42.99 22.4 11.4
      vertex 43.2035 22.4 13.3
      vertex 43.2035 22.4 11.4
    endloop
  endfacet
  facet normal 0 1 0
    outer loop
      vertex 43.2035 22.4 13.3
      vertex 42.99 22.4 11.4
      vertex 42.99 22.4 13.4884
    endloop
  endfacet
  facet normal 0 -1 0
    outer loop
      vertex 42.99 37.6 11.4
      vertex 43.2035 37.6 13.3
      vertex 42.99 37.6 13.4884
    endloop
  endfacet
  facet normal 0 -1 -0
    outer loop
      vertex 43.2035 37.6 13.3
      vertex 42.99 37.6 11.4
      vertex 43.2035 37.6 11.4
    endloop
  endfacet
  facet normal 1 0 0
    outer loop
      vertex 13 27 11.4
      vertex 13 23.4 11.4
      vertex 13 27 9.6
    endloop
  endfacet
  facet normal 1 0 0
    outer loop
      vertex 13 33 9.6
      vertex 13 36.6 11.4
      vertex 13 33 11.4
    endloop
  endfacet
  facet normal 1 0 0
    outer loop
      vertex 13 36.6 11.4
      vertex 13 33 9.6
      vertex 13 36.6 1.6
    endloop
  endfacet
  facet normal 1 -0 0
    outer loop
      vertex 13 27 9.6
      vertex 13 36.6 1.6
      vertex 13 33 9.6
    endloop
  endfacet
  facet normal 1 0 0
    outer loop
      vertex 13 23.4 1.6
      vertex 13 27 9.6
      vertex 13 23.4 11.4
    endloop
  endfacet
  facet normal 1 0 0
    outer loop
      vertex 13 27 9.6
      vertex 13 23.4 1.6
      vertex 13 36.6 1.6
    endloop
  endfacet
  facet normal -0 0 1
    outer loop
      vertex 13 36.6 1.6
      vertex 22.11 23.4 1.6
      vertex 22.11 36.6 1.6
    endloop
  endfacet
  facet normal 0 0 1
    outer loop
      vertex 22.11 23.4 1.6
      vertex 13 36.6 1.6
      vertex 13 23.4 1.6
    endloop
  endfacet
  facet normal -1 0 0
    outer loop
      vertex 22.11 23.4 1.6
      vertex 22.11 36.6 7
      vertex 22.11 36.6 1.6
    endloop
  endfacet
  facet normal -1 -0 0
    outer loop
      vertex 22.11 36.6 7
      vertex 22.11 23.4 1.6
      vertex 22.11 23.4 7
    endloop
  endfacet
  facet normal 0 0 1
    outer loop
      vertex 11.1454 32.2189 9.6
      vertex 13 33 9.6
      vertex 11.2744 33 9.6
    endloop
  endfacet
  facet normal 0 0 1
    outer loop
      vertex 11.0364 31.1119 9.6
      vertex 13 33 9.6
      vertex 11.1454 32.2189 9.6
    endloop
  endfacet
  facet normal 0 0 1
    outer loop
      vertex 11 30 9.6
      vertex 13 33 9.6
      vertex 11.0364 31.1119 9.6
    endloop
  endfacet
  facet normal 0 0 1
    outer loop
      vertex 13 27 9.6
      vertex 11.1454 27.7811 9.6
      vertex 11.2744 27 9.6
    endloop
  endfacet
  facet normal 0 0 1
    outer loop
      vertex 13 33 9.6
      vertex 11 30 9.6
      vertex 13 27 9.6
    endloop
  endfacet
  facet normal 0 0 1
    outer loop
      vertex 13 27 9.6
      vertex 11.0364 28.8881 9.6
      vertex 11.1454 27.7811 9.6
    endloop
  endfacet
  facet normal 0 0 1
    outer loop
      vertex 13 27 9.6
      vertex 11 30 9.6
      vertex 11.0364 28.8881 9.6
    endloop
  endfacet
  facet normal 0 1 -0
    outer loop
      vertex 13 27 9.6
      vertex 11.2744 27 11.4
      vertex 13 27 11.4
    endloop
  endfacet
  facet normal 0 1 0
    outer loop
      vertex 11.2744 27 11.4
      vertex 13 27 9.6
      vertex 11.2744 27 9.6
    endloop
  endfacet
  facet normal 0 -1 0
    outer loop
      vertex 11.2744 33 9.6
      vertex 13 33 11.4
      vertex 11.2744 33 11.4
    endloop
  endfacet
  facet normal 0 -1 -0
    outer loop
      vertex 13 33 11.4
      vertex 11.2744 33 9.6
      vertex 13 33 9.6
    endloop
  endfacet
  facet normal -0 0 1
    outer loop
      vertex 11.9022 24.5355 11.4
      vertex 13 23.4 11.4
      vertex 13 27 11.4
    endloop
  endfacet
  facet normal 0 0 1
    outer loop
      vertex 13 23.4 11.4
      vertex 12.7532 22.4811 11.4
      vertex 12.7965 22.4 11.4
    endloop
  endfacet
  facet normal 0 0 1
    outer loop
      vertex 13 23.4 11.4
      vertex 12.294 23.4944 11.4
      vertex 12.7532 22.4811 11.4
    endloop
  endfacet
  facet normal 0 0 1
    outer loop
      vertex 13 23.4 11.4
      vertex 11.9022 24.5355 11.4
      vertex 12.294 23.4944 11.4
    endloop
  endfacet
  facet normal 0 0 1
    outer loop
      vertex 13 27 11.4
      vertex 11.5793 25.6001 11.4
      vertex 11.9022 24.5355 11.4
    endloop
  endfacet
  facet normal 0 0 1
    outer loop
      vertex 13 27 11.4
      vertex 11.3267 26.6835 11.4
      vertex 11.5793 25.6001 11.4
    endloop
  endfacet
  facet normal 0 -0 1
    outer loop
      vertex 11.3267 26.6835 11.4
      vertex 13 27 11.4
      vertex 11.2744 27 11.4
    endloop
  endfacet
  facet normal -0 0 1
    outer loop
      vertex 13 23.4 11.4
      vertex 13.01 22.4 11.4
      vertex 13.01 23.4 11.4
    endloop
  endfacet
  facet normal 0 0 1
    outer loop
      vertex 13.01 22.4 11.4
      vertex 13 23.4 11.4
      vertex 12.7965 22.4 11.4
    endloop
  endfacet
  facet normal -0 0 1
    outer loop
      vertex 12.7532 37.5189 11.4
      vertex 13.01 36.6 11.4
      vertex 13.01 37.6 11.4
    endloop
  endfacet
  facet normal 0 0 1
    outer loop
      vertex 12.7532 37.5189 11.4
      vertex 13.01 37.6 11.4
      vertex 12.7965 37.6 11.4
    endloop
  endfacet
  facet normal 0 0 1
    outer loop
      vertex 13.01 36.6 11.4
      vertex 12.7532 37.5189 11.4
      vertex 13 36.6 11.4
    endloop
  endfacet
  facet normal 0 0 1
    outer loop
      vertex 12.294 36.5056 11.4
      vertex 13 36.6 11.4
      vertex 12.7532 37.5189 11.4
    endloop
  endfacet
  facet normal 0 0 1
    outer loop
      vertex 11.9022 35.4645 11.4
      vertex 13 36.6 11.4
      vertex 12.294 36.5056 11.4
    endloop
  endfacet
  facet normal 0 0 1
    outer loop
      vertex 13 36.6 11.4
      vertex 11.9022 35.4645 11.4
      vertex 13 33 11.4
    endloop
  endfacet
  facet normal -0 0 1
    outer loop
      vertex 11.5793 34.3999 11.4
      vertex 13 33 11.4
      vertex 11.9022 35.4645 11.4
    endloop
  endfacet
  facet normal -0 0 1
    outer loop
      vertex 11.3267 33.3165 11.4
      vertex 13 33 11.4
      vertex 11.5793 34.3999 11.4
    endloop
  endfacet
  facet normal 0 0 1
    outer loop
      vertex 13 33 11.4
      vertex 11.3267 33.3165 11.4
      vertex 11.2744 33 11.4
    endloop
  endfacet
  facet normal -1 0 0
    outer loop
      vertex 13.01 22.8695 13.6944
      vertex 13.01 23.4 13.8
      vertex 13.01 23.4 11.4
    endloop
  endfacet
  facet normal -1 -0 0
    outer loop
      vertex 13.01 23.4 13.8
      vertex 13.01 22.8695 13.6944
      vertex 13.01 23.1251 13.8
    endloop
  endfacet
  facet normal -1 0 0
    outer loop
      vertex 13.01 23.4 11.4
      vertex 13.01 22.6077 13.5864
      vertex 13.01 22.8695 13.6944
    endloop
  endfacet
  facet normal -1 0 0
    outer loop
      vertex 13.01 22.4 13.4884
      vertex 13.01 23.4 11.4
      vertex 13.01 22.4 11.4
    endloop
  endfacet
  facet normal -1 0 0
    outer loop
      vertex 13.01 23.4 11.4
      vertex 13.01 22.4 13.4884
      vertex 13.01 22.6077 13.5864
    endloop
  endfacet
  facet normal -1 0 0
    outer loop
      vertex 13.01 36.6 11.4
      vertex 13.01 37.6 13.4884
      vertex 13.01 37.6 11.4
    endloop
  endfacet
  facet normal -1 -0 0
    outer loop
      vertex 13.01 37.6 13.4884
      vertex 13.01 36.6 11.4
      vertex 13.01 37.3923 13.5864
    endloop
  endfacet
  facet normal -1 -0 0
    outer loop
      vertex 13.01 37.3923 13.5864
      vertex 13.01 36.6 11.4
      vertex 13.01 37.1305 13.6944
    endloop
  endfacet
  facet normal -1 0 0
    outer loop
      vertex 13.01 36.6 13.8
      vertex 13.01 37.1305 13.6944
      vertex 13.01 36.6 11.4
    endloop
  endfacet
  facet normal -1 0 0
    outer loop
      vertex 13.01 37.1305 13.6944
      vertex 13.01 36.6 13.8
      vertex 13.01 36.8749 13.8
    endloop
  endfacet
  facet normal 0 1 -0
    outer loop
      vertex 13.01 22.4 11.4
      vertex 12.7965 22.4 13.3
      vertex 13.01 22.4 13.4884
    endloop
  endfacet
  facet normal 0 1 0
    outer loop
      vertex 12.7965 22.4 13.3
      vertex 13.01 22.4 11.4
      vertex 12.7965 22.4 11.4
    endloop
  endfacet
  facet normal 0 -1 0
    outer loop
      vertex 13.01 37.6 11.4
      vertex 12.7965 37.6 13.3
      vertex 12.7965 37.6 11.4
    endloop
  endfacet
  facet normal 0 -1 0
    outer loop
      vertex 12.7965 37.6 13.3
      vertex 13.01 37.6 11.4
      vertex 13.01 37.6 13.4884
    endloop
  endfacet
  facet normal -0.698347 0 -0.71576
    outer loop
      vertex 31.3 25.0902 0.770489
      vertex 32.0897 36.0847 7.62939e-07
      vertex 32.0897 23.9153 7.62939e-07
    endloop
  endfacet
  facet normal -0.698347 0 -0.71576
    outer loop
      vertex 32.0897 36.0847 7.62939e-07
      vertex 31.3 25.0902 0.770489
      vertex 31.3 34.9098 0.770489
    endloop
  endfacet
  facet normal -2.72734e-05 -0.548401 -0.836216
    outer loop
      vertex 24.7 34.9098 0.770489
      vertex 23.9103 36.0847 7.62939e-07
      vertex 24.7 35.3 0.514591
    endloop
  endfacet
  facet normal 2.72734e-05 -0.548401 -0.836216
    outer loop
      vertex 31.3 35.3 0.514591
      vertex 32.0897 36.0847 7.62939e-07
      vertex 31.3 34.9098 0.770489
    endloop
  endfacet
  facet normal 0 -0.548381 -0.836228
    outer loop
      vertex 24.7 35.3 0.514591
      vertex 32.0897 36.0847 7.62939e-07
      vertex 31.3 35.3 0.514591
    endloop
  endfacet
  facet normal -0 -0.548381 -0.836228
    outer loop
      vertex 32.0897 36.0847 7.62939e-07
      vertex 24.7 35.3 0.514591
      vertex 23.9103 36.0847 7.62939e-07
    endloop
  endfacet
  facet normal 0 0.548381 -0.836228
    outer loop
      vertex 32.0897 23.9153 7.62939e-07
      vertex 24.7 24.7 0.514591
      vertex 31.3 24.7 0.514591
    endloop
  endfacet
  facet normal -2.72734e-05 0.548401 -0.836216
    outer loop
      vertex 24.7 24.7 0.514591
      vertex 23.9103 23.9153 7.62939e-07
      vertex 24.7 25.0902 0.770489
    endloop
  endfacet
  facet normal 0 0.548381 -0.836228
    outer loop
      vertex 23.9103 23.9153 7.62939e-07
      vertex 24.7 24.7 0.514591
      vertex 32.0897 23.9153 7.62939e-07
    endloop
  endfacet
  facet normal 2.72734e-05 0.548401 -0.836216
    outer loop
      vertex 32.0897 23.9153 7.62939e-07
      vertex 31.3 24.7 0.514591
      vertex 31.3 25.0902 0.770489
    endloop
  endfacet
  facet normal 0.698347 0 -0.71576
    outer loop
      vertex 23.9103 23.9153 7.62939e-07
      vertex 24.7 34.9098 0.770489
      vertex 24.7 25.0902 0.770489
    endloop
  endfacet
  facet normal 0.698347 0 -0.71576
    outer loop
      vertex 24.7 34.9098 0.770489
      vertex 23.9103 23.9153 7.62939e-07
      vertex 23.9103 36.0847 7.62939e-07
    endloop
  endfacet
  facet normal -0.623776 -0.33344 -0.70691
    outer loop
      vertex 13.2776 21.5 0.500001
      vertex 13.2016 22.7022 7.62939e-07
      vertex 13.7106 21.75 7.62939e-07
    endloop
  endfacet
  facet normal -0.697928 -0.115175 -0.706846
    outer loop
      vertex 11.817 26.781 7.62939e-07
      vertex 11.3267 26.6835 0.500001
      vertex 11.6412 27.8463 7.62939e-07
    endloop
  endfacet
  facet normal -0.697795 -0.115261 -0.706963
    outer loop
      vertex 11.3267 26.6835 0.500001
      vertex 11.1454 27.7811 0.500001
      vertex 11.6412 27.8463 7.62939e-07
    endloop
  endfacet
  facet normal 0.600589 -0.373493 -0.706962
    outer loop
      vertex 42.135 20.5553 0.500001
      vertex 41.7192 20.8331 7.62939e-07
      vertex 42.2894 21.75 7.62939e-07
    endloop
  endfacet
  facet normal 0.528034 0.849223 -0
    outer loop
      vertex 37.4447 44.135 0.500001
      vertex 36.5 44.7224 13.3
      vertex 37.4447 44.135 13.3
    endloop
  endfacet
  facet normal 0.528034 0.849223 0
    outer loop
      vertex 36.5 44.7224 13.3
      vertex 37.4447 44.135 0.500001
      vertex 36.5 44.7224 0.500001
    endloop
  endfacet
  facet normal 0.661941 -0.24912 -0.706946
    outer loop
      vertex 43.706 23.4944 0.500001
      vertex 43.244 23.6857 7.62939e-07
      vertex 43.6243 24.6962 7.62939e-07
    endloop
  endfacet
  facet normal 0.812821 0.582513 0
    outer loop
      vertex 42.135 39.4447 13.3
      vertex 41.487 40.3489 0.500001
      vertex 41.487 40.3489 13.3
    endloop
  endfacet
  facet normal 0.812821 0.582513 0
    outer loop
      vertex 41.487 40.3489 0.500001
      vertex 42.135 39.4447 13.3
      vertex 42.135 39.4447 0.500001
    endloop
  endfacet
  facet normal -0.910837 -0.412766 0
    outer loop
      vertex 12.7532 22.4811 0.500001
      vertex 12.294 23.4944 11.4
      vertex 12.294 23.4944 0.500001
    endloop
  endfacet
  facet normal -0.910837 -0.412766 0
    outer loop
      vertex 12.294 23.4944 11.4
      vertex 12.7532 22.4811 0.500001
      vertex 12.7532 22.4811 11.4
    endloop
  endfacet
  facet normal 0.634348 -0.773047 0
    outer loop
      vertex 38.3489 16.513 0.500001
      vertex 39.2089 17.2187 13.3
      vertex 38.3489 16.513 13.3
    endloop
  endfacet
  facet normal 0.634348 -0.773047 0
    outer loop
      vertex 39.2089 17.2187 13.3
      vertex 38.3489 16.513 0.500001
      vertex 39.2089 17.2187 0.500001
    endloop
  endfacet
  facet normal -0.411937 -0.574903 -0.706961
    outer loop
      vertex 18.5553 15.865 0.500001
      vertex 17.9554 16.9097 7.62939e-07
      vertex 18.8331 16.2808 7.62939e-07
    endloop
  endfacet
  facet normal -0.448687 -0.546791 -0.706894
    outer loop
      vertex 17.6511 16.513 0.500001
      vertex 16.7911 17.2187 0.500001
      vertex 17.9554 16.9097 7.62939e-07
    endloop
  endfacet
  facet normal 0.37348 -0.600659 -0.70691
    outer loop
      vertex 36.5 15.2776 0.500001
      vertex 36.25 15.7106 7.62939e-07
      vertex 37.4447 15.865 0.500001
    endloop
  endfacet
  facet normal -0.67689 0.205305 -0.706873
    outer loop
      vertex 12.0622 34.2705 7.62939e-07
      vertex 11.5793 34.3999 0.500001
      vertex 11.9022 35.4645 0.500001
    endloop
  endfacet
  facet normal -0.999465 -0.0327192 0
    outer loop
      vertex 11.0364 28.8881 0.500001
      vertex 11 30 9.6
      vertex 11 30 0.500001
    endloop
  endfacet
  facet normal -0.999465 -0.0327192 0
    outer loop
      vertex 11 30 9.6
      vertex 11.0364 28.8881 0.500001
      vertex 11.0364 28.8881 9.6
    endloop
  endfacet
  facet normal -0.644264 -0.291963 -0.706882
    outer loop
      vertex 12.7532 22.4811 0.500001
      vertex 12.294 23.4944 0.500001
      vertex 13.2016 22.7022 7.62939e-07
    endloop
  endfacet
  facet normal 0.676812 -0.205343 -0.706937
    outer loop
      vertex 44.0978 24.5355 0.500001
      vertex 43.6243 24.6962 7.62939e-07
      vertex 43.9378 25.7295 7.62939e-07
    endloop
  endfacet
  facet normal -0.644231 -0.291885 -0.706944
    outer loop
      vertex 13.2016 22.7022 7.62939e-07
      vertex 12.294 23.4944 0.500001
      vertex 12.756 23.6857 7.62939e-07
    endloop
  endfacet
  facet normal -0.448688 0.546759 -0.706918
    outer loop
      vertex 17.1208 42.4054 7.62939e-07
      vertex 16.7911 42.7813 0.500001
      vertex 17.9554 43.0903 7.62939e-07
    endloop
  endfacet
  facet normal 0.644446 -0.291974 0.706711
    outer loop
      vertex 42.99 23.1251 13.8
      vertex 42.7984 22.7022 13.8
      vertex 42.99 22.8695 13.6944
    endloop
  endfacet
  facet normal 0.676786 0.205355 -0.706958
    outer loop
      vertex 43.9378 34.2705 7.62939e-07
      vertex 43.6243 35.3037 7.62939e-07
      vertex 44.0978 35.4645 0.500001
    endloop
  endfacet
  facet normal -0.623815 -0.33343 -0.70688
    outer loop
      vertex 13.2776 21.5 0.500001
      vertex 12.7532 22.4811 0.500001
      vertex 13.2016 22.7022 7.62939e-07
    endloop
  endfacet
  facet normal 0.849223 0.528034 0
    outer loop
      vertex 42.7224 38.5 13.3
      vertex 42.135 39.4447 0.500001
      vertex 42.135 39.4447 13.3
    endloop
  endfacet
  facet normal 0.849223 0.528034 0
    outer loop
      vertex 42.135 39.4447 0.500001
      vertex 42.7224 38.5 13.3
      vertex 42.7224 38.5 0.500001
    endloop
  endfacet
  facet normal 0.935918 -0.352217 0
    outer loop
      vertex 43.706 23.4944 11.4
      vertex 44.0978 24.5355 0.500001
      vertex 44.0978 24.5355 11.4
    endloop
  endfacet
  facet normal 0.935918 -0.352217 0
    outer loop
      vertex 44.0978 24.5355 0.500001
      vertex 43.706 23.4944 11.4
      vertex 43.706 23.4944 0.500001
    endloop
  endfacet
  facet normal 0.773047 0.634348 0
    outer loop
      vertex 41.487 40.3489 13.3
      vertex 40.7813 41.2089 0.500001
      vertex 40.7813 41.2089 13.3
    endloop
  endfacet
  facet normal 0.773047 0.634348 0
    outer loop
      vertex 40.7813 41.2089 0.500001
      vertex 41.487 40.3489 13.3
      vertex 41.487 40.3489 0.500001
    endloop
  endfacet
  facet normal 0.546759 0.448688 0.706918
    outer loop
      vertex 40.7813 41.2089 13.3
      vertex 40.4054 40.8792 13.8
      vertex 41.0903 40.0446 13.8
    endloop
  endfacet
  facet normal -0.995187 -0.0979904 0
    outer loop
      vertex 11.1454 27.7811 0.500001
      vertex 11.0364 28.8881 9.6
      vertex 11.0364 28.8881 0.500001
    endloop
  endfacet
  facet normal -0.995187 -0.0979904 0
    outer loop
      vertex 11.0364 28.8881 9.6
      vertex 11.1454 27.7811 0.500001
      vertex 11.1454 27.7811 9.6
    endloop
  endfacet
  facet normal 0.812821 -0.582513 0
    outer loop
      vertex 41.487 19.6511 13.3
      vertex 42.135 20.5553 0.500001
      vertex 42.135 20.5553 13.3
    endloop
  endfacet
  facet normal 0.812821 -0.582513 0
    outer loop
      vertex 42.135 20.5553 0.500001
      vertex 41.487 19.6511 13.3
      vertex 41.487 19.6511 0.500001
    endloop
  endfacet
  facet normal -0.644306 0.291647 0.706974
    outer loop
      vertex 13.01 37.3923 13.5864
      vertex 13.01 37.1305 13.6944
      vertex 13.2016 37.2978 13.8
    endloop
  endfacet
  facet normal -0.448687 0.546791 -0.706894
    outer loop
      vertex 17.9554 43.0903 7.62939e-07
      vertex 16.7911 42.7813 0.500001
      vertex 17.6511 43.487 0.500001
    endloop
  endfacet
  facet normal 0.33343 0.623815 0.70688
    outer loop
      vertex 35.5189 45.2468 13.3
      vertex 35.2978 44.7984 13.8
      vertex 36.5 44.7224 13.3
    endloop
  endfacet
  facet normal 0.411937 -0.574903 -0.706961
    outer loop
      vertex 37.4447 15.865 0.500001
      vertex 37.1669 16.2808 7.62939e-07
      vertex 38.0446 16.9097 7.62939e-07
    endloop
  endfacet
  facet normal 0.412766 -0.910837 0
    outer loop
      vertex 34.5056 14.294 0.500001
      vertex 35.5189 14.7532 13.3
      vertex 34.5056 14.294 13.3
    endloop
  endfacet
  facet normal 0.412766 -0.910837 0
    outer loop
      vertex 35.5189 14.7532 13.3
      vertex 34.5056 14.294 0.500001
      vertex 35.5189 14.7532 0.500001
    endloop
  endfacet
  facet normal -0.352184 0.935931 0
    outer loop
      vertex 22.5 46.0844 0.500001
      vertex 21.4944 45.706 13.3
      vertex 22.5 46.0844 13.3
    endloop
  endfacet
  facet normal -0.352184 0.935931 0
    outer loop
      vertex 21.4944 45.706 13.3
      vertex 22.5 46.0844 0.500001
      vertex 21.4944 45.706 0.500001
    endloop
  endfacet
  facet normal 0.98662 0.163034 -0
    outer loop
      vertex 44.7256 33 9.6
      vertex 44.6733 33.3165 11.4
      vertex 44.7256 33 11.4
    endloop
  endfacet
  facet normal 0.98662 0.163034 0
    outer loop
      vertex 44.6733 33.3165 11.4
      vertex 44.7256 33 9.6
      vertex 44.6733 33.3165 0.500001
    endloop
  endfacet
  facet normal 0.986635 0.162944 -0
    outer loop
      vertex 44.8546 32.2189 0.500001
      vertex 44.7256 33 9.6
      vertex 44.8546 32.2189 9.6
    endloop
  endfacet
  facet normal 0.986631 0.16297 -2.2749e-06
    outer loop
      vertex 44.7256 33 9.6
      vertex 44.8546 32.2189 0.500001
      vertex 44.6733 33.3165 0.500001
    endloop
  endfacet
  facet normal 0.881905 -0.471427 0
    outer loop
      vertex 43.2035 22.4 13.3
      vertex 42.7224 21.5 13.3
      vertex 43.2035 22.4 11.4
    endloop
  endfacet
  facet normal 0.882142 -0.470983 0
    outer loop
      vertex 43.2035 22.4 11.4
      vertex 43.2468 22.4811 0.500001
      vertex 43.2468 22.4811 11.4
    endloop
  endfacet
  facet normal 0.881905 -0.471427 0
    outer loop
      vertex 42.7224 21.5 0.500001
      vertex 43.2035 22.4 11.4
      vertex 42.7224 21.5 13.3
    endloop
  endfacet
  facet normal 0.881925 -0.471391 -3.89337e-06
    outer loop
      vertex 43.2035 22.4 11.4
      vertex 42.7224 21.5 0.500001
      vertex 43.2468 22.4811 0.500001
    endloop
  endfacet
  facet normal -0.249114 0.662022 -0.706873
    outer loop
      vertex 22.5 45.6377 0.0816442
      vertex 21.4944 45.706 0.500001
      vertex 22.5 46.0844 0.500001
    endloop
  endfacet
  facet normal 0.483525 0.516205 0.70692
    outer loop
      vertex 39.2089 42.7813 13.3
      vertex 38.8792 42.4054 13.8
      vertex 40.0208 42.0208 13.3
    endloop
  endfacet
  facet normal -0.688865 -0.160612 -0.706872
    outer loop
      vertex 11.5793 25.6001 0.500001
      vertex 11.3267 26.6835 0.500001
      vertex 12.0622 25.7295 7.62939e-07
    endloop
  endfacet
  facet normal 0.999465 -0.0327192 0
    outer loop
      vertex 44.9636 28.8881 9.6
      vertex 45 30 0.500001
      vertex 45 30 9.6
    endloop
  endfacet
  facet normal 0.999465 -0.0327192 0
    outer loop
      vertex 45 30 0.500001
      vertex 44.9636 28.8881 9.6
      vertex 44.9636 28.8881 0.500001
    endloop
  endfacet
  facet normal -0.634348 -0.773047 0
    outer loop
      vertex 16.7911 17.2187 0.500001
      vertex 17.6511 16.513 13.3
      vertex 16.7911 17.2187 13.3
    endloop
  endfacet
  facet normal -0.634348 -0.773047 -0
    outer loop
      vertex 17.6511 16.513 13.3
      vertex 16.7911 17.2187 0.500001
      vertex 17.6511 16.513 0.500001
    endloop
  endfacet
  facet normal 0.97388 -0.227065 0
    outer loop
      vertex 44.4207 25.6001 11.4
      vertex 44.6733 26.6835 0.500001
      vertex 44.6733 26.6835 11.4
    endloop
  endfacet
  facet normal 0.97388 -0.227065 0
    outer loop
      vertex 44.6733 26.6835 0.500001
      vertex 44.4207 25.6001 11.4
      vertex 44.4207 25.6001 0.500001
    endloop
  endfacet
  facet normal 0.600659 -0.37348 -0.70691
    outer loop
      vertex 42.7224 21.5 0.500001
      vertex 42.135 20.5553 0.500001
      vertex 42.2894 21.75 7.62939e-07
    endloop
  endfacet
  facet normal -0.644264 0.291963 -0.706882
    outer loop
      vertex 13.2016 37.2978 7.62939e-07
      vertex 12.294 36.5056 0.500001
      vertex 12.7532 37.5189 0.500001
    endloop
  endfacet
  facet normal -0.582513 -0.812821 0
    outer loop
      vertex 17.6511 16.513 0.500001
      vertex 18.5553 15.865 13.3
      vertex 17.6511 16.513 13.3
    endloop
  endfacet
  facet normal -0.582513 -0.812821 -0
    outer loop
      vertex 18.5553 15.865 13.3
      vertex 17.6511 16.513 0.500001
      vertex 18.5553 15.865 0.500001
    endloop
  endfacet
  facet normal 0.703907 -0.0693753 -0.706896
    outer loop
      vertex 44.9636 28.8881 0.500001
      vertex 44.3588 27.8463 7.62939e-07
      vertex 44.4647 28.9208 7.62939e-07
    endloop
  endfacet
  facet normal -0.249114 -0.662022 -0.706873
    outer loop
      vertex 22.5 13.9156 0.500001
      vertex 21.4944 14.294 0.500001
      vertex 22.5 14.3623 0.0816442
    endloop
  endfacet
  facet normal -0.703907 -0.0693753 -0.706896
    outer loop
      vertex 11.6412 27.8463 7.62939e-07
      vertex 11.0364 28.8881 0.500001
      vertex 11.5353 28.9208 7.62939e-07
    endloop
  endfacet
  facet normal -0.986635 -0.162944 0
    outer loop
      vertex 11.1454 27.7811 0.500001
      vertex 11.2744 27 9.6
      vertex 11.1454 27.7811 9.6
    endloop
  endfacet
  facet normal -0.986631 -0.16297 -2.2749e-06
    outer loop
      vertex 11.3267 26.6835 0.500001
      vertex 11.2744 27 9.6
      vertex 11.1454 27.7811 0.500001
    endloop
  endfacet
  facet normal -0.98662 -0.163034 -0
    outer loop
      vertex 11.3267 26.6835 11.4
      vertex 11.2744 27 9.6
      vertex 11.3267 26.6835 0.500001
    endloop
  endfacet
  facet normal -0.98662 -0.163034 0
    outer loop
      vertex 11.2744 27 9.6
      vertex 11.3267 26.6835 11.4
      vertex 11.2744 27 11.4
    endloop
  endfacet
  facet normal 0.995187 -0.0979904 0
    outer loop
      vertex 44.8546 27.7811 9.6
      vertex 44.9636 28.8881 0.500001
      vertex 44.9636 28.8881 9.6
    endloop
  endfacet
  facet normal 0.995187 -0.0979904 0
    outer loop
      vertex 44.9636 28.8881 0.500001
      vertex 44.8546 27.7811 9.6
      vertex 44.8546 27.7811 0.500001
    endloop
  endfacet
  facet normal -0.706918 0.0231229 -0.706918
    outer loop
      vertex 11.5 30 7.62939e-07
      vertex 11 30 0.500001
      vertex 11.5353 31.0792 7.62939e-07
    endloop
  endfacet
  facet normal 0.471391 0.881925 -0
    outer loop
      vertex 36.5 44.7224 0.500001
      vertex 35.5189 45.2468 13.3
      vertex 36.5 44.7224 13.3
    endloop
  endfacet
  facet normal 0.471391 0.881925 0
    outer loop
      vertex 35.5189 45.2468 13.3
      vertex 36.5 44.7224 0.500001
      vertex 35.5189 45.2468 0.500001
    endloop
  endfacet
  facet normal 0.528034 -0.849223 0
    outer loop
      vertex 36.5 15.2776 0.500001
      vertex 37.4447 15.865 13.3
      vertex 36.5 15.2776 13.3
    endloop
  endfacet
  facet normal 0.528034 -0.849223 0
    outer loop
      vertex 37.4447 15.865 13.3
      vertex 36.5 15.2776 0.500001
      vertex 37.4447 15.865 0.500001
    endloop
  endfacet
  facet normal -0.661941 -0.24912 -0.706946
    outer loop
      vertex 12.756 23.6857 7.62939e-07
      vertex 12.294 23.4944 0.500001
      vertex 12.3757 24.6962 7.62939e-07
    endloop
  endfacet
  facet normal 0.706938 0.0231429 -0.706896
    outer loop
      vertex 45 30 0.500001
      vertex 44.4647 31.0792 7.62939e-07
      vertex 44.9636 31.1119 0.500001
    endloop
  endfacet
  facet normal 0.935918 0.352217 0
    outer loop
      vertex 44.0978 35.4645 11.4
      vertex 43.706 36.5056 0.500001
      vertex 43.706 36.5056 11.4
    endloop
  endfacet
  facet normal 0.935918 0.352217 0
    outer loop
      vertex 43.706 36.5056 0.500001
      vertex 44.0978 35.4645 11.4
      vertex 44.0978 35.4645 0.500001
    endloop
  endfacet
  facet normal 0.661954 -0.249115 -0.706936
    outer loop
      vertex 43.706 23.4944 0.500001
      vertex 43.6243 24.6962 7.62939e-07
      vertex 44.0978 24.5355 0.500001
    endloop
  endfacet
  facet normal 0.644264 0.291963 -0.706882
    outer loop
      vertex 43.706 36.5056 0.500001
      vertex 42.7984 37.2978 7.62939e-07
      vertex 43.2468 37.5189 0.500001
    endloop
  endfacet
  facet normal -0.291885 -0.644231 -0.706944
    outer loop
      vertex 21.4944 14.294 0.500001
      vertex 20.7022 15.2016 7.62939e-07
      vertex 21.6857 14.756 7.62939e-07
    endloop
  endfacet
  facet normal 0.683627 0.729831 -0
    outer loop
      vertex 40.0208 42.0208 0.500001
      vertex 39.2089 42.7813 13.3
      vertex 40.0208 42.0208 13.3
    endloop
  endfacet
  facet normal 0.683627 0.729831 0
    outer loop
      vertex 39.2089 42.7813 13.3
      vertex 40.0208 42.0208 0.500001
      vertex 39.2089 42.7813 0.500001
    endloop
  endfacet
  facet normal 0.706918 -0.0231229 -0.706918
    outer loop
      vertex 45 30 0.500001
      vertex 44.4647 28.9208 7.62939e-07
      vertex 44.5 30 7.62939e-07
    endloop
  endfacet
  facet normal -0.448688 -0.546759 0.706918
    outer loop
      vertex 17.1208 17.5946 13.8
      vertex 16.7911 17.2187 13.3
      vertex 17.9554 16.9097 13.8
    endloop
  endfacet
  facet normal -0.623776 0.33344 -0.70691
    outer loop
      vertex 13.7106 38.25 7.62939e-07
      vertex 13.2016 37.2978 7.62939e-07
      vertex 13.2776 38.5 0.500001
    endloop
  endfacet
  facet normal -0.483526 -0.516281 -0.706864
    outer loop
      vertex 17.1208 17.5946 7.62939e-07
      vertex 15.9792 17.9792 0.500001
      vertex 16.3327 18.3327 7.62939e-07
    endloop
  endfacet
  facet normal 0.688865 0.160612 -0.706872
    outer loop
      vertex 44.6733 33.3165 0.500001
      vertex 43.9378 34.2705 7.62939e-07
      vertex 44.4207 34.3999 0.500001
    endloop
  endfacet
  facet normal 0.644306 0.291647 0.706974
    outer loop
      vertex 42.99 37.3923 13.5864
      vertex 42.7984 37.2978 13.8
      vertex 42.99 37.1305 13.6944
    endloop
  endfacet
  facet normal -0.661954 -0.249115 -0.706936
    outer loop
      vertex 12.294 23.4944 0.500001
      vertex 11.9022 24.5355 0.500001
      vertex 12.3757 24.6962 7.62939e-07
    endloop
  endfacet
  facet normal -0.516205 -0.483525 -0.70692
    outer loop
      vertex 15.9792 17.9792 0.500001
      vertex 15.2187 18.7911 0.500001
      vertex 15.5946 19.1208 7.62939e-07
    endloop
  endfacet
  facet normal -0.676812 -0.205343 -0.706937
    outer loop
      vertex 12.3757 24.6962 7.62939e-07
      vertex 11.9022 24.5355 0.500001
      vertex 12.0622 25.7295 7.62939e-07
    endloop
  endfacet
  facet normal -0.528034 0.849223 0
    outer loop
      vertex 19.5 44.7224 0.500001
      vertex 18.5553 44.135 13.3
      vertex 19.5 44.7224 13.3
    endloop
  endfacet
  facet normal -0.528034 0.849223 0
    outer loop
      vertex 18.5553 44.135 13.3
      vertex 19.5 44.7224 0.500001
      vertex 18.5553 44.135 0.500001
    endloop
  endfacet
  facet normal -0.706938 -0.0231429 -0.706896
    outer loop
      vertex 11.0364 28.8881 0.500001
      vertex 11 30 0.500001
      vertex 11.5353 28.9208 7.62939e-07
    endloop
  endfacet
  facet normal -0.483526 0.516281 -0.706864
    outer loop
      vertex 16.3327 41.6673 7.62939e-07
      vertex 15.9792 42.0208 0.500001
      vertex 17.1208 42.4054 7.62939e-07
    endloop
  endfacet
  facet normal -0.546759 -0.448688 0.706918
    outer loop
      vertex 15.5946 19.1208 13.8
      vertex 14.9097 19.9554 13.8
      vertex 15.2187 18.7911 13.3
    endloop
  endfacet
  facet normal -0.706938 0.0231429 -0.706896
    outer loop
      vertex 11.5353 31.0792 7.62939e-07
      vertex 11 30 0.500001
      vertex 11.0364 31.1119 0.500001
    endloop
  endfacet
  facet normal -0.849223 -0.528034 0
    outer loop
      vertex 13.865 20.5553 0.500001
      vertex 13.2776 21.5 13.3
      vertex 13.2776 21.5 0.500001
    endloop
  endfacet
  facet normal -0.849223 -0.528034 0
    outer loop
      vertex 13.2776 21.5 13.3
      vertex 13.865 20.5553 0.500001
      vertex 13.865 20.5553 13.3
    endloop
  endfacet
  facet normal 0.448687 0.546791 -0.706894
    outer loop
      vertex 39.2089 42.7813 0.500001
      vertex 38.0446 43.0903 7.62939e-07
      vertex 38.3489 43.487 0.500001
    endloop
  endfacet
  facet normal -0.412021 -0.574921 -0.706898
    outer loop
      vertex 18.5553 15.865 0.500001
      vertex 17.6511 16.513 0.500001
      vertex 17.9554 16.9097 7.62939e-07
    endloop
  endfacet
  facet normal -0.881905 0.471427 0
    outer loop
      vertex 13.2776 38.5 0.500001
      vertex 12.7965 37.6 11.4
      vertex 13.2776 38.5 13.3
    endloop
  endfacet
  facet normal -0.881925 0.471391 -3.89337e-06
    outer loop
      vertex 12.7532 37.5189 0.500001
      vertex 12.7965 37.6 11.4
      vertex 13.2776 38.5 0.500001
    endloop
  endfacet
  facet normal -0.882142 0.470983 0
    outer loop
      vertex 12.7965 37.6 11.4
      vertex 12.7532 37.5189 0.500001
      vertex 12.7532 37.5189 11.4
    endloop
  endfacet
  facet normal -0.881905 0.471427 0
    outer loop
      vertex 13.2776 38.5 13.3
      vertex 12.7965 37.6 11.4
      vertex 12.7965 37.6 13.3
    endloop
  endfacet
  facet normal -0.956951 0.290249 0
    outer loop
      vertex 11.5793 34.3999 0.500001
      vertex 11.9022 35.4645 11.4
      vertex 11.9022 35.4645 0.500001
    endloop
  endfacet
  facet normal -0.956951 0.290249 0
    outer loop
      vertex 11.9022 35.4645 11.4
      vertex 11.5793 34.3999 0.500001
      vertex 11.5793 34.3999 11.4
    endloop
  endfacet
  facet normal -0.956951 -0.290249 0
    outer loop
      vertex 11.9022 24.5355 0.500001
      vertex 11.5793 25.6001 11.4
      vertex 11.5793 25.6001 0.500001
    endloop
  endfacet
  facet normal -0.956951 -0.290249 0
    outer loop
      vertex 11.5793 25.6001 11.4
      vertex 11.9022 24.5355 0.500001
      vertex 11.9022 24.5355 11.4
    endloop
  endfacet
  facet normal -0.729831 0.683627 0
    outer loop
      vertex 15.2187 41.2089 0.500001
      vertex 15.9792 42.0208 13.3
      vertex 15.9792 42.0208 0.500001
    endloop
  endfacet
  facet normal -0.729831 0.683627 0
    outer loop
      vertex 15.9792 42.0208 13.3
      vertex 15.2187 41.2089 0.500001
      vertex 15.2187 41.2089 13.3
    endloop
  endfacet
  facet normal -0.471391 0.881925 0
    outer loop
      vertex 20.4811 45.2468 0.500001
      vertex 19.5 44.7224 13.3
      vertex 20.4811 45.2468 13.3
    endloop
  endfacet
  facet normal -0.471391 0.881925 0
    outer loop
      vertex 19.5 44.7224 13.3
      vertex 20.4811 45.2468 0.500001
      vertex 19.5 44.7224 0.500001
    endloop
  endfacet
  facet normal 0.411937 0.574903 -0.706961
    outer loop
      vertex 38.0446 43.0903 7.62939e-07
      vertex 37.1669 43.7192 7.62939e-07
      vertex 37.4447 44.135 0.500001
    endloop
  endfacet
  facet normal 0.697795 0.115261 -0.706963
    outer loop
      vertex 44.8546 32.2189 0.500001
      vertex 44.3588 32.1537 7.62939e-07
      vertex 44.6733 33.3165 0.500001
    endloop
  endfacet
  facet normal 0.703843 0.0693034 -0.706967
    outer loop
      vertex 44.9636 31.1119 0.500001
      vertex 44.3588 32.1537 7.62939e-07
      vertex 44.8546 32.2189 0.500001
    endloop
  endfacet
  facet normal -0.644231 0.291885 -0.706944
    outer loop
      vertex 12.756 36.3143 7.62939e-07
      vertex 12.294 36.5056 0.500001
      vertex 13.2016 37.2978 7.62939e-07
    endloop
  endfacet
  facet normal -0.471391 -0.881925 0
    outer loop
      vertex 19.5 15.2776 0.500001
      vertex 20.4811 14.7532 13.3
      vertex 19.5 15.2776 13.3
    endloop
  endfacet
  facet normal -0.471391 -0.881925 -0
    outer loop
      vertex 20.4811 14.7532 13.3
      vertex 19.5 15.2776 0.500001
      vertex 20.4811 14.7532 0.500001
    endloop
  endfacet
  facet normal 0.249143 0.661914 -0.706964
    outer loop
      vertex 33.5 45.6377 0.0816442
      vertex 34.3143 45.244 7.62939e-07
      vertex 33.5 45.5505 7.62939e-07
    endloop
  endfacet
  facet normal 0.249151 0.661929 -0.706947
    outer loop
      vertex 34.3143 45.244 7.62939e-07
      vertex 33.5 45.6377 0.0816442
      vertex 34.5056 45.706 0.500001
    endloop
  endfacet
  facet normal 0.683627 -0.729831 0
    outer loop
      vertex 39.2089 17.2187 0.500001
      vertex 40.0208 17.9792 13.3
      vertex 39.2089 17.2187 13.3
    endloop
  endfacet
  facet normal 0.683627 -0.729831 0
    outer loop
      vertex 40.0208 17.9792 13.3
      vertex 39.2089 17.2187 0.500001
      vertex 40.0208 17.9792 0.500001
    endloop
  endfacet
  facet normal 0.249114 0.662022 -0.706873
    outer loop
      vertex 34.5056 45.706 0.500001
      vertex 33.5 45.6377 0.0816442
      vertex 33.5 46.0844 0.500001
    endloop
  endfacet
  facet normal -0.546791 -0.448687 -0.706894
    outer loop
      vertex 15.2187 18.7911 0.500001
      vertex 14.513 19.6511 0.500001
      vertex 14.9097 19.9554 7.62939e-07
    endloop
  endfacet
  facet normal -0.33344 0.623776 -0.70691
    outer loop
      vertex 19.75 44.2894 7.62939e-07
      vertex 19.5 44.7224 0.500001
      vertex 20.7022 44.7984 7.62939e-07
    endloop
  endfacet
  facet normal -0.373493 -0.600589 -0.706962
    outer loop
      vertex 19.75 15.7106 7.62939e-07
      vertex 18.5553 15.865 0.500001
      vertex 18.8331 16.2808 7.62939e-07
    endloop
  endfacet
  facet normal -0.995187 0.0979904 0
    outer loop
      vertex 11.0364 31.1119 0.500001
      vertex 11.1454 32.2189 9.6
      vertex 11.1454 32.2189 0.500001
    endloop
  endfacet
  facet normal -0.995187 0.0979904 0
    outer loop
      vertex 11.1454 32.2189 9.6
      vertex 11.0364 31.1119 0.500001
      vertex 11.0364 31.1119 9.6
    endloop
  endfacet
  facet normal 0.412021 -0.574921 -0.706898
    outer loop
      vertex 38.3489 16.513 0.500001
      vertex 37.4447 15.865 0.500001
      vertex 38.0446 16.9097 7.62939e-07
    endloop
  endfacet
  facet normal 0.352184 0.935931 -0
    outer loop
      vertex 34.5056 45.706 0.500001
      vertex 33.5 46.0844 13.3
      vertex 34.5056 45.706 13.3
    endloop
  endfacet
  facet normal 0.352184 0.935931 0
    outer loop
      vertex 33.5 46.0844 13.3
      vertex 34.5056 45.706 0.500001
      vertex 33.5 46.0844 0.500001
    endloop
  endfacet
  facet normal -0.773047 0.634348 0
    outer loop
      vertex 14.513 40.3489 0.500001
      vertex 15.2187 41.2089 13.3
      vertex 15.2187 41.2089 0.500001
    endloop
  endfacet
  facet normal -0.773047 0.634348 0
    outer loop
      vertex 15.2187 41.2089 13.3
      vertex 14.513 40.3489 0.500001
      vertex 14.513 40.3489 13.3
    endloop
  endfacet
  facet normal 0.995187 0.0979904 0
    outer loop
      vertex 44.9636 31.1119 9.6
      vertex 44.8546 32.2189 0.500001
      vertex 44.8546 32.2189 9.6
    endloop
  endfacet
  facet normal 0.995187 0.0979904 0
    outer loop
      vertex 44.8546 32.2189 0.500001
      vertex 44.9636 31.1119 9.6
      vertex 44.9636 31.1119 0.500001
    endloop
  endfacet
  facet normal -0.37348 0.600659 -0.70691
    outer loop
      vertex 19.75 44.2894 7.62939e-07
      vertex 18.5553 44.135 0.500001
      vertex 19.5 44.7224 0.500001
    endloop
  endfacet
  facet normal -0.412021 0.574921 -0.706898
    outer loop
      vertex 17.9554 43.0903 7.62939e-07
      vertex 17.6511 43.487 0.500001
      vertex 18.5553 44.135 0.500001
    endloop
  endfacet
  facet normal -0.935918 -0.352217 0
    outer loop
      vertex 12.294 23.4944 0.500001
      vertex 11.9022 24.5355 11.4
      vertex 11.9022 24.5355 0.500001
    endloop
  endfacet
  facet normal -0.935918 -0.352217 0
    outer loop
      vertex 11.9022 24.5355 11.4
      vertex 12.294 23.4944 0.500001
      vertex 12.294 23.4944 11.4
    endloop
  endfacet
  facet normal -0.291885 0.64423 0.706944
    outer loop
      vertex 21.4944 45.706 13.3
      vertex 20.7022 44.7984 13.8
      vertex 21.6857 45.244 13.8
    endloop
  endfacet
  facet normal 0.546759 0.448688 -0.706918
    outer loop
      vertex 41.0903 40.0446 7.62939e-07
      vertex 40.4054 40.8792 7.62939e-07
      vertex 40.7813 41.2089 0.500001
    endloop
  endfacet
  facet normal 0.582513 -0.812821 0
    outer loop
      vertex 37.4447 15.865 0.500001
      vertex 38.3489 16.513 13.3
      vertex 37.4447 15.865 13.3
    endloop
  endfacet
  facet normal 0.582513 -0.812821 0
    outer loop
      vertex 38.3489 16.513 13.3
      vertex 37.4447 15.865 0.500001
      vertex 38.3489 16.513 0.500001
    endloop
  endfacet
  facet normal -0.688885 -0.160642 -0.706846
    outer loop
      vertex 12.0622 25.7295 7.62939e-07
      vertex 11.3267 26.6835 0.500001
      vertex 11.817 26.781 7.62939e-07
    endloop
  endfacet
  facet normal -0.67689 -0.205305 -0.706873
    outer loop
      vertex 11.9022 24.5355 0.500001
      vertex 11.5793 25.6001 0.500001
      vertex 12.0622 25.7295 7.62939e-07
    endloop
  endfacet
  facet normal 0.516205 0.483525 -0.70692
    outer loop
      vertex 40.4054 40.8792 7.62939e-07
      vertex 40.0208 42.0208 0.500001
      vertex 40.7813 41.2089 0.500001
    endloop
  endfacet
  facet normal -0.935918 0.352217 0
    outer loop
      vertex 11.9022 35.4645 0.500001
      vertex 12.294 36.5056 11.4
      vertex 12.294 36.5056 0.500001
    endloop
  endfacet
  facet normal -0.935918 0.352217 0
    outer loop
      vertex 12.294 36.5056 11.4
      vertex 11.9022 35.4645 0.500001
      vertex 11.9022 35.4645 11.4
    endloop
  endfacet
  facet normal -0.412766 -0.910837 0
    outer loop
      vertex 20.4811 14.7532 0.500001
      vertex 21.4944 14.294 13.3
      vertex 20.4811 14.7532 13.3
    endloop
  endfacet
  facet normal -0.412766 -0.910837 -0
    outer loop
      vertex 21.4944 14.294 13.3
      vertex 20.4811 14.7532 0.500001
      vertex 21.4944 14.294 0.500001
    endloop
  endfacet
  facet normal 0.98662 -0.163034 0
    outer loop
      vertex 44.7256 27 11.4
      vertex 44.6733 26.6835 11.4
      vertex 44.7256 27 9.6
    endloop
  endfacet
  facet normal 0.986635 -0.162944 0
    outer loop
      vertex 44.7256 27 9.6
      vertex 44.8546 27.7811 0.500001
      vertex 44.8546 27.7811 9.6
    endloop
  endfacet
  facet normal 0.98662 -0.163034 0
    outer loop
      vertex 44.6733 26.6835 0.500001
      vertex 44.7256 27 9.6
      vertex 44.6733 26.6835 11.4
    endloop
  endfacet
  facet normal 0.986631 -0.16297 -2.2749e-06
    outer loop
      vertex 44.7256 27 9.6
      vertex 44.6733 26.6835 0.500001
      vertex 44.8546 27.7811 0.500001
    endloop
  endfacet
  facet normal 0.373493 -0.600589 -0.706962
    outer loop
      vertex 37.4447 15.865 0.500001
      vertex 36.25 15.7106 7.62939e-07
      vertex 37.1669 16.2808 7.62939e-07
    endloop
  endfacet
  facet normal -0.582513 0.812821 0
    outer loop
      vertex 18.5553 44.135 0.500001
      vertex 17.6511 43.487 13.3
      vertex 18.5553 44.135 13.3
    endloop
  endfacet
  facet normal -0.582513 0.812821 0
    outer loop
      vertex 17.6511 43.487 13.3
      vertex 18.5553 44.135 0.500001
      vertex 17.6511 43.487 0.500001
    endloop
  endfacet
  facet normal -0.661931 0.249106 -0.706961
    outer loop
      vertex 12.3757 35.3037 7.62939e-07
      vertex 11.9022 35.4645 0.500001
      vertex 12.294 36.5056 0.500001
    endloop
  endfacet
  facet normal -0.697928 0.115175 -0.706846
    outer loop
      vertex 11.6412 32.1537 7.62939e-07
      vertex 11.3267 33.3165 0.500001
      vertex 11.817 33.219 7.62939e-07
    endloop
  endfacet
  facet normal 0.291963 0.644264 0.706882
    outer loop
      vertex 35.5189 45.2468 13.3
      vertex 34.5056 45.706 13.3
      vertex 35.2978 44.7984 13.8
    endloop
  endfacet
  facet normal -0.546759 0.448688 -0.706918
    outer loop
      vertex 15.5946 40.8792 7.62939e-07
      vertex 14.9097 40.0446 7.62939e-07
      vertex 15.2187 41.2089 0.500001
    endloop
  endfacet
  facet normal 0.516205 -0.483525 -0.70692
    outer loop
      vertex 40.7813 18.7911 0.500001
      vertex 40.0208 17.9792 0.500001
      vertex 40.4054 19.1208 7.62939e-07
    endloop
  endfacet
  facet normal -0.729831 -0.683627 0
    outer loop
      vertex 15.9792 17.9792 0.500001
      vertex 15.2187 18.7911 13.3
      vertex 15.2187 18.7911 0.500001
    endloop
  endfacet
  facet normal -0.729831 -0.683627 0
    outer loop
      vertex 15.2187 18.7911 13.3
      vertex 15.9792 17.9792 0.500001
      vertex 15.9792 17.9792 13.3
    endloop
  endfacet
  facet normal 0.291963 0.644264 -0.706882
    outer loop
      vertex 35.2978 44.7984 7.62939e-07
      vertex 34.5056 45.706 0.500001
      vertex 35.5189 45.2468 0.500001
    endloop
  endfacet
  facet normal -0.483525 0.516205 0.70692
    outer loop
      vertex 16.7911 42.7813 13.3
      vertex 15.9792 42.0208 13.3
      vertex 17.1208 42.4054 13.8
    endloop
  endfacet
  facet normal 0.574903 -0.411937 0.706961
    outer loop
      vertex 41.7192 20.8331 13.8
      vertex 41.0903 19.9554 13.8
      vertex 42.135 20.5553 13.3
    endloop
  endfacet
  facet normal -0.676786 0.205355 -0.706958
    outer loop
      vertex 12.0622 34.2705 7.62939e-07
      vertex 11.9022 35.4645 0.500001
      vertex 12.3757 35.3037 7.62939e-07
    endloop
  endfacet
  facet normal -0.483525 -0.516205 -0.70692
    outer loop
      vertex 16.7911 17.2187 0.500001
      vertex 15.9792 17.9792 0.500001
      vertex 17.1208 17.5946 7.62939e-07
    endloop
  endfacet
  facet normal -0.528034 -0.849223 0
    outer loop
      vertex 18.5553 15.865 0.500001
      vertex 19.5 15.2776 13.3
      vertex 18.5553 15.865 13.3
    endloop
  endfacet
  facet normal -0.528034 -0.849223 -0
    outer loop
      vertex 19.5 15.2776 13.3
      vertex 18.5553 15.865 0.500001
      vertex 19.5 15.2776 0.500001
    endloop
  endfacet
  facet normal 0.516281 -0.483526 0.706864
    outer loop
      vertex 40.4054 19.1208 13.8
      vertex 39.6673 18.3327 13.8
      vertex 40.0208 17.9792 13.3
    endloop
  endfacet
  facet normal 0.37348 -0.600658 0.70691
    outer loop
      vertex 37.4447 15.865 13.3
      vertex 36.25 15.7106 13.8
      vertex 36.5 15.2776 13.3
    endloop
  endfacet
  facet normal -0.516205 0.483525 -0.70692
    outer loop
      vertex 15.5946 40.8792 7.62939e-07
      vertex 15.2187 41.2089 0.500001
      vertex 15.9792 42.0208 0.500001
    endloop
  endfacet
  facet normal 0.574903 -0.411937 -0.706961
    outer loop
      vertex 42.135 20.5553 0.500001
      vertex 41.0903 19.9554 7.62939e-07
      vertex 41.7192 20.8331 7.62939e-07
    endloop
  endfacet
  facet normal -0.546759 -0.448688 -0.706918
    outer loop
      vertex 15.2187 18.7911 0.500001
      vertex 14.9097 19.9554 7.62939e-07
      vertex 15.5946 19.1208 7.62939e-07
    endloop
  endfacet
  facet normal 0.33344 0.623776 -0.70691
    outer loop
      vertex 36.25 44.2894 7.62939e-07
      vertex 35.2978 44.7984 7.62939e-07
      vertex 36.5 44.7224 0.500001
    endloop
  endfacet
  facet normal -0.999465 0.0327192 0
    outer loop
      vertex 11 30 0.500001
      vertex 11.0364 31.1119 9.6
      vertex 11.0364 31.1119 0.500001
    endloop
  endfacet
  facet normal -0.999465 0.0327192 0
    outer loop
      vertex 11.0364 31.1119 9.6
      vertex 11 30 0.500001
      vertex 11 30 9.6
    endloop
  endfacet
  facet normal -0.910837 0.412766 0
    outer loop
      vertex 12.294 36.5056 0.500001
      vertex 12.7532 37.5189 11.4
      vertex 12.7532 37.5189 0.500001
    endloop
  endfacet
  facet normal -0.910837 0.412766 0
    outer loop
      vertex 12.7532 37.5189 11.4
      vertex 12.294 36.5056 0.500001
      vertex 12.294 36.5056 11.4
    endloop
  endfacet
  facet normal -0.703907 0.0693753 -0.706896
    outer loop
      vertex 11.5353 31.0792 7.62939e-07
      vertex 11.0364 31.1119 0.500001
      vertex 11.6412 32.1537 7.62939e-07
    endloop
  endfacet
  facet normal -0.33343 0.623815 0.70688
    outer loop
      vertex 20.4811 45.2468 13.3
      vertex 19.5 44.7224 13.3
      vertex 20.7022 44.7984 13.8
    endloop
  endfacet
  facet normal 0 0 1
    outer loop
      vertex 42.99 23.4 13.8
      vertex 42.7984 22.7022 13.8
      vertex 42.99 23.1251 13.8
    endloop
  endfacet
  facet normal 0 0 1
    outer loop
      vertex 42.99 23.4 13.8
      vertex 42.2894 21.75 13.8
      vertex 42.7984 22.7022 13.8
    endloop
  endfacet
  facet normal 0 0 1
    outer loop
      vertex 33.5 20.4 13.8
      vertex 42.2894 21.75 13.8
      vertex 42.99 23.4 13.8
    endloop
  endfacet
  facet normal 0 0 1
    outer loop
      vertex 42.2894 21.75 13.8
      vertex 33.5 20.4 13.8
      vertex 41.7192 20.8331 13.8
    endloop
  endfacet
  facet normal 0 0 1
    outer loop
      vertex 41.7192 20.8331 13.8
      vertex 33.5 20.4 13.8
      vertex 41.0903 19.9554 13.8
    endloop
  endfacet
  facet normal 0 0 1
    outer loop
      vertex 41.0903 19.9554 13.8
      vertex 33.5 20.4 13.8
      vertex 40.4054 19.1208 13.8
    endloop
  endfacet
  facet normal 0 0 1
    outer loop
      vertex 40.4054 19.1208 13.8
      vertex 33.5 20.4 13.8
      vertex 39.6673 18.3327 13.8
    endloop
  endfacet
  facet normal 0 0 1
    outer loop
      vertex 39.6673 18.3327 13.8
      vertex 33.5 20.4 13.8
      vertex 38.8792 17.5946 13.8
    endloop
  endfacet
  facet normal 0 0 1
    outer loop
      vertex 38.8792 17.5946 13.8
      vertex 33.5 20.4 13.8
      vertex 38.0446 16.9097 13.8
    endloop
  endfacet
  facet normal 0 0 1
    outer loop
      vertex 38.0446 16.9097 13.8
      vertex 33.5 20.4 13.8
      vertex 37.1669 16.2808 13.8
    endloop
  endfacet
  facet normal 0 0 1
    outer loop
      vertex 37.1669 16.2808 13.8
      vertex 33.5 20.4 13.8
      vertex 36.25 15.7106 13.8
    endloop
  endfacet
  facet normal 0 0 1
    outer loop
      vertex 36.25 15.7106 13.8
      vertex 33.5 20.4 13.8
      vertex 35.2978 15.2016 13.8
    endloop
  endfacet
  facet normal 0 0 1
    outer loop
      vertex 35.2978 15.2016 13.8
      vertex 33.5 20.4 13.8
      vertex 34.3143 14.756 13.8
    endloop
  endfacet
  facet normal 0 0 1
    outer loop
      vertex 42.99 23.4 13.8
      vertex 22.5 20.4 13.8
      vertex 33.5 20.4 13.8
    endloop
  endfacet
  facet normal 0 0 1
    outer loop
      vertex 22.5 20.4 13.8
      vertex 21.6857 14.756 13.8
      vertex 22.5 14.4495 13.8
    endloop
  endfacet
  facet normal 0 0 1
    outer loop
      vertex 22.5 20.4 13.8
      vertex 20.7022 15.2016 13.8
      vertex 21.6857 14.756 13.8
    endloop
  endfacet
  facet normal 0 0 1
    outer loop
      vertex 22.5 20.4 13.8
      vertex 19.75 15.7106 13.8
      vertex 20.7022 15.2016 13.8
    endloop
  endfacet
  facet normal 0 0 1
    outer loop
      vertex 22.5 20.4 13.8
      vertex 18.8331 16.2808 13.8
      vertex 19.75 15.7106 13.8
    endloop
  endfacet
  facet normal 0 0 1
    outer loop
      vertex 22.5 20.4 13.8
      vertex 17.9554 16.9097 13.8
      vertex 18.8331 16.2808 13.8
    endloop
  endfacet
  facet normal 0 0 1
    outer loop
      vertex 22.5 20.4 13.8
      vertex 17.1208 17.5946 13.8
      vertex 17.9554 16.9097 13.8
    endloop
  endfacet
  facet normal 0 0 1
    outer loop
      vertex 22.5 20.4 13.8
      vertex 16.3327 18.3327 13.8
      vertex 17.1208 17.5946 13.8
    endloop
  endfacet
  facet normal 0 0 1
    outer loop
      vertex 22.5 20.4 13.8
      vertex 15.5946 19.1208 13.8
      vertex 16.3327 18.3327 13.8
    endloop
  endfacet
  facet normal 0 0 1
    outer loop
      vertex 22.5 20.4 13.8
      vertex 14.9097 19.9554 13.8
      vertex 15.5946 19.1208 13.8
    endloop
  endfacet
  facet normal -0 0 1
    outer loop
      vertex 13.01 23.4 13.8
      vertex 22.5 20.4 13.8
      vertex 42.99 23.4 13.8
    endloop
  endfacet
  facet normal -0 -0 1
    outer loop
      vertex 13.7106 21.75 13.8
      vertex 22.5 20.4 13.8
      vertex 13.01 23.4 13.8
    endloop
  endfacet
  facet normal 0 0 1
    outer loop
      vertex 22.5 20.4 13.8
      vertex 14.2808 20.8331 13.8
      vertex 14.9097 19.9554 13.8
    endloop
  endfacet
  facet normal 0 0 1
    outer loop
      vertex 22.5 20.4 13.8
      vertex 13.7106 21.75 13.8
      vertex 14.2808 20.8331 13.8
    endloop
  endfacet
  facet normal 0 0 1
    outer loop
      vertex 13.7106 21.75 13.8
      vertex 13.01 23.4 13.8
      vertex 13.2016 22.7022 13.8
    endloop
  endfacet
  facet normal 0 0 1
    outer loop
      vertex 13.2016 22.7022 13.8
      vertex 13.01 23.4 13.8
      vertex 13.01 23.1251 13.8
    endloop
  endfacet
  facet normal 0 0 1
    outer loop
      vertex 34.3143 14.756 13.8
      vertex 33.5 20.4 13.8
      vertex 33.5 14.4495 13.8
    endloop
  endfacet
  facet normal 0 0 1
    outer loop
      vertex 22.5 45.5505 13.8
      vertex 21.6857 45.244 13.8
      vertex 22.5 39.6 13.8
    endloop
  endfacet
  facet normal 0 0 1
    outer loop
      vertex 42.7984 37.2978 13.8
      vertex 42.99 36.6 13.8
      vertex 42.99 36.8749 13.8
    endloop
  endfacet
  facet normal 0 0 1
    outer loop
      vertex 42.2894 38.25 13.8
      vertex 42.99 36.6 13.8
      vertex 42.7984 37.2978 13.8
    endloop
  endfacet
  facet normal 0 0 1
    outer loop
      vertex 33.5 39.6 13.8
      vertex 42.2894 38.25 13.8
      vertex 41.7192 39.1669 13.8
    endloop
  endfacet
  facet normal -0 0 1
    outer loop
      vertex 33.5 39.6 13.8
      vertex 41.7192 39.1669 13.8
      vertex 41.0903 40.0446 13.8
    endloop
  endfacet
  facet normal 0 0 1
    outer loop
      vertex 33.5 39.6 13.8
      vertex 41.0903 40.0446 13.8
      vertex 40.4054 40.8792 13.8
    endloop
  endfacet
  facet normal 0 0 1
    outer loop
      vertex 33.5 39.6 13.8
      vertex 40.4054 40.8792 13.8
      vertex 39.6673 41.6673 13.8
    endloop
  endfacet
  facet normal 0 0 1
    outer loop
      vertex 33.5 39.6 13.8
      vertex 39.6673 41.6673 13.8
      vertex 38.8792 42.4054 13.8
    endloop
  endfacet
  facet normal 0 0 1
    outer loop
      vertex 33.5 39.6 13.8
      vertex 38.8792 42.4054 13.8
      vertex 38.0446 43.0903 13.8
    endloop
  endfacet
  facet normal 0 0 1
    outer loop
      vertex 33.5 39.6 13.8
      vertex 38.0446 43.0903 13.8
      vertex 37.1669 43.7192 13.8
    endloop
  endfacet
  facet normal 0 0 1
    outer loop
      vertex 33.5 39.6 13.8
      vertex 37.1669 43.7192 13.8
      vertex 36.25 44.2894 13.8
    endloop
  endfacet
  facet normal 0 0 1
    outer loop
      vertex 33.5 39.6 13.8
      vertex 36.25 44.2894 13.8
      vertex 35.2978 44.7984 13.8
    endloop
  endfacet
  facet normal 0 0 1
    outer loop
      vertex 33.5 39.6 13.8
      vertex 35.2978 44.7984 13.8
      vertex 34.3143 45.244 13.8
    endloop
  endfacet
  facet normal 0 0 1
    outer loop
      vertex 33.5 39.6 13.8
      vertex 34.3143 45.244 13.8
      vertex 33.5 45.5505 13.8
    endloop
  endfacet
  facet normal 0 0 1
    outer loop
      vertex 42.2894 38.25 13.8
      vertex 33.5 39.6 13.8
      vertex 42.99 36.6 13.8
    endloop
  endfacet
  facet normal -0 0 1
    outer loop
      vertex 22.5 39.6 13.8
      vertex 42.99 36.6 13.8
      vertex 33.5 39.6 13.8
    endloop
  endfacet
  facet normal -0 0 1
    outer loop
      vertex 20.7022 44.7984 13.8
      vertex 22.5 39.6 13.8
      vertex 21.6857 45.244 13.8
    endloop
  endfacet
  facet normal -0 0 1
    outer loop
      vertex 19.75 44.2894 13.8
      vertex 22.5 39.6 13.8
      vertex 20.7022 44.7984 13.8
    endloop
  endfacet
  facet normal -0 0 1
    outer loop
      vertex 18.8331 43.7192 13.8
      vertex 22.5 39.6 13.8
      vertex 19.75 44.2894 13.8
    endloop
  endfacet
  facet normal -0 0 1
    outer loop
      vertex 17.9554 43.0903 13.8
      vertex 22.5 39.6 13.8
      vertex 18.8331 43.7192 13.8
    endloop
  endfacet
  facet normal -0 0 1
    outer loop
      vertex 17.1208 42.4054 13.8
      vertex 22.5 39.6 13.8
      vertex 17.9554 43.0903 13.8
    endloop
  endfacet
  facet normal -0 0 1
    outer loop
      vertex 16.3327 41.6673 13.8
      vertex 22.5 39.6 13.8
      vertex 17.1208 42.4054 13.8
    endloop
  endfacet
  facet normal -0 0 1
    outer loop
      vertex 15.5946 40.8792 13.8
      vertex 22.5 39.6 13.8
      vertex 16.3327 41.6673 13.8
    endloop
  endfacet
  facet normal -0 0 1
    outer loop
      vertex 14.9097 40.0446 13.8
      vertex 22.5 39.6 13.8
      vertex 15.5946 40.8792 13.8
    endloop
  endfacet
  facet normal 0 0 1
    outer loop
      vertex 14.2808 39.1669 13.8
      vertex 22.5 39.6 13.8
      vertex 14.9097 40.0446 13.8
    endloop
  endfacet
  facet normal 0 0 1
    outer loop
      vertex 13.7106 38.25 13.8
      vertex 22.5 39.6 13.8
      vertex 14.2808 39.1669 13.8
    endloop
  endfacet
  facet normal 0 0 1
    outer loop
      vertex 22.5 39.6 13.8
      vertex 13.7106 38.25 13.8
      vertex 13.01 36.6 13.8
    endloop
  endfacet
  facet normal 0 0 1
    outer loop
      vertex 13.01 36.6 13.8
      vertex 13.7106 38.25 13.8
      vertex 13.2016 37.2978 13.8
    endloop
  endfacet
  facet normal 0 0 1
    outer loop
      vertex 13.01 36.6 13.8
      vertex 13.2016 37.2978 13.8
      vertex 13.01 36.8749 13.8
    endloop
  endfacet
  facet normal 0 0 1
    outer loop
      vertex 22.5 39.6 13.8
      vertex 13.01 36.6 13.8
      vertex 42.99 36.6 13.8
    endloop
  endfacet
  facet normal 0.697928 0.115175 -0.706846
    outer loop
      vertex 44.3588 32.1537 7.62939e-07
      vertex 44.183 33.219 7.62939e-07
      vertex 44.6733 33.3165 0.500001
    endloop
  endfacet
  facet normal 0.412021 0.574921 -0.706898
    outer loop
      vertex 38.0446 43.0903 7.62939e-07
      vertex 37.4447 44.135 0.500001
      vertex 38.3489 43.487 0.500001
    endloop
  endfacet
  facet normal 0.910837 0.412766 0
    outer loop
      vertex 43.706 36.5056 11.4
      vertex 43.2468 37.5189 0.500001
      vertex 43.2468 37.5189 11.4
    endloop
  endfacet
  facet normal 0.910837 0.412766 0
    outer loop
      vertex 43.2468 37.5189 0.500001
      vertex 43.706 36.5056 11.4
      vertex 43.706 36.5056 0.500001
    endloop
  endfacet
  facet normal 0.623776 -0.33344 -0.70691
    outer loop
      vertex 42.7224 21.5 0.500001
      vertex 42.2894 21.75 7.62939e-07
      vertex 42.7984 22.7022 7.62939e-07
    endloop
  endfacet
  facet normal -0.412766 0.910837 0
    outer loop
      vertex 21.4944 45.706 0.500001
      vertex 20.4811 45.2468 13.3
      vertex 21.4944 45.706 13.3
    endloop
  endfacet
  facet normal -0.412766 0.910837 0
    outer loop
      vertex 20.4811 45.2468 13.3
      vertex 21.4944 45.706 0.500001
      vertex 20.4811 45.2468 0.500001
    endloop
  endfacet
  facet normal 0.706938 -0.0231429 -0.706896
    outer loop
      vertex 44.9636 28.8881 0.500001
      vertex 44.4647 28.9208 7.62939e-07
      vertex 45 30 0.500001
    endloop
  endfacet
  facet normal 0.249114 -0.662022 -0.706873
    outer loop
      vertex 34.5056 14.294 0.500001
      vertex 33.5 13.9156 0.500001
      vertex 33.5 14.3623 0.0816442
    endloop
  endfacet
  facet normal 0.546759 -0.448688 -0.706918
    outer loop
      vertex 40.7813 18.7911 0.500001
      vertex 40.4054 19.1208 7.62939e-07
      vertex 41.0903 19.9554 7.62939e-07
    endloop
  endfacet
  facet normal -0.688885 0.160642 -0.706846
    outer loop
      vertex 11.817 33.219 7.62939e-07
      vertex 11.3267 33.3165 0.500001
      vertex 12.0622 34.2705 7.62939e-07
    endloop
  endfacet
  facet normal -0.37348 -0.600659 -0.70691
    outer loop
      vertex 19.5 15.2776 0.500001
      vertex 18.5553 15.865 0.500001
      vertex 19.75 15.7106 7.62939e-07
    endloop
  endfacet
  facet normal 0.483525 -0.516205 -0.70692
    outer loop
      vertex 39.2089 17.2187 0.500001
      vertex 38.8792 17.5946 7.62939e-07
      vertex 40.0208 17.9792 0.500001
    endloop
  endfacet
  facet normal 0.546791 -0.448687 -0.706894
    outer loop
      vertex 41.487 19.6511 0.500001
      vertex 40.7813 18.7911 0.500001
      vertex 41.0903 19.9554 7.62939e-07
    endloop
  endfacet
  facet normal 0.574921 -0.412021 -0.706898
    outer loop
      vertex 41.487 19.6511 0.500001
      vertex 41.0903 19.9554 7.62939e-07
      vertex 42.135 20.5553 0.500001
    endloop
  endfacet
  facet normal 0.729831 0.683627 0
    outer loop
      vertex 40.7813 41.2089 13.3
      vertex 40.0208 42.0208 0.500001
      vertex 40.0208 42.0208 13.3
    endloop
  endfacet
  facet normal 0.729831 0.683627 0
    outer loop
      vertex 40.0208 42.0208 0.500001
      vertex 40.7813 41.2089 13.3
      vertex 40.7813 41.2089 0.500001
    endloop
  endfacet
  facet normal 0.352184 -0.935931 0
    outer loop
      vertex 33.5 13.9156 0.500001
      vertex 34.5056 14.294 13.3
      vertex 33.5 13.9156 13.3
    endloop
  endfacet
  facet normal 0.352184 -0.935931 0
    outer loop
      vertex 34.5056 14.294 13.3
      vertex 33.5 13.9156 0.500001
      vertex 34.5056 14.294 0.500001
    endloop
  endfacet
  facet normal -0.574903 -0.411937 -0.706961
    outer loop
      vertex 14.9097 19.9554 7.62939e-07
      vertex 13.865 20.5553 0.500001
      vertex 14.2808 20.8331 7.62939e-07
    endloop
  endfacet
  facet normal -0.33344 -0.623776 -0.70691
    outer loop
      vertex 20.7022 15.2016 7.62939e-07
      vertex 19.5 15.2776 0.500001
      vertex 19.75 15.7106 7.62939e-07
    endloop
  endfacet
  facet normal 0.546791 0.448687 -0.706894
    outer loop
      vertex 41.0903 40.0446 7.62939e-07
      vertex 40.7813 41.2089 0.500001
      vertex 41.487 40.3489 0.500001
    endloop
  endfacet
  facet normal -0.411937 0.574903 -0.706961
    outer loop
      vertex 18.8331 43.7192 7.62939e-07
      vertex 17.9554 43.0903 7.62939e-07
      vertex 18.5553 44.135 0.500001
    endloop
  endfacet
  facet normal 0.516281 0.483526 -0.706864
    outer loop
      vertex 40.4054 40.8792 7.62939e-07
      vertex 39.6673 41.6673 7.62939e-07
      vertex 40.0208 42.0208 0.500001
    endloop
  endfacet
  facet normal 0.644231 0.291885 -0.706944
    outer loop
      vertex 43.244 36.3143 7.62939e-07
      vertex 42.7984 37.2978 7.62939e-07
      vertex 43.706 36.5056 0.500001
    endloop
  endfacet
  facet normal 0.249127 -0.662056 0.706836
    outer loop
      vertex 33.5 14.3623 13.7184
      vertex 33.5 13.9156 13.3
      vertex 34.5056 14.294 13.3
    endloop
  endfacet
  facet normal 0.999465 0.0327192 0
    outer loop
      vertex 45 30 9.6
      vertex 44.9636 31.1119 0.500001
      vertex 44.9636 31.1119 9.6
    endloop
  endfacet
  facet normal 0.999465 0.0327192 0
    outer loop
      vertex 44.9636 31.1119 0.500001
      vertex 45 30 9.6
      vertex 45 30 0.500001
    endloop
  endfacet
  facet normal 0.703907 0.0693753 -0.706896
    outer loop
      vertex 44.4647 31.0792 7.62939e-07
      vertex 44.3588 32.1537 7.62939e-07
      vertex 44.9636 31.1119 0.500001
    endloop
  endfacet
  facet normal 0.471391 -0.881925 0
    outer loop
      vertex 35.5189 14.7532 0.500001
      vertex 36.5 15.2776 13.3
      vertex 35.5189 14.7532 13.3
    endloop
  endfacet
  facet normal 0.471391 -0.881925 0
    outer loop
      vertex 36.5 15.2776 13.3
      vertex 35.5189 14.7532 0.500001
      vertex 36.5 15.2776 0.500001
    endloop
  endfacet
  facet normal -0.706918 -0.0231229 -0.706918
    outer loop
      vertex 11.5353 28.9208 7.62939e-07
      vertex 11 30 0.500001
      vertex 11.5 30 7.62939e-07
    endloop
  endfacet
  facet normal 0.600589 0.373493 -0.706962
    outer loop
      vertex 42.2894 38.25 7.62939e-07
      vertex 41.7192 39.1669 7.62939e-07
      vertex 42.135 39.4447 0.500001
    endloop
  endfacet
  facet normal -0.574921 -0.41202 0.706898
    outer loop
      vertex 14.9097 19.9554 13.8
      vertex 13.865 20.5553 13.3
      vertex 14.513 19.6511 13.3
    endloop
  endfacet
  facet normal -0.683627 0.729831 0
    outer loop
      vertex 16.7911 42.7813 0.500001
      vertex 15.9792 42.0208 13.3
      vertex 16.7911 42.7813 13.3
    endloop
  endfacet
  facet normal -0.683627 0.729831 0
    outer loop
      vertex 15.9792 42.0208 13.3
      vertex 16.7911 42.7813 0.500001
      vertex 15.9792 42.0208 0.500001
    endloop
  endfacet
  facet normal -0.849223 0.528034 0
    outer loop
      vertex 13.2776 38.5 0.500001
      vertex 13.865 39.4447 13.3
      vertex 13.865 39.4447 0.500001
    endloop
  endfacet
  facet normal -0.849223 0.528034 0
    outer loop
      vertex 13.865 39.4447 13.3
      vertex 13.2776 38.5 0.500001
      vertex 13.2776 38.5 13.3
    endloop
  endfacet
  facet normal -0.600589 -0.373493 -0.706962
    outer loop
      vertex 13.865 20.5553 0.500001
      vertex 13.7106 21.75 7.62939e-07
      vertex 14.2808 20.8331 7.62939e-07
    endloop
  endfacet
  facet normal 0.448687 -0.546791 -0.706894
    outer loop
      vertex 38.3489 16.513 0.500001
      vertex 38.0446 16.9097 7.62939e-07
      vertex 39.2089 17.2187 0.500001
    endloop
  endfacet
  facet normal 0.574921 0.412021 -0.706898
    outer loop
      vertex 42.135 39.4447 0.500001
      vertex 41.0903 40.0446 7.62939e-07
      vertex 41.487 40.3489 0.500001
    endloop
  endfacet
  facet normal 0.729831 -0.683627 0
    outer loop
      vertex 40.0208 17.9792 13.3
      vertex 40.7813 18.7911 0.500001
      vertex 40.7813 18.7911 13.3
    endloop
  endfacet
  facet normal 0.729831 -0.683627 0
    outer loop
      vertex 40.7813 18.7911 0.500001
      vertex 40.0208 17.9792 13.3
      vertex 40.0208 17.9792 0.500001
    endloop
  endfacet
  facet normal -0.516281 -0.483526 -0.706864
    outer loop
      vertex 15.9792 17.9792 0.500001
      vertex 15.5946 19.1208 7.62939e-07
      vertex 16.3327 18.3327 7.62939e-07
    endloop
  endfacet
  facet normal 0.546791 -0.448687 0.706895
    outer loop
      vertex 41.0903 19.9554 13.8
      vertex 40.7813 18.7911 13.3
      vertex 41.487 19.6511 13.3
    endloop
  endfacet
  facet normal -0.448688 -0.546759 -0.706918
    outer loop
      vertex 17.9554 16.9097 7.62939e-07
      vertex 16.7911 17.2187 0.500001
      vertex 17.1208 17.5946 7.62939e-07
    endloop
  endfacet
  facet normal 0.574921 0.41202 0.706898
    outer loop
      vertex 41.487 40.3489 13.3
      vertex 41.0903 40.0446 13.8
      vertex 42.135 39.4447 13.3
    endloop
  endfacet
  facet normal -0.97388 -0.227065 0
    outer loop
      vertex 11.5793 25.6001 0.500001
      vertex 11.3267 26.6835 11.4
      vertex 11.3267 26.6835 0.500001
    endloop
  endfacet
  facet normal -0.97388 -0.227065 0
    outer loop
      vertex 11.3267 26.6835 11.4
      vertex 11.5793 25.6001 0.500001
      vertex 11.5793 25.6001 11.4
    endloop
  endfacet
  facet normal 0.33344 -0.623776 -0.70691
    outer loop
      vertex 36.5 15.2776 0.500001
      vertex 35.2978 15.2016 7.62939e-07
      vertex 36.25 15.7106 7.62939e-07
    endloop
  endfacet
  facet normal -0.249143 -0.661914 -0.706964
    outer loop
      vertex 22.5 14.3623 0.0816442
      vertex 21.6857 14.756 7.62939e-07
      vertex 22.5 14.4495 7.62939e-07
    endloop
  endfacet
  facet normal -0.249151 -0.661929 -0.706947
    outer loop
      vertex 21.6857 14.756 7.62939e-07
      vertex 22.5 14.3623 0.0816442
      vertex 21.4944 14.294 0.500001
    endloop
  endfacet
  facet normal -0.291885 0.644231 -0.706944
    outer loop
      vertex 21.6857 45.244 7.62939e-07
      vertex 20.7022 44.7984 7.62939e-07
      vertex 21.4944 45.706 0.500001
    endloop
  endfacet
  facet normal 0.910837 -0.412766 0
    outer loop
      vertex 43.2468 22.4811 11.4
      vertex 43.706 23.4944 0.500001
      vertex 43.706 23.4944 11.4
    endloop
  endfacet
  facet normal 0.910837 -0.412766 0
    outer loop
      vertex 43.706 23.4944 0.500001
      vertex 43.2468 22.4811 11.4
      vertex 43.2468 22.4811 0.500001
    endloop
  endfacet
  facet normal -0.683627 -0.729831 0
    outer loop
      vertex 15.9792 17.9792 0.500001
      vertex 16.7911 17.2187 13.3
      vertex 15.9792 17.9792 13.3
    endloop
  endfacet
  facet normal -0.683627 -0.729831 -0
    outer loop
      vertex 16.7911 17.2187 13.3
      vertex 15.9792 17.9792 0.500001
      vertex 16.7911 17.2187 0.500001
    endloop
  endfacet
  facet normal -0.600659 -0.37348 -0.70691
    outer loop
      vertex 13.865 20.5553 0.500001
      vertex 13.2776 21.5 0.500001
      vertex 13.7106 21.75 7.62939e-07
    endloop
  endfacet
  facet normal -0.249127 0.662056 0.706836
    outer loop
      vertex 22.5 46.0844 13.3
      vertex 21.4944 45.706 13.3
      vertex 22.5 45.6377 13.7184
    endloop
  endfacet
  facet normal -0.644446 0.291974 0.706711
    outer loop
      vertex 13.01 37.1305 13.6944
      vertex 13.01 36.8749 13.8
      vertex 13.2016 37.2978 13.8
    endloop
  endfacet
  facet normal 0.33343 -0.623815 -0.70688
    outer loop
      vertex 35.5189 14.7532 0.500001
      vertex 35.2978 15.2016 7.62939e-07
      vertex 36.5 15.2776 0.500001
    endloop
  endfacet
  facet normal 0.33343 0.623815 -0.70688
    outer loop
      vertex 36.5 44.7224 0.500001
      vertex 35.2978 44.7984 7.62939e-07
      vertex 35.5189 45.2468 0.500001
    endloop
  endfacet
  facet normal -0.773047 -0.634348 0
    outer loop
      vertex 15.2187 18.7911 0.500001
      vertex 14.513 19.6511 13.3
      vertex 14.513 19.6511 0.500001
    endloop
  endfacet
  facet normal -0.773047 -0.634348 0
    outer loop
      vertex 14.513 19.6511 13.3
      vertex 15.2187 18.7911 0.500001
      vertex 15.2187 18.7911 13.3
    endloop
  endfacet
  facet normal -0.812821 -0.582513 0
    outer loop
      vertex 14.513 19.6511 0.500001
      vertex 13.865 20.5553 13.3
      vertex 13.865 20.5553 0.500001
    endloop
  endfacet
  facet normal -0.812821 -0.582513 0
    outer loop
      vertex 13.865 20.5553 13.3
      vertex 14.513 19.6511 0.500001
      vertex 14.513 19.6511 13.3
    endloop
  endfacet
  facet normal -0.33343 -0.623815 -0.70688
    outer loop
      vertex 20.4811 14.7532 0.500001
      vertex 19.5 15.2776 0.500001
      vertex 20.7022 15.2016 7.62939e-07
    endloop
  endfacet
  facet normal -0.291963 -0.644264 -0.706882
    outer loop
      vertex 21.4944 14.294 0.500001
      vertex 20.4811 14.7532 0.500001
      vertex 20.7022 15.2016 7.62939e-07
    endloop
  endfacet
  facet normal 0.291963 -0.644264 -0.706882
    outer loop
      vertex 35.5189 14.7532 0.500001
      vertex 34.5056 14.294 0.500001
      vertex 35.2978 15.2016 7.62939e-07
    endloop
  endfacet
  facet normal -0.516281 0.483526 -0.706864
    outer loop
      vertex 16.3327 41.6673 7.62939e-07
      vertex 15.5946 40.8792 7.62939e-07
      vertex 15.9792 42.0208 0.500001
    endloop
  endfacet
  facet normal 0.600589 0.373493 0.706962
    outer loop
      vertex 42.135 39.4447 13.3
      vertex 41.7192 39.1669 13.8
      vertex 42.2894 38.25 13.8
    endloop
  endfacet
  facet normal -0.352184 -0.935931 0
    outer loop
      vertex 21.4944 14.294 0.500001
      vertex 22.5 13.9156 13.3
      vertex 21.4944 14.294 13.3
    endloop
  endfacet
  facet normal -0.352184 -0.935931 -0
    outer loop
      vertex 22.5 13.9156 13.3
      vertex 21.4944 14.294 0.500001
      vertex 22.5 13.9156 0.500001
    endloop
  endfacet
  facet normal 0.448688 -0.546759 -0.706918
    outer loop
      vertex 39.2089 17.2187 0.500001
      vertex 38.0446 16.9097 7.62939e-07
      vertex 38.8792 17.5946 7.62939e-07
    endloop
  endfacet
  facet normal 0.706918 0.0231229 -0.706918
    outer loop
      vertex 44.5 30 7.62939e-07
      vertex 44.4647 31.0792 7.62939e-07
      vertex 45 30 0.500001
    endloop
  endfacet
  facet normal -0.703843 -0.0693034 -0.706967
    outer loop
      vertex 11.1454 27.7811 0.500001
      vertex 11.0364 28.8881 0.500001
      vertex 11.6412 27.8463 7.62939e-07
    endloop
  endfacet
  facet normal -0.97388 0.227065 0
    outer loop
      vertex 11.3267 33.3165 0.500001
      vertex 11.5793 34.3999 11.4
      vertex 11.5793 34.3999 0.500001
    endloop
  endfacet
  facet normal -0.97388 0.227065 0
    outer loop
      vertex 11.5793 34.3999 11.4
      vertex 11.3267 33.3165 0.500001
      vertex 11.3267 33.3165 11.4
    endloop
  endfacet
  facet normal 0.773047 -0.634348 0
    outer loop
      vertex 40.7813 18.7911 13.3
      vertex 41.487 19.6511 0.500001
      vertex 41.487 19.6511 13.3
    endloop
  endfacet
  facet normal 0.773047 -0.634348 0
    outer loop
      vertex 41.487 19.6511 0.500001
      vertex 40.7813 18.7911 13.3
      vertex 40.7813 18.7911 0.500001
    endloop
  endfacet
  facet normal 0.600659 0.37348 -0.70691
    outer loop
      vertex 42.2894 38.25 7.62939e-07
      vertex 42.135 39.4447 0.500001
      vertex 42.7224 38.5 0.500001
    endloop
  endfacet
  facet normal -0.373493 0.600589 -0.706962
    outer loop
      vertex 18.8331 43.7192 7.62939e-07
      vertex 18.5553 44.135 0.500001
      vertex 19.75 44.2894 7.62939e-07
    endloop
  endfacet
  facet normal 0.688885 0.160642 -0.706846
    outer loop
      vertex 44.183 33.219 7.62939e-07
      vertex 43.9378 34.2705 7.62939e-07
      vertex 44.6733 33.3165 0.500001
    endloop
  endfacet
  facet normal 0.623815 -0.33343 -0.70688
    outer loop
      vertex 43.2468 22.4811 0.500001
      vertex 42.7224 21.5 0.500001
      vertex 42.7984 22.7022 7.62939e-07
    endloop
  endfacet
  facet normal 0.697928 -0.115175 -0.706846
    outer loop
      vertex 44.6733 26.6835 0.500001
      vertex 44.183 26.781 7.62939e-07
      vertex 44.3588 27.8463 7.62939e-07
    endloop
  endfacet
  facet normal -0.249076 -0.661738 0.707152
    outer loop
      vertex 21.6857 14.756 13.8
      vertex 22.5 14.3623 13.7184
      vertex 22.5 14.4495 13.8
    endloop
  endfacet
  facet normal -0.249183 -0.661916 0.706948
    outer loop
      vertex 22.5 14.3623 13.7184
      vertex 21.6857 14.756 13.8
      vertex 21.4944 14.294 13.3
    endloop
  endfacet
  facet normal -0.812821 0.582513 0
    outer loop
      vertex 13.865 39.4447 0.500001
      vertex 14.513 40.3489 13.3
      vertex 14.513 40.3489 0.500001
    endloop
  endfacet
  facet normal -0.812821 0.582513 0
    outer loop
      vertex 14.513 40.3489 13.3
      vertex 13.865 39.4447 0.500001
      vertex 13.865 39.4447 13.3
    endloop
  endfacet
  facet normal -0.574921 -0.412021 -0.706898
    outer loop
      vertex 14.513 19.6511 0.500001
      vertex 13.865 20.5553 0.500001
      vertex 14.9097 19.9554 7.62939e-07
    endloop
  endfacet
  facet normal 0.634348 0.773047 -0
    outer loop
      vertex 39.2089 42.7813 0.500001
      vertex 38.3489 43.487 13.3
      vertex 39.2089 42.7813 13.3
    endloop
  endfacet
  facet normal 0.634348 0.773047 0
    outer loop
      vertex 38.3489 43.487 13.3
      vertex 39.2089 42.7813 0.500001
      vertex 38.3489 43.487 0.500001
    endloop
  endfacet
  facet normal -0.623815 0.33343 -0.70688
    outer loop
      vertex 13.2016 37.2978 7.62939e-07
      vertex 12.7532 37.5189 0.500001
      vertex 13.2776 38.5 0.500001
    endloop
  endfacet
  facet normal -0.546791 0.448687 -0.706894
    outer loop
      vertex 14.9097 40.0446 7.62939e-07
      vertex 14.513 40.3489 0.500001
      vertex 15.2187 41.2089 0.500001
    endloop
  endfacet
  facet normal 0.956951 0.290249 0
    outer loop
      vertex 44.4207 34.3999 11.4
      vertex 44.0978 35.4645 0.500001
      vertex 44.0978 35.4645 11.4
    endloop
  endfacet
  facet normal 0.956951 0.290249 0
    outer loop
      vertex 44.0978 35.4645 0.500001
      vertex 44.4207 34.3999 11.4
      vertex 44.4207 34.3999 0.500001
    endloop
  endfacet
  facet normal 0.67689 0.205305 -0.706873
    outer loop
      vertex 44.4207 34.3999 0.500001
      vertex 43.9378 34.2705 7.62939e-07
      vertex 44.0978 35.4645 0.500001
    endloop
  endfacet
  facet normal 0.448688 0.546759 -0.706918
    outer loop
      vertex 38.8792 42.4054 7.62939e-07
      vertex 38.0446 43.0903 7.62939e-07
      vertex 39.2089 42.7813 0.500001
    endloop
  endfacet
  facet normal 0.881905 0.471427 -0
    outer loop
      vertex 43.2035 37.6 11.4
      vertex 42.7224 38.5 13.3
      vertex 43.2035 37.6 13.3
    endloop
  endfacet
  facet normal 0.881905 0.471427 0
    outer loop
      vertex 42.7224 38.5 13.3
      vertex 43.2035 37.6 11.4
      vertex 42.7224 38.5 0.500001
    endloop
  endfacet
  facet normal 0.882142 0.470983 -0
    outer loop
      vertex 43.2468 37.5189 0.500001
      vertex 43.2035 37.6 11.4
      vertex 43.2468 37.5189 11.4
    endloop
  endfacet
  facet normal 0.881925 0.471391 -3.89337e-06
    outer loop
      vertex 43.2035 37.6 11.4
      vertex 43.2468 37.5189 0.500001
      vertex 42.7224 38.5 0.500001
    endloop
  endfacet
  facet normal 0.582513 0.812821 -0
    outer loop
      vertex 38.3489 43.487 0.500001
      vertex 37.4447 44.135 13.3
      vertex 38.3489 43.487 13.3
    endloop
  endfacet
  facet normal 0.582513 0.812821 0
    outer loop
      vertex 37.4447 44.135 13.3
      vertex 38.3489 43.487 0.500001
      vertex 37.4447 44.135 0.500001
    endloop
  endfacet
  facet normal 0.249076 -0.661738 0.707152
    outer loop
      vertex 33.5 14.3623 13.7184
      vertex 34.3143 14.756 13.8
      vertex 33.5 14.4495 13.8
    endloop
  endfacet
  facet normal 0.249183 -0.661916 0.706948
    outer loop
      vertex 34.3143 14.756 13.8
      vertex 33.5 14.3623 13.7184
      vertex 34.5056 14.294 13.3
    endloop
  endfacet
  facet normal 0.956951 -0.290249 0
    outer loop
      vertex 44.0978 24.5355 11.4
      vertex 44.4207 25.6001 0.500001
      vertex 44.4207 25.6001 11.4
    endloop
  endfacet
  facet normal 0.956951 -0.290249 0
    outer loop
      vertex 44.4207 25.6001 0.500001
      vertex 44.0978 24.5355 11.4
      vertex 44.0978 24.5355 0.500001
    endloop
  endfacet
  facet normal 0.483525 0.516205 -0.70692
    outer loop
      vertex 40.0208 42.0208 0.500001
      vertex 38.8792 42.4054 7.62939e-07
      vertex 39.2089 42.7813 0.500001
    endloop
  endfacet
  facet normal 0.623628 0.333576 0.706976
    outer loop
      vertex 42.99 37.6 13.4884
      vertex 42.7984 37.2978 13.8
      vertex 42.99 37.3923 13.5864
    endloop
  endfacet
  facet normal 0.623753 0.333446 0.706927
    outer loop
      vertex 42.99 37.6 13.4884
      vertex 42.7224 38.5 13.3
      vertex 42.7984 37.2978 13.8
    endloop
  endfacet
  facet normal 0.623789 0.33345 0.706894
    outer loop
      vertex 42.7224 38.5 13.3
      vertex 42.99 37.6 13.4884
      vertex 43.2035 37.6 13.3
    endloop
  endfacet
  facet normal -0.634348 0.773047 0
    outer loop
      vertex 17.6511 43.487 0.500001
      vertex 16.7911 42.7813 13.3
      vertex 17.6511 43.487 13.3
    endloop
  endfacet
  facet normal -0.634348 0.773047 0
    outer loop
      vertex 16.7911 42.7813 13.3
      vertex 17.6511 43.487 0.500001
      vertex 16.7911 42.7813 0.500001
    endloop
  endfacet
  facet normal -0.574921 0.412021 -0.706898
    outer loop
      vertex 14.9097 40.0446 7.62939e-07
      vertex 13.865 39.4447 0.500001
      vertex 14.513 40.3489 0.500001
    endloop
  endfacet
  facet normal 0.600658 -0.37348 0.70691
    outer loop
      vertex 42.2894 21.75 13.8
      vertex 42.135 20.5553 13.3
      vertex 42.7224 21.5 13.3
    endloop
  endfacet
  facet normal 0.688885 -0.160642 -0.706846
    outer loop
      vertex 44.6733 26.6835 0.500001
      vertex 43.9378 25.7295 7.62939e-07
      vertex 44.183 26.781 7.62939e-07
    endloop
  endfacet
  facet normal 0.412766 0.910837 -0
    outer loop
      vertex 35.5189 45.2468 0.500001
      vertex 34.5056 45.706 13.3
      vertex 35.5189 45.2468 13.3
    endloop
  endfacet
  facet normal 0.412766 0.910837 0
    outer loop
      vertex 34.5056 45.706 13.3
      vertex 35.5189 45.2468 0.500001
      vertex 34.5056 45.706 0.500001
    endloop
  endfacet
  facet normal -0.516205 -0.483525 0.70692
    outer loop
      vertex 15.5946 19.1208 13.8
      vertex 15.2187 18.7911 13.3
      vertex 15.9792 17.9792 13.3
    endloop
  endfacet
  facet normal 0.623628 -0.333576 0.706976
    outer loop
      vertex 42.99 22.6077 13.5864
      vertex 42.7984 22.7022 13.8
      vertex 42.99 22.4 13.4884
    endloop
  endfacet
  facet normal 0.623789 -0.33345 0.706894
    outer loop
      vertex 42.99 22.4 13.4884
      vertex 42.7224 21.5 13.3
      vertex 43.2035 22.4 13.3
    endloop
  endfacet
  facet normal 0.623753 -0.333446 0.706927
    outer loop
      vertex 42.7224 21.5 13.3
      vertex 42.99 22.4 13.4884
      vertex 42.7984 22.7022 13.8
    endloop
  endfacet
  facet normal 0.37348 0.600658 0.70691
    outer loop
      vertex 36.5 44.7224 13.3
      vertex 36.25 44.2894 13.8
      vertex 37.4447 44.135 13.3
    endloop
  endfacet
  facet normal 0.67689 -0.205305 -0.706873
    outer loop
      vertex 44.0978 24.5355 0.500001
      vertex 43.9378 25.7295 7.62939e-07
      vertex 44.4207 25.6001 0.500001
    endloop
  endfacet
  facet normal 0.373493 0.600589 -0.706962
    outer loop
      vertex 37.1669 43.7192 7.62939e-07
      vertex 36.25 44.2894 7.62939e-07
      vertex 37.4447 44.135 0.500001
    endloop
  endfacet
  facet normal -0.882142 -0.470983 0
    outer loop
      vertex 12.7532 22.4811 0.500001
      vertex 12.7965 22.4 11.4
      vertex 12.7532 22.4811 11.4
    endloop
  endfacet
  facet normal -0.881925 -0.471391 -3.89337e-06
    outer loop
      vertex 13.2776 21.5 0.500001
      vertex 12.7965 22.4 11.4
      vertex 12.7532 22.4811 0.500001
    endloop
  endfacet
  facet normal -0.881905 -0.471427 -0
    outer loop
      vertex 13.2776 21.5 13.3
      vertex 12.7965 22.4 11.4
      vertex 13.2776 21.5 0.500001
    endloop
  endfacet
  facet normal -0.881905 -0.471427 0
    outer loop
      vertex 12.7965 22.4 11.4
      vertex 13.2776 21.5 13.3
      vertex 12.7965 22.4 13.3
    endloop
  endfacet
  facet normal 0.644231 -0.291885 -0.706944
    outer loop
      vertex 43.706 23.4944 0.500001
      vertex 42.7984 22.7022 7.62939e-07
      vertex 43.244 23.6857 7.62939e-07
    endloop
  endfacet
  facet normal -0.98662 0.163034 0
    outer loop
      vertex 11.3267 33.3165 0.500001
      vertex 11.2744 33 9.6
      vertex 11.3267 33.3165 11.4
    endloop
  endfacet
  facet normal -0.986631 0.16297 -2.2749e-06
    outer loop
      vertex 11.1454 32.2189 0.500001
      vertex 11.2744 33 9.6
      vertex 11.3267 33.3165 0.500001
    endloop
  endfacet
  facet normal -0.986635 0.162944 0
    outer loop
      vertex 11.2744 33 9.6
      vertex 11.1454 32.2189 0.500001
      vertex 11.1454 32.2189 9.6
    endloop
  endfacet
  facet normal -0.98662 0.163034 0
    outer loop
      vertex 11.3267 33.3165 11.4
      vertex 11.2744 33 9.6
      vertex 11.2744 33 11.4
    endloop
  endfacet
  facet normal -0.249143 0.661914 -0.706964
    outer loop
      vertex 21.6857 45.244 7.62939e-07
      vertex 22.5 45.6377 0.0816442
      vertex 22.5 45.5505 7.62939e-07
    endloop
  endfacet
  facet normal -0.249151 0.661929 -0.706947
    outer loop
      vertex 22.5 45.6377 0.0816442
      vertex 21.6857 45.244 7.62939e-07
      vertex 21.4944 45.706 0.500001
    endloop
  endfacet
  facet normal -0.688865 0.160612 -0.706872
    outer loop
      vertex 12.0622 34.2705 7.62939e-07
      vertex 11.3267 33.3165 0.500001
      vertex 11.5793 34.3999 0.500001
    endloop
  endfacet
  facet normal 0.483526 0.516281 -0.706864
    outer loop
      vertex 39.6673 41.6673 7.62939e-07
      vertex 38.8792 42.4054 7.62939e-07
      vertex 40.0208 42.0208 0.500001
    endloop
  endfacet
  facet normal 0.849223 -0.528034 0
    outer loop
      vertex 42.135 20.5553 13.3
      vertex 42.7224 21.5 0.500001
      vertex 42.7224 21.5 13.3
    endloop
  endfacet
  facet normal 0.849223 -0.528034 0
    outer loop
      vertex 42.7224 21.5 0.500001
      vertex 42.135 20.5553 13.3
      vertex 42.135 20.5553 0.500001
    endloop
  endfacet
  facet normal 0.644264 -0.291963 -0.706882
    outer loop
      vertex 43.2468 22.4811 0.500001
      vertex 42.7984 22.7022 7.62939e-07
      vertex 43.706 23.4944 0.500001
    endloop
  endfacet
  facet normal 0.448688 0.546759 0.706918
    outer loop
      vertex 39.2089 42.7813 13.3
      vertex 38.0446 43.0903 13.8
      vertex 38.8792 42.4054 13.8
    endloop
  endfacet
  facet normal 0.697795 -0.115261 -0.706963
    outer loop
      vertex 44.6733 26.6835 0.500001
      vertex 44.3588 27.8463 7.62939e-07
      vertex 44.8546 27.7811 0.500001
    endloop
  endfacet
  facet normal 0.703843 -0.0693034 -0.706967
    outer loop
      vertex 44.8546 27.7811 0.500001
      vertex 44.3588 27.8463 7.62939e-07
      vertex 44.9636 28.8881 0.500001
    endloop
  endfacet
  facet normal 0.291885 -0.644231 -0.706944
    outer loop
      vertex 34.5056 14.294 0.500001
      vertex 34.3143 14.756 7.62939e-07
      vertex 35.2978 15.2016 7.62939e-07
    endloop
  endfacet
  facet normal 0.249151 -0.661929 -0.706947
    outer loop
      vertex 33.5 14.3623 0.0816442
      vertex 34.3143 14.756 7.62939e-07
      vertex 34.5056 14.294 0.500001
    endloop
  endfacet
  facet normal 0.249143 -0.661914 -0.706964
    outer loop
      vertex 34.3143 14.756 7.62939e-07
      vertex 33.5 14.3623 0.0816442
      vertex 33.5 14.4495 7.62939e-07
    endloop
  endfacet
  facet normal 0.483526 -0.516281 -0.706864
    outer loop
      vertex 40.0208 17.9792 0.500001
      vertex 38.8792 17.5946 7.62939e-07
      vertex 39.6673 18.3327 7.62939e-07
    endloop
  endfacet
  facet normal 0.516281 -0.483526 -0.706864
    outer loop
      vertex 40.0208 17.9792 0.500001
      vertex 39.6673 18.3327 7.62939e-07
      vertex 40.4054 19.1208 7.62939e-07
    endloop
  endfacet
  facet normal -0.661949 0.249099 -0.706946
    outer loop
      vertex 12.3757 35.3037 7.62939e-07
      vertex 12.294 36.5056 0.500001
      vertex 12.756 36.3143 7.62939e-07
    endloop
  endfacet
  facet normal 0.291885 0.644231 -0.706944
    outer loop
      vertex 35.2978 44.7984 7.62939e-07
      vertex 34.3143 45.244 7.62939e-07
      vertex 34.5056 45.706 0.500001
    endloop
  endfacet
  facet normal 0.97388 0.227065 0
    outer loop
      vertex 44.6733 33.3165 11.4
      vertex 44.4207 34.3999 0.500001
      vertex 44.4207 34.3999 11.4
    endloop
  endfacet
  facet normal 0.97388 0.227065 0
    outer loop
      vertex 44.4207 34.3999 0.500001
      vertex 44.6733 33.3165 11.4
      vertex 44.6733 33.3165 0.500001
    endloop
  endfacet
  facet normal 0.661931 0.249106 -0.706961
    outer loop
      vertex 44.0978 35.4645 0.500001
      vertex 43.6243 35.3037 7.62939e-07
      vertex 43.706 36.5056 0.500001
    endloop
  endfacet
  facet normal 0.661949 0.249099 -0.706946
    outer loop
      vertex 43.6243 35.3037 7.62939e-07
      vertex 43.244 36.3143 7.62939e-07
      vertex 43.706 36.5056 0.500001
    endloop
  endfacet
  facet normal -0.483525 0.516205 -0.70692
    outer loop
      vertex 17.1208 42.4054 7.62939e-07
      vertex 15.9792 42.0208 0.500001
      vertex 16.7911 42.7813 0.500001
    endloop
  endfacet
  facet normal -0.249127 -0.662056 0.706836
    outer loop
      vertex 22.5 14.3623 13.7184
      vertex 21.4944 14.294 13.3
      vertex 22.5 13.9156 13.3
    endloop
  endfacet
  facet normal 0.546791 0.448687 0.706895
    outer loop
      vertex 41.487 40.3489 13.3
      vertex 40.7813 41.2089 13.3
      vertex 41.0903 40.0446 13.8
    endloop
  endfacet
  facet normal 0.623815 0.33343 -0.70688
    outer loop
      vertex 42.7984 37.2978 7.62939e-07
      vertex 42.7224 38.5 0.500001
      vertex 43.2468 37.5189 0.500001
    endloop
  endfacet
  facet normal 0.623776 0.33344 -0.70691
    outer loop
      vertex 42.7984 37.2978 7.62939e-07
      vertex 42.2894 38.25 7.62939e-07
      vertex 42.7224 38.5 0.500001
    endloop
  endfacet
  facet normal 0.291885 0.64423 0.706944
    outer loop
      vertex 34.5056 45.706 13.3
      vertex 34.3143 45.244 13.8
      vertex 35.2978 44.7984 13.8
    endloop
  endfacet
  facet normal 0.37348 0.600659 -0.70691
    outer loop
      vertex 37.4447 44.135 0.500001
      vertex 36.25 44.2894 7.62939e-07
      vertex 36.5 44.7224 0.500001
    endloop
  endfacet
  facet normal -0.574903 -0.411937 0.706961
    outer loop
      vertex 14.2808 20.8331 13.8
      vertex 13.865 20.5553 13.3
      vertex 14.9097 19.9554 13.8
    endloop
  endfacet
  facet normal -0.291885 -0.64423 0.706944
    outer loop
      vertex 21.6857 14.756 13.8
      vertex 20.7022 15.2016 13.8
      vertex 21.4944 14.294 13.3
    endloop
  endfacet
  facet normal 0.574903 0.411937 -0.706961
    outer loop
      vertex 41.7192 39.1669 7.62939e-07
      vertex 41.0903 40.0446 7.62939e-07
      vertex 42.135 39.4447 0.500001
    endloop
  endfacet
  facet normal -0.703843 0.0693034 -0.706967
    outer loop
      vertex 11.6412 32.1537 7.62939e-07
      vertex 11.0364 31.1119 0.500001
      vertex 11.1454 32.2189 0.500001
    endloop
  endfacet
  facet normal -0.33344 -0.623776 0.70691
    outer loop
      vertex 19.75 15.7106 13.8
      vertex 19.5 15.2776 13.3
      vertex 20.7022 15.2016 13.8
    endloop
  endfacet
  facet normal -0.697795 0.115261 -0.706963
    outer loop
      vertex 11.6412 32.1537 7.62939e-07
      vertex 11.1454 32.2189 0.500001
      vertex 11.3267 33.3165 0.500001
    endloop
  endfacet
  facet normal 0.483526 0.516281 0.706864
    outer loop
      vertex 40.0208 42.0208 13.3
      vertex 38.8792 42.4054 13.8
      vertex 39.6673 41.6673 13.8
    endloop
  endfacet
  facet normal 0.688865 -0.160612 -0.706872
    outer loop
      vertex 44.4207 25.6001 0.500001
      vertex 43.9378 25.7295 7.62939e-07
      vertex 44.6733 26.6835 0.500001
    endloop
  endfacet
  facet normal -0.623753 0.333446 0.706927
    outer loop
      vertex 13.2776 38.5 13.3
      vertex 13.01 37.6 13.4884
      vertex 13.2016 37.2978 13.8
    endloop
  endfacet
  facet normal -0.623789 0.33345 0.706894
    outer loop
      vertex 13.01 37.6 13.4884
      vertex 13.2776 38.5 13.3
      vertex 12.7965 37.6 13.3
    endloop
  endfacet
  facet normal -0.623628 0.333576 0.706976
    outer loop
      vertex 13.2016 37.2978 13.8
      vertex 13.01 37.6 13.4884
      vertex 13.01 37.3923 13.5864
    endloop
  endfacet
  facet normal -0.291963 0.644264 -0.706882
    outer loop
      vertex 20.7022 44.7984 7.62939e-07
      vertex 20.4811 45.2468 0.500001
      vertex 21.4944 45.706 0.500001
    endloop
  endfacet
  facet normal -0.33343 0.623815 -0.70688
    outer loop
      vertex 20.7022 44.7984 7.62939e-07
      vertex 19.5 44.7224 0.500001
      vertex 20.4811 45.2468 0.500001
    endloop
  endfacet
  facet normal -0.600659 0.37348 -0.70691
    outer loop
      vertex 13.7106 38.25 7.62939e-07
      vertex 13.2776 38.5 0.500001
      vertex 13.865 39.4447 0.500001
    endloop
  endfacet
  facet normal -0.516205 0.483525 0.70692
    outer loop
      vertex 15.9792 42.0208 13.3
      vertex 15.2187 41.2089 13.3
      vertex 15.5946 40.8792 13.8
    endloop
  endfacet
  facet normal -0.644306 -0.291647 0.706974
    outer loop
      vertex 13.01 22.8695 13.6944
      vertex 13.01 22.6077 13.5864
      vertex 13.2016 22.7022 13.8
    endloop
  endfacet
  facet normal -0.574903 0.411937 -0.706961
    outer loop
      vertex 14.2808 39.1669 7.62939e-07
      vertex 13.865 39.4447 0.500001
      vertex 14.9097 40.0446 7.62939e-07
    endloop
  endfacet
  facet normal -0.600589 0.373493 -0.706962
    outer loop
      vertex 14.2808 39.1669 7.62939e-07
      vertex 13.7106 38.25 7.62939e-07
      vertex 13.865 39.4447 0.500001
    endloop
  endfacet
  facet normal 0 0 -1
    outer loop
      vertex 21.6857 14.756 7.62939e-07
      vertex 22.5 20.4 7.62939e-07
      vertex 22.5 14.4495 7.62939e-07
    endloop
  endfacet
  facet normal 0 0 -1
    outer loop
      vertex 20.7022 15.2016 7.62939e-07
      vertex 22.5 20.4 7.62939e-07
      vertex 21.6857 14.756 7.62939e-07
    endloop
  endfacet
  facet normal 0 0 -1
    outer loop
      vertex 19.75 15.7106 7.62939e-07
      vertex 22.5 20.4 7.62939e-07
      vertex 20.7022 15.2016 7.62939e-07
    endloop
  endfacet
  facet normal 0 0 -1
    outer loop
      vertex 22.5 39.6 7.62939e-07
      vertex 21.6857 45.244 7.62939e-07
      vertex 22.5 45.5505 7.62939e-07
    endloop
  endfacet
  facet normal 0 0 -1
    outer loop
      vertex 18.8331 16.2808 7.62939e-07
      vertex 22.5 20.4 7.62939e-07
      vertex 19.75 15.7106 7.62939e-07
    endloop
  endfacet
  facet normal 0 0 -1
    outer loop
      vertex 22.5 39.6 7.62939e-07
      vertex 20.7022 44.7984 7.62939e-07
      vertex 21.6857 45.244 7.62939e-07
    endloop
  endfacet
  facet normal 0 0 -1
    outer loop
      vertex 17.9554 16.9097 7.62939e-07
      vertex 22.5 20.4 7.62939e-07
      vertex 18.8331 16.2808 7.62939e-07
    endloop
  endfacet
  facet normal 0 0 -1
    outer loop
      vertex 22.5 39.6 7.62939e-07
      vertex 19.75 44.2894 7.62939e-07
      vertex 20.7022 44.7984 7.62939e-07
    endloop
  endfacet
  facet normal 0 0 -1
    outer loop
      vertex 17.1208 17.5946 7.62939e-07
      vertex 22.5 20.4 7.62939e-07
      vertex 17.9554 16.9097 7.62939e-07
    endloop
  endfacet
  facet normal 0 0 -1
    outer loop
      vertex 22.5 39.6 7.62939e-07
      vertex 18.8331 43.7192 7.62939e-07
      vertex 19.75 44.2894 7.62939e-07
    endloop
  endfacet
  facet normal 0 0 -1
    outer loop
      vertex 16.3327 18.3327 7.62939e-07
      vertex 22.5 20.4 7.62939e-07
      vertex 17.1208 17.5946 7.62939e-07
    endloop
  endfacet
  facet normal 0 0 -1
    outer loop
      vertex 22.5 39.6 7.62939e-07
      vertex 17.9554 43.0903 7.62939e-07
      vertex 18.8331 43.7192 7.62939e-07
    endloop
  endfacet
  facet normal 0 0 -1
    outer loop
      vertex 15.5946 19.1208 7.62939e-07
      vertex 22.5 20.4 7.62939e-07
      vertex 16.3327 18.3327 7.62939e-07
    endloop
  endfacet
  facet normal 0 0 -1
    outer loop
      vertex 22.5 39.6 7.62939e-07
      vertex 17.1208 42.4054 7.62939e-07
      vertex 17.9554 43.0903 7.62939e-07
    endloop
  endfacet
  facet normal 0 0 -1
    outer loop
      vertex 14.9097 19.9554 7.62939e-07
      vertex 22.5 20.4 7.62939e-07
      vertex 15.5946 19.1208 7.62939e-07
    endloop
  endfacet
  facet normal 0 0 -1
    outer loop
      vertex 22.5 39.6 7.62939e-07
      vertex 16.3327 41.6673 7.62939e-07
      vertex 17.1208 42.4054 7.62939e-07
    endloop
  endfacet
  facet normal 0 0 -1
    outer loop
      vertex 14.2808 20.8331 7.62939e-07
      vertex 22.5 20.4 7.62939e-07
      vertex 14.9097 19.9554 7.62939e-07
    endloop
  endfacet
  facet normal 0 0 -1
    outer loop
      vertex 22.5 39.6 7.62939e-07
      vertex 15.5946 40.8792 7.62939e-07
      vertex 16.3327 41.6673 7.62939e-07
    endloop
  endfacet
  facet normal 0 0 -1
    outer loop
      vertex 13.7106 21.75 7.62939e-07
      vertex 22.5 20.4 7.62939e-07
      vertex 14.2808 20.8331 7.62939e-07
    endloop
  endfacet
  facet normal 0 0 -1
    outer loop
      vertex 22.5 39.6 7.62939e-07
      vertex 14.9097 40.0446 7.62939e-07
      vertex 15.5946 40.8792 7.62939e-07
    endloop
  endfacet
  facet normal 0 0 -1
    outer loop
      vertex 13.2016 22.7022 7.62939e-07
      vertex 22.5 20.4 7.62939e-07
      vertex 13.7106 21.75 7.62939e-07
    endloop
  endfacet
  facet normal -0 0 -1
    outer loop
      vertex 22.5 39.6 7.62939e-07
      vertex 14.2808 39.1669 7.62939e-07
      vertex 14.9097 40.0446 7.62939e-07
    endloop
  endfacet
  facet normal 0 0 -1
    outer loop
      vertex 12.756 23.6857 7.62939e-07
      vertex 22.5 20.4 7.62939e-07
      vertex 13.2016 22.7022 7.62939e-07
    endloop
  endfacet
  facet normal 0 0 -1
    outer loop
      vertex 22.5 39.6 7.62939e-07
      vertex 13.7106 38.25 7.62939e-07
      vertex 14.2808 39.1669 7.62939e-07
    endloop
  endfacet
  facet normal 0 0 -1
    outer loop
      vertex 12.3757 24.6962 7.62939e-07
      vertex 22.5 20.4 7.62939e-07
      vertex 12.756 23.6857 7.62939e-07
    endloop
  endfacet
  facet normal 0 0 -1
    outer loop
      vertex 22.5 39.6 7.62939e-07
      vertex 13.2016 37.2978 7.62939e-07
      vertex 13.7106 38.25 7.62939e-07
    endloop
  endfacet
  facet normal 0 0 -1
    outer loop
      vertex 12.0622 25.7295 7.62939e-07
      vertex 22.5 20.4 7.62939e-07
      vertex 12.3757 24.6962 7.62939e-07
    endloop
  endfacet
  facet normal 0 0 -1
    outer loop
      vertex 22.5 39.6 7.62939e-07
      vertex 12.756 36.3143 7.62939e-07
      vertex 13.2016 37.2978 7.62939e-07
    endloop
  endfacet
  facet normal 0 0 -1
    outer loop
      vertex 11.817 26.781 7.62939e-07
      vertex 22.5 20.4 7.62939e-07
      vertex 12.0622 25.7295 7.62939e-07
    endloop
  endfacet
  facet normal 0 0 -1
    outer loop
      vertex 22.5 39.6 7.62939e-07
      vertex 12.3757 35.3037 7.62939e-07
      vertex 12.756 36.3143 7.62939e-07
    endloop
  endfacet
  facet normal 0 0 -1
    outer loop
      vertex 11.6412 27.8463 7.62939e-07
      vertex 22.5 20.4 7.62939e-07
      vertex 11.817 26.781 7.62939e-07
    endloop
  endfacet
  facet normal 0 0 -1
    outer loop
      vertex 22.5 39.6 7.62939e-07
      vertex 12.0622 34.2705 7.62939e-07
      vertex 12.3757 35.3037 7.62939e-07
    endloop
  endfacet
  facet normal 0 0 -1
    outer loop
      vertex 11.5353 28.9208 7.62939e-07
      vertex 22.5 20.4 7.62939e-07
      vertex 11.6412 27.8463 7.62939e-07
    endloop
  endfacet
  facet normal 0 0 -1
    outer loop
      vertex 22.5 39.6 7.62939e-07
      vertex 11.817 33.219 7.62939e-07
      vertex 12.0622 34.2705 7.62939e-07
    endloop
  endfacet
  facet normal 0 0 -1
    outer loop
      vertex 11.5 30 7.62939e-07
      vertex 22.5 20.4 7.62939e-07
      vertex 11.5353 28.9208 7.62939e-07
    endloop
  endfacet
  facet normal 0 0 -1
    outer loop
      vertex 22.5 39.6 7.62939e-07
      vertex 11.6412 32.1537 7.62939e-07
      vertex 11.817 33.219 7.62939e-07
    endloop
  endfacet
  facet normal 0 0 -1
    outer loop
      vertex 22.5 20.4 7.62939e-07
      vertex 11.5 30 7.62939e-07
      vertex 22.5 39.6 7.62939e-07
    endloop
  endfacet
  facet normal 0 0 -1
    outer loop
      vertex 22.5 39.6 7.62939e-07
      vertex 11.5353 31.0792 7.62939e-07
      vertex 11.6412 32.1537 7.62939e-07
    endloop
  endfacet
  facet normal 0 0 -1
    outer loop
      vertex 22.5 39.6 7.62939e-07
      vertex 11.5 30 7.62939e-07
      vertex 11.5353 31.0792 7.62939e-07
    endloop
  endfacet
  facet normal 0 0 -1
    outer loop
      vertex 44.3588 32.1537 7.62939e-07
      vertex 32.0897 36.0847 7.62939e-07
      vertex 44.183 33.219 7.62939e-07
    endloop
  endfacet
  facet normal 0 0 -1
    outer loop
      vertex 33.5 20.4 7.62939e-07
      vertex 23.9103 23.9153 7.62939e-07
      vertex 32.0897 23.9153 7.62939e-07
    endloop
  endfacet
  facet normal -0 0 -1
    outer loop
      vertex 23.9103 23.9153 7.62939e-07
      vertex 22.5 20.4 7.62939e-07
      vertex 23.9103 36.0847 7.62939e-07
    endloop
  endfacet
  facet normal 0 0 -1
    outer loop
      vertex 22.5 20.4 7.62939e-07
      vertex 23.9103 23.9153 7.62939e-07
      vertex 33.5 20.4 7.62939e-07
    endloop
  endfacet
  facet normal -0 0 -1
    outer loop
      vertex 44.3588 27.8463 7.62939e-07
      vertex 32.0897 23.9153 7.62939e-07
      vertex 44.4647 28.9208 7.62939e-07
    endloop
  endfacet
  facet normal -0 0 -1
    outer loop
      vertex 44.183 26.781 7.62939e-07
      vertex 32.0897 23.9153 7.62939e-07
      vertex 44.3588 27.8463 7.62939e-07
    endloop
  endfacet
  facet normal -0 0 -1
    outer loop
      vertex 44.4647 28.9208 7.62939e-07
      vertex 32.0897 23.9153 7.62939e-07
      vertex 44.5 30 7.62939e-07
    endloop
  endfacet
  facet normal -0 0 -1
    outer loop
      vertex 43.9378 25.7295 7.62939e-07
      vertex 32.0897 23.9153 7.62939e-07
      vertex 44.183 26.781 7.62939e-07
    endloop
  endfacet
  facet normal 0 0 -1
    outer loop
      vertex 32.0897 36.0847 7.62939e-07
      vertex 44.5 30 7.62939e-07
      vertex 32.0897 23.9153 7.62939e-07
    endloop
  endfacet
  facet normal -0 0 -1
    outer loop
      vertex 43.6243 24.6962 7.62939e-07
      vertex 32.0897 23.9153 7.62939e-07
      vertex 43.9378 25.7295 7.62939e-07
    endloop
  endfacet
  facet normal 0 0 -1
    outer loop
      vertex 44.5 30 7.62939e-07
      vertex 32.0897 36.0847 7.62939e-07
      vertex 44.4647 31.0792 7.62939e-07
    endloop
  endfacet
  facet normal 0 0 -1
    outer loop
      vertex 43.244 23.6857 7.62939e-07
      vertex 32.0897 23.9153 7.62939e-07
      vertex 43.6243 24.6962 7.62939e-07
    endloop
  endfacet
  facet normal 0 0 -1
    outer loop
      vertex 44.4647 31.0792 7.62939e-07
      vertex 32.0897 36.0847 7.62939e-07
      vertex 44.3588 32.1537 7.62939e-07
    endloop
  endfacet
  facet normal 0 0 -1
    outer loop
      vertex 42.7984 22.7022 7.62939e-07
      vertex 32.0897 23.9153 7.62939e-07
      vertex 43.244 23.6857 7.62939e-07
    endloop
  endfacet
  facet normal 0 0 -1
    outer loop
      vertex 44.183 33.219 7.62939e-07
      vertex 33.5 39.6 7.62939e-07
      vertex 43.9378 34.2705 7.62939e-07
    endloop
  endfacet
  facet normal 0 0 -1
    outer loop
      vertex 42.2894 21.75 7.62939e-07
      vertex 32.0897 23.9153 7.62939e-07
      vertex 42.7984 22.7022 7.62939e-07
    endloop
  endfacet
  facet normal 0 0 -1
    outer loop
      vertex 43.9378 34.2705 7.62939e-07
      vertex 33.5 39.6 7.62939e-07
      vertex 43.6243 35.3037 7.62939e-07
    endloop
  endfacet
  facet normal 0 0 -1
    outer loop
      vertex 41.7192 20.8331 7.62939e-07
      vertex 32.0897 23.9153 7.62939e-07
      vertex 42.2894 21.75 7.62939e-07
    endloop
  endfacet
  facet normal 0 0 -1
    outer loop
      vertex 43.6243 35.3037 7.62939e-07
      vertex 33.5 39.6 7.62939e-07
      vertex 43.244 36.3143 7.62939e-07
    endloop
  endfacet
  facet normal 0 0 -1
    outer loop
      vertex 32.0897 23.9153 7.62939e-07
      vertex 41.7192 20.8331 7.62939e-07
      vertex 33.5 20.4 7.62939e-07
    endloop
  endfacet
  facet normal 0 0 -1
    outer loop
      vertex 43.244 36.3143 7.62939e-07
      vertex 33.5 39.6 7.62939e-07
      vertex 42.7984 37.2978 7.62939e-07
    endloop
  endfacet
  facet normal 0 0 -1
    outer loop
      vertex 33.5 20.4 7.62939e-07
      vertex 41.7192 20.8331 7.62939e-07
      vertex 41.0903 19.9554 7.62939e-07
    endloop
  endfacet
  facet normal 0 0 -1
    outer loop
      vertex 42.7984 37.2978 7.62939e-07
      vertex 33.5 39.6 7.62939e-07
      vertex 42.2894 38.25 7.62939e-07
    endloop
  endfacet
  facet normal 0 0 -1
    outer loop
      vertex 33.5 20.4 7.62939e-07
      vertex 41.0903 19.9554 7.62939e-07
      vertex 40.4054 19.1208 7.62939e-07
    endloop
  endfacet
  facet normal 0 0 -1
    outer loop
      vertex 42.2894 38.25 7.62939e-07
      vertex 33.5 39.6 7.62939e-07
      vertex 41.7192 39.1669 7.62939e-07
    endloop
  endfacet
  facet normal 0 0 -1
    outer loop
      vertex 33.5 20.4 7.62939e-07
      vertex 40.4054 19.1208 7.62939e-07
      vertex 39.6673 18.3327 7.62939e-07
    endloop
  endfacet
  facet normal 0 0 -1
    outer loop
      vertex 41.7192 39.1669 7.62939e-07
      vertex 33.5 39.6 7.62939e-07
      vertex 41.0903 40.0446 7.62939e-07
    endloop
  endfacet
  facet normal 0 0 -1
    outer loop
      vertex 33.5 20.4 7.62939e-07
      vertex 39.6673 18.3327 7.62939e-07
      vertex 38.8792 17.5946 7.62939e-07
    endloop
  endfacet
  facet normal -0 0 -1
    outer loop
      vertex 41.0903 40.0446 7.62939e-07
      vertex 33.5 39.6 7.62939e-07
      vertex 40.4054 40.8792 7.62939e-07
    endloop
  endfacet
  facet normal 0 0 -1
    outer loop
      vertex 33.5 20.4 7.62939e-07
      vertex 38.8792 17.5946 7.62939e-07
      vertex 38.0446 16.9097 7.62939e-07
    endloop
  endfacet
  facet normal -0 0 -1
    outer loop
      vertex 40.4054 40.8792 7.62939e-07
      vertex 33.5 39.6 7.62939e-07
      vertex 39.6673 41.6673 7.62939e-07
    endloop
  endfacet
  facet normal 0 0 -1
    outer loop
      vertex 33.5 20.4 7.62939e-07
      vertex 38.0446 16.9097 7.62939e-07
      vertex 37.1669 16.2808 7.62939e-07
    endloop
  endfacet
  facet normal -0 0 -1
    outer loop
      vertex 39.6673 41.6673 7.62939e-07
      vertex 33.5 39.6 7.62939e-07
      vertex 38.8792 42.4054 7.62939e-07
    endloop
  endfacet
  facet normal 0 0 -1
    outer loop
      vertex 33.5 20.4 7.62939e-07
      vertex 37.1669 16.2808 7.62939e-07
      vertex 36.25 15.7106 7.62939e-07
    endloop
  endfacet
  facet normal -0 0 -1
    outer loop
      vertex 38.8792 42.4054 7.62939e-07
      vertex 33.5 39.6 7.62939e-07
      vertex 38.0446 43.0903 7.62939e-07
    endloop
  endfacet
  facet normal 0 0 -1
    outer loop
      vertex 33.5 20.4 7.62939e-07
      vertex 36.25 15.7106 7.62939e-07
      vertex 35.2978 15.2016 7.62939e-07
    endloop
  endfacet
  facet normal -0 0 -1
    outer loop
      vertex 38.0446 43.0903 7.62939e-07
      vertex 33.5 39.6 7.62939e-07
      vertex 37.1669 43.7192 7.62939e-07
    endloop
  endfacet
  facet normal 0 0 -1
    outer loop
      vertex 33.5 20.4 7.62939e-07
      vertex 35.2978 15.2016 7.62939e-07
      vertex 34.3143 14.756 7.62939e-07
    endloop
  endfacet
  facet normal -0 0 -1
    outer loop
      vertex 37.1669 43.7192 7.62939e-07
      vertex 33.5 39.6 7.62939e-07
      vertex 36.25 44.2894 7.62939e-07
    endloop
  endfacet
  facet normal 0 0 -1
    outer loop
      vertex 33.5 20.4 7.62939e-07
      vertex 34.3143 14.756 7.62939e-07
      vertex 33.5 14.4495 7.62939e-07
    endloop
  endfacet
  facet normal -0 0 -1
    outer loop
      vertex 36.25 44.2894 7.62939e-07
      vertex 33.5 39.6 7.62939e-07
      vertex 35.2978 44.7984 7.62939e-07
    endloop
  endfacet
  facet normal -0 0 -1
    outer loop
      vertex 35.2978 44.7984 7.62939e-07
      vertex 33.5 39.6 7.62939e-07
      vertex 34.3143 45.244 7.62939e-07
    endloop
  endfacet
  facet normal -0 0 -1
    outer loop
      vertex 34.3143 45.244 7.62939e-07
      vertex 33.5 39.6 7.62939e-07
      vertex 33.5 45.5505 7.62939e-07
    endloop
  endfacet
  facet normal 0 0 -1
    outer loop
      vertex 44.183 33.219 7.62939e-07
      vertex 32.0897 36.0847 7.62939e-07
      vertex 33.5 39.6 7.62939e-07
    endloop
  endfacet
  facet normal 0 0 -1
    outer loop
      vertex 23.9103 36.0847 7.62939e-07
      vertex 33.5 39.6 7.62939e-07
      vertex 32.0897 36.0847 7.62939e-07
    endloop
  endfacet
  facet normal 0 0 -1
    outer loop
      vertex 23.9103 36.0847 7.62939e-07
      vertex 22.5 39.6 7.62939e-07
      vertex 33.5 39.6 7.62939e-07
    endloop
  endfacet
  facet normal 0 0 -1
    outer loop
      vertex 22.5 39.6 7.62939e-07
      vertex 23.9103 36.0847 7.62939e-07
      vertex 22.5 20.4 7.62939e-07
    endloop
  endfacet
  facet normal -0.546791 -0.448687 0.706895
    outer loop
      vertex 14.9097 19.9554 13.8
      vertex 14.513 19.6511 13.3
      vertex 15.2187 18.7911 13.3
    endloop
  endfacet
  facet normal 0.448687 0.546791 0.706895
    outer loop
      vertex 38.3489 43.487 13.3
      vertex 38.0446 43.0903 13.8
      vertex 39.2089 42.7813 13.3
    endloop
  endfacet
  facet normal -0.644446 -0.291974 0.706711
    outer loop
      vertex 13.01 23.1251 13.8
      vertex 13.01 22.8695 13.6944
      vertex 13.2016 22.7022 13.8
    endloop
  endfacet
  facet normal -0.37348 -0.600658 0.70691
    outer loop
      vertex 19.75 15.7106 13.8
      vertex 18.5553 15.865 13.3
      vertex 19.5 15.2776 13.3
    endloop
  endfacet
  facet normal -0.483525 -0.516205 0.70692
    outer loop
      vertex 17.1208 17.5946 13.8
      vertex 15.9792 17.9792 13.3
      vertex 16.7911 17.2187 13.3
    endloop
  endfacet
  facet normal 0.644306 -0.291647 0.706974
    outer loop
      vertex 42.99 22.8695 13.6944
      vertex 42.7984 22.7022 13.8
      vertex 42.99 22.6077 13.5864
    endloop
  endfacet
  facet normal 0.644446 0.291974 0.706711
    outer loop
      vertex 42.99 37.1305 13.6944
      vertex 42.7984 37.2978 13.8
      vertex 42.99 36.8749 13.8
    endloop
  endfacet
  facet normal -0.516281 0.483526 0.706864
    outer loop
      vertex 15.9792 42.0208 13.3
      vertex 15.5946 40.8792 13.8
      vertex 16.3327 41.6673 13.8
    endloop
  endfacet
  facet normal 0.411937 0.574903 0.706961
    outer loop
      vertex 37.4447 44.135 13.3
      vertex 37.1669 43.7192 13.8
      vertex 38.0446 43.0903 13.8
    endloop
  endfacet
  facet normal -0.623628 -0.333576 0.706976
    outer loop
      vertex 13.01 22.4 13.4884
      vertex 13.2016 22.7022 13.8
      vertex 13.01 22.6077 13.5864
    endloop
  endfacet
  facet normal -0.623753 -0.333446 0.706927
    outer loop
      vertex 13.2016 22.7022 13.8
      vertex 13.01 22.4 13.4884
      vertex 13.2776 21.5 13.3
    endloop
  endfacet
  facet normal -0.623789 -0.33345 0.706894
    outer loop
      vertex 13.2776 21.5 13.3
      vertex 13.01 22.4 13.4884
      vertex 12.7965 22.4 13.3
    endloop
  endfacet
  facet normal 0.33344 0.623776 0.70691
    outer loop
      vertex 36.5 44.7224 13.3
      vertex 35.2978 44.7984 13.8
      vertex 36.25 44.2894 13.8
    endloop
  endfacet
  facet normal -0.600658 0.37348 0.70691
    outer loop
      vertex 13.865 39.4447 13.3
      vertex 13.2776 38.5 13.3
      vertex 13.7106 38.25 13.8
    endloop
  endfacet
  facet normal -0.411937 -0.574903 0.706961
    outer loop
      vertex 18.8331 16.2808 13.8
      vertex 17.9554 16.9097 13.8
      vertex 18.5553 15.865 13.3
    endloop
  endfacet
  facet normal 0.516205 -0.483525 0.70692
    outer loop
      vertex 40.4054 19.1208 13.8
      vertex 40.0208 17.9792 13.3
      vertex 40.7813 18.7911 13.3
    endloop
  endfacet
  facet normal -0.623776 -0.33344 0.70691
    outer loop
      vertex 13.7106 21.75 13.8
      vertex 13.2016 22.7022 13.8
      vertex 13.2776 21.5 13.3
    endloop
  endfacet
  facet normal -0.600658 -0.37348 0.70691
    outer loop
      vertex 13.7106 21.75 13.8
      vertex 13.2776 21.5 13.3
      vertex 13.865 20.5553 13.3
    endloop
  endfacet
  facet normal 0.483525 -0.516205 0.70692
    outer loop
      vertex 40.0208 17.9792 13.3
      vertex 38.8792 17.5946 13.8
      vertex 39.2089 17.2187 13.3
    endloop
  endfacet
  facet normal 0.623776 -0.33344 0.70691
    outer loop
      vertex 42.7984 22.7022 13.8
      vertex 42.2894 21.75 13.8
      vertex 42.7224 21.5 13.3
    endloop
  endfacet
  facet normal -0.373493 -0.600589 0.706962
    outer loop
      vertex 18.8331 16.2808 13.8
      vertex 18.5553 15.865 13.3
      vertex 19.75 15.7106 13.8
    endloop
  endfacet
  facet normal -0.483526 -0.516281 0.706864
    outer loop
      vertex 16.3327 18.3327 13.8
      vertex 15.9792 17.9792 13.3
      vertex 17.1208 17.5946 13.8
    endloop
  endfacet
  facet normal -0.600589 -0.373493 0.706962
    outer loop
      vertex 14.2808 20.8331 13.8
      vertex 13.7106 21.75 13.8
      vertex 13.865 20.5553 13.3
    endloop
  endfacet
  facet normal 0.249127 0.662056 0.706836
    outer loop
      vertex 33.5 46.0844 13.3
      vertex 33.5 45.6377 13.7184
      vertex 34.5056 45.706 13.3
    endloop
  endfacet
  facet normal -0.373493 0.600589 0.706962
    outer loop
      vertex 19.75 44.2894 13.8
      vertex 18.5553 44.135 13.3
      vertex 18.8331 43.7192 13.8
    endloop
  endfacet
  facet normal 0.600658 0.37348 0.70691
    outer loop
      vertex 42.7224 38.5 13.3
      vertex 42.135 39.4447 13.3
      vertex 42.2894 38.25 13.8
    endloop
  endfacet
  facet normal 0.516205 0.483525 0.70692
    outer loop
      vertex 40.7813 41.2089 13.3
      vertex 40.0208 42.0208 13.3
      vertex 40.4054 40.8792 13.8
    endloop
  endfacet
  facet normal -0.33343 -0.623815 0.70688
    outer loop
      vertex 20.7022 15.2016 13.8
      vertex 19.5 15.2776 13.3
      vertex 20.4811 14.7532 13.3
    endloop
  endfacet
  facet normal -0.291963 -0.644264 0.706882
    outer loop
      vertex 20.7022 15.2016 13.8
      vertex 20.4811 14.7532 13.3
      vertex 21.4944 14.294 13.3
    endloop
  endfacet
  facet normal -0.448687 -0.546791 0.706895
    outer loop
      vertex 17.9554 16.9097 13.8
      vertex 16.7911 17.2187 13.3
      vertex 17.6511 16.513 13.3
    endloop
  endfacet
  facet normal -0.41202 -0.574921 0.706898
    outer loop
      vertex 17.9554 16.9097 13.8
      vertex 17.6511 16.513 13.3
      vertex 18.5553 15.865 13.3
    endloop
  endfacet
  facet normal -0.516281 -0.483526 0.706864
    outer loop
      vertex 16.3327 18.3327 13.8
      vertex 15.5946 19.1208 13.8
      vertex 15.9792 17.9792 13.3
    endloop
  endfacet
  facet normal -0.623776 0.33344 0.70691
    outer loop
      vertex 13.2776 38.5 13.3
      vertex 13.2016 37.2978 13.8
      vertex 13.7106 38.25 13.8
    endloop
  endfacet
  facet normal -0.600589 0.373493 0.706962
    outer loop
      vertex 13.865 39.4447 13.3
      vertex 13.7106 38.25 13.8
      vertex 14.2808 39.1669 13.8
    endloop
  endfacet
  facet normal 0.574921 -0.41202 0.706898
    outer loop
      vertex 42.135 20.5553 13.3
      vertex 41.0903 19.9554 13.8
      vertex 41.487 19.6511 13.3
    endloop
  endfacet
  facet normal 0.574903 0.411937 0.706961
    outer loop
      vertex 42.135 39.4447 13.3
      vertex 41.0903 40.0446 13.8
      vertex 41.7192 39.1669 13.8
    endloop
  endfacet
  facet normal 0.516281 0.483526 0.706864
    outer loop
      vertex 40.0208 42.0208 13.3
      vertex 39.6673 41.6673 13.8
      vertex 40.4054 40.8792 13.8
    endloop
  endfacet
  facet normal 0.483526 -0.516281 0.706864
    outer loop
      vertex 39.6673 18.3327 13.8
      vertex 38.8792 17.5946 13.8
      vertex 40.0208 17.9792 13.3
    endloop
  endfacet
  facet normal 0.448687 -0.546791 0.706895
    outer loop
      vertex 39.2089 17.2187 13.3
      vertex 38.0446 16.9097 13.8
      vertex 38.3489 16.513 13.3
    endloop
  endfacet
  facet normal 0.373493 -0.600589 0.706962
    outer loop
      vertex 37.1669 16.2808 13.8
      vertex 36.25 15.7106 13.8
      vertex 37.4447 15.865 13.3
    endloop
  endfacet
  facet normal -0.249076 0.661738 0.707152
    outer loop
      vertex 22.5 45.6377 13.7184
      vertex 21.6857 45.244 13.8
      vertex 22.5 45.5505 13.8
    endloop
  endfacet
  facet normal -0.249183 0.661916 0.706948
    outer loop
      vertex 21.6857 45.244 13.8
      vertex 22.5 45.6377 13.7184
      vertex 21.4944 45.706 13.3
    endloop
  endfacet
  facet normal -0.37348 0.600658 0.70691
    outer loop
      vertex 19.5 44.7224 13.3
      vertex 18.5553 44.135 13.3
      vertex 19.75 44.2894 13.8
    endloop
  endfacet
  facet normal 0.600589 -0.373493 0.706962
    outer loop
      vertex 42.2894 21.75 13.8
      vertex 41.7192 20.8331 13.8
      vertex 42.135 20.5553 13.3
    endloop
  endfacet
  facet normal 0.623776 0.33344 0.70691
    outer loop
      vertex 42.7224 38.5 13.3
      vertex 42.2894 38.25 13.8
      vertex 42.7984 37.2978 13.8
    endloop
  endfacet
  facet normal 0.291963 -0.644264 0.706882
    outer loop
      vertex 35.2978 15.2016 13.8
      vertex 34.5056 14.294 13.3
      vertex 35.5189 14.7532 13.3
    endloop
  endfacet
  facet normal 0.33344 -0.623776 0.70691
    outer loop
      vertex 36.25 15.7106 13.8
      vertex 35.2978 15.2016 13.8
      vertex 36.5 15.2776 13.3
    endloop
  endfacet
  facet normal 0.546759 -0.448688 0.706918
    outer loop
      vertex 41.0903 19.9554 13.8
      vertex 40.4054 19.1208 13.8
      vertex 40.7813 18.7911 13.3
    endloop
  endfacet
  facet normal 0.33343 -0.623815 0.70688
    outer loop
      vertex 36.5 15.2776 13.3
      vertex 35.2978 15.2016 13.8
      vertex 35.5189 14.7532 13.3
    endloop
  endfacet
  facet normal 0.249183 0.661916 0.706948
    outer loop
      vertex 33.5 45.6377 13.7184
      vertex 34.3143 45.244 13.8
      vertex 34.5056 45.706 13.3
    endloop
  endfacet
  facet normal 0.249076 0.661738 0.707152
    outer loop
      vertex 34.3143 45.244 13.8
      vertex 33.5 45.6377 13.7184
      vertex 33.5 45.5505 13.8
    endloop
  endfacet
  facet normal 0.41202 0.574921 0.706898
    outer loop
      vertex 38.3489 43.487 13.3
      vertex 37.4447 44.135 13.3
      vertex 38.0446 43.0903 13.8
    endloop
  endfacet
  facet normal 0.291885 -0.64423 0.706944
    outer loop
      vertex 35.2978 15.2016 13.8
      vertex 34.3143 14.756 13.8
      vertex 34.5056 14.294 13.3
    endloop
  endfacet
  facet normal 0.411937 -0.574903 0.706961
    outer loop
      vertex 38.0446 16.9097 13.8
      vertex 37.1669 16.2808 13.8
      vertex 37.4447 15.865 13.3
    endloop
  endfacet
  facet normal 0.448688 -0.546759 0.706918
    outer loop
      vertex 38.8792 17.5946 13.8
      vertex 38.0446 16.9097 13.8
      vertex 39.2089 17.2187 13.3
    endloop
  endfacet
  facet normal -0.448688 0.546759 0.706918
    outer loop
      vertex 17.9554 43.0903 13.8
      vertex 16.7911 42.7813 13.3
      vertex 17.1208 42.4054 13.8
    endloop
  endfacet
  facet normal 0.41202 -0.574921 0.706898
    outer loop
      vertex 38.0446 16.9097 13.8
      vertex 37.4447 15.865 13.3
      vertex 38.3489 16.513 13.3
    endloop
  endfacet
  facet normal -0.33344 0.623776 0.70691
    outer loop
      vertex 20.7022 44.7984 13.8
      vertex 19.5 44.7224 13.3
      vertex 19.75 44.2894 13.8
    endloop
  endfacet
  facet normal -0.448687 0.546791 0.706895
    outer loop
      vertex 17.6511 43.487 13.3
      vertex 16.7911 42.7813 13.3
      vertex 17.9554 43.0903 13.8
    endloop
  endfacet
  facet normal -0.291963 0.644264 0.706882
    outer loop
      vertex 21.4944 45.706 13.3
      vertex 20.4811 45.2468 13.3
      vertex 20.7022 44.7984 13.8
    endloop
  endfacet
  facet normal -0.483526 0.516281 0.706864
    outer loop
      vertex 17.1208 42.4054 13.8
      vertex 15.9792 42.0208 13.3
      vertex 16.3327 41.6673 13.8
    endloop
  endfacet
  facet normal -0.574903 0.411937 0.706961
    outer loop
      vertex 14.9097 40.0446 13.8
      vertex 13.865 39.4447 13.3
      vertex 14.2808 39.1669 13.8
    endloop
  endfacet
  facet normal 0.373493 0.600589 0.706962
    outer loop
      vertex 37.4447 44.135 13.3
      vertex 36.25 44.2894 13.8
      vertex 37.1669 43.7192 13.8
    endloop
  endfacet
  facet normal -0.41202 0.574921 0.706898
    outer loop
      vertex 18.5553 44.135 13.3
      vertex 17.6511 43.487 13.3
      vertex 17.9554 43.0903 13.8
    endloop
  endfacet
  facet normal -0.411937 0.574903 0.706961
    outer loop
      vertex 18.5553 44.135 13.3
      vertex 17.9554 43.0903 13.8
      vertex 18.8331 43.7192 13.8
    endloop
  endfacet
  facet normal -0.546759 0.448688 0.706918
    outer loop
      vertex 15.2187 41.2089 13.3
      vertex 14.9097 40.0446 13.8
      vertex 15.5946 40.8792 13.8
    endloop
  endfacet
  facet normal -0.546791 0.448687 0.706895
    outer loop
      vertex 15.2187 41.2089 13.3
      vertex 14.513 40.3489 13.3
      vertex 14.9097 40.0446 13.8
    endloop
  endfacet
  facet normal -0.574921 0.41202 0.706898
    outer loop
      vertex 14.513 40.3489 13.3
      vertex 13.865 39.4447 13.3
      vertex 14.9097 40.0446 13.8
    endloop
  endfacet
  facet normal -1 0 0
    outer loop
      vertex 31.3 34.9098 0.770489
      vertex 31.3 35.3 7
      vertex 31.3 35.3 0.514591
    endloop
  endfacet
  facet normal -1 0 0
    outer loop
      vertex 31.3 25.0902 0.770489
      vertex 31.3 35.3 7
      vertex 31.3 34.9098 0.770489
    endloop
  endfacet
  facet normal -1 0 0
    outer loop
      vertex 31.3 25.0902 0.770489
      vertex 31.3 24.7 7
      vertex 31.3 35.3 7
    endloop
  endfacet
  facet normal -1 0 0
    outer loop
      vertex 31.3 24.7 7
      vertex 31.3 25.0902 0.770489
      vertex 31.3 24.7 0.514591
    endloop
  endfacet
  facet normal 1 0 0
    outer loop
      vertex 24.7 35.3 7
      vertex 24.7 34.9098 0.770489
      vertex 24.7 35.3 0.514591
    endloop
  endfacet
  facet normal 1 0 0
    outer loop
      vertex 24.7 35.3 7
      vertex 24.7 25.0902 0.770489
      vertex 24.7 34.9098 0.770489
    endloop
  endfacet
  facet normal 1 -0 0
    outer loop
      vertex 24.7 24.7 7
      vertex 24.7 25.0902 0.770489
      vertex 24.7 35.3 7
    endloop
  endfacet
  facet normal 1 0 0
    outer loop
      vertex 24.7 25.0902 0.770489
      vertex 24.7 24.7 7
      vertex 24.7 24.7 0.514591
    endloop
  endfacet
  facet normal 0 1 -0
    outer loop
      vertex 31.3 24.7 0.514591
      vertex 24.7 24.7 7
      vertex 31.3 24.7 7
    endloop
  endfacet
  facet normal 0 1 0
    outer loop
      vertex 24.7 24.7 7
      vertex 31.3 24.7 0.514591
      vertex 24.7 24.7 0.514591
    endloop
  endfacet
  facet normal 0 -1 0
    outer loop
      vertex 24.7 35.3 0.514591
      vertex 31.3 35.3 7
      vertex 24.7 35.3 7
    endloop
  endfacet
  facet normal 0 -1 -0
    outer loop
      vertex 31.3 35.3 7
      vertex 24.7 35.3 0.514591
      vertex 31.3 35.3 0.514591
    endloop
  endfacet
  facet normal 0 0 1
    outer loop
      vertex 33.89 36.6 7
      vertex 31.3 35.3 7
      vertex 33.89 23.4 7
    endloop
  endfacet
  facet normal 0 0 1
    outer loop
      vertex 33.89 36.6 7
      vertex 24.7 35.3 7
      vertex 31.3 35.3 7
    endloop
  endfacet
  facet normal 0 0 1
    outer loop
      vertex 24.7 35.3 7
      vertex 22.11 36.6 7
      vertex 24.7 24.7 7
    endloop
  endfacet
  facet normal -0 0 1
    outer loop
      vertex 22.11 36.6 7
      vertex 24.7 35.3 7
      vertex 33.89 36.6 7
    endloop
  endfacet
  facet normal -0 0 1
    outer loop
      vertex 31.3 24.7 7
      vertex 33.89 23.4 7
      vertex 31.3 35.3 7
    endloop
  endfacet
  facet normal -0 0 1
    outer loop
      vertex 24.7 24.7 7
      vertex 33.89 23.4 7
      vertex 31.3 24.7 7
    endloop
  endfacet
  facet normal 0 0 1
    outer loop
      vertex 24.7 24.7 7
      vertex 22.11 23.4 7
      vertex 33.89 23.4 7
    endloop
  endfacet
  facet normal 0 0 1
    outer loop
      vertex 22.11 23.4 7
      vertex 24.7 24.7 7
      vertex 22.11 36.6 7
    endloop
  endfacet
  facet normal -1 0 0
    outer loop
      vertex 25.7 20.4 10.4
      vertex 25.7 13.8 12.6
      vertex 25.7 20.4 12.6
    endloop
  endfacet
  facet normal -1 0 0
    outer loop
      vertex 25.7 13.2 10.4
      vertex 25.7 13.8 12.6
      vertex 25.7 20.4 10.4
    endloop
  endfacet
  facet normal -1 0 0
    outer loop
      vertex 25.7 13.2 13.5
      vertex 25.7 13.8 12.6
      vertex 25.7 13.2 10.4
    endloop
  endfacet
  facet normal -1 0 0
    outer loop
      vertex 25.7 13.8 12.6
      vertex 25.7 13.2 13.5
      vertex 25.7 13.8 13.5
    endloop
  endfacet
  facet normal -0 0 1
    outer loop
      vertex 25.7 20.4 12.6
      vertex 30.3 13.8 12.6
      vertex 30.3 20.4 12.6
    endloop
  endfacet
  facet normal 0 0 1
    outer loop
      vertex 30.3 13.8 12.6
      vertex 25.7 20.4 12.6
      vertex 25.7 13.8 12.6
    endloop
  endfacet
  facet normal 0.707107 0 -0.707107
    outer loop
      vertex 30.3 13.2 10.4
      vertex 28 20.4 8.1
      vertex 30.3 20.4 10.4
    endloop
  endfacet
  facet normal 0.707107 0 -0.707107
    outer loop
      vertex 28 20.4 8.1
      vertex 30.3 13.2 10.4
      vertex 28 13.2 8.1
    endloop
  endfacet
  facet normal 1 0 0
    outer loop
      vertex 30.3 13.8 13.5
      vertex 30.3 13.2 13.5
      vertex 30.3 13.8 12.6
    endloop
  endfacet
  facet normal 1 -0 0
    outer loop
      vertex 30.3 13.8 12.6
      vertex 30.3 20.4 10.4
      vertex 30.3 20.4 12.6
    endloop
  endfacet
  facet normal 1 0 0
    outer loop
      vertex 30.3 13.8 12.6
      vertex 30.3 13.2 10.4
      vertex 30.3 20.4 10.4
    endloop
  endfacet
  facet normal 1 0 0
    outer loop
      vertex 30.3 13.2 10.4
      vertex 30.3 13.8 12.6
      vertex 30.3 13.2 13.5
    endloop
  endfacet
  facet normal -0.707107 0 -0.707107
    outer loop
      vertex 28 13.2 8.1
      vertex 25.7 20.4 10.4
      vertex 28 20.4 8.1
    endloop
  endfacet
  facet normal -0.707107 -0 -0.707107
    outer loop
      vertex 25.7 20.4 10.4
      vertex 28 13.2 8.1
      vertex 25.7 13.2 10.4
    endloop
  endfacet
  facet normal 0 1 -0
    outer loop
      vertex 30.3 13.8 12.6
      vertex 25.7 13.8 13.5
      vertex 30.3 13.8 13.5
    endloop
  endfacet
  facet normal 0 1 0
    outer loop
      vertex 25.7 13.8 13.5
      vertex 30.3 13.8 12.6
      vertex 25.7 13.8 12.6
    endloop
  endfacet
  facet normal -0 0 1
    outer loop
      vertex 25.7 13.8 13.5
      vertex 30.3 13.2 13.5
      vertex 30.3 13.8 13.5
    endloop
  endfacet
  facet normal 0 0 1
    outer loop
      vertex 30.3 13.2 13.5
      vertex 25.7 13.8 13.5
      vertex 25.7 13.2 13.5
    endloop
  endfacet
  facet normal 0 -1 0
    outer loop
      vertex 25.7 13.2 10.4
      vertex 30.3 13.2 13.5
      vertex 25.7 13.2 13.5
    endloop
  endfacet
  facet normal 0 -1 0
    outer loop
      vertex 25.7 13.2 10.4
      vertex 30.3 13.2 10.4
      vertex 30.3 13.2 13.5
    endloop
  endfacet
  facet normal -0 -1 0
    outer loop
      vertex 30.3 13.2 10.4
      vertex 25.7 13.2 10.4
      vertex 28 13.2 8.1
    endloop
  endfacet
  facet normal 0 1 0
    outer loop
      vertex 37.6 27.2 8.00546
      vertex 37.6 27.2 6.60547
      vertex 35.65 27.2 6.70765
    endloop
  endfacet
  facet normal 0 1 0
    outer loop
      vertex 35.65 27.2 6.70765
      vertex 36.6 27.2 9.00546
      vertex 37.6 27.2 8.00546
    endloop
  endfacet
  facet normal 0 1 0
    outer loop
      vertex 36.6 27.2 9.00546
      vertex 35.65 27.2 6.70765
      vertex 33.9 27.2 9.00546
    endloop
  endfacet
  facet normal 0 1 0
    outer loop
      vertex 33.9 27.2 1.6
      vertex 35.65 27.2 6.70765
      vertex 35.65 27.2 1.6
    endloop
  endfacet
  facet normal 0 1 0
    outer loop
      vertex 35.65 27.2 6.70765
      vertex 33.9 27.2 1.6
      vertex 33.9 27.2 9.00546
    endloop
  endfacet
  facet normal 0 -1 0
    outer loop
      vertex 35.65 24 6.70765
      vertex 36.6 24 9.00546
      vertex 33.9 24 9.00546
    endloop
  endfacet
  facet normal 0 -1 -0
    outer loop
      vertex 36.6 24 9.00546
      vertex 35.65 24 6.70765
      vertex 37.6 24 8.00546
    endloop
  endfacet
  facet normal 0 -1 0
    outer loop
      vertex 33.9 24 1.6
      vertex 35.65 24 6.70765
      vertex 33.9 24 9.00546
    endloop
  endfacet
  facet normal 0 -1 -0
    outer loop
      vertex 35.65 24 6.70765
      vertex 33.9 24 1.6
      vertex 35.65 24 1.6
    endloop
  endfacet
  facet normal 0 -1 -0
    outer loop
      vertex 37.6 24 8.00546
      vertex 35.65 24 6.70765
      vertex 37.6 24 6.60547
    endloop
  endfacet
  facet normal 1 -0 0
    outer loop
      vertex 37.6 24 8.00546
      vertex 37.6 27.2 6.60547
      vertex 37.6 27.2 8.00546
    endloop
  endfacet
  facet normal 1 0 0
    outer loop
      vertex 37.6 27.2 6.60547
      vertex 37.6 24 8.00546
      vertex 37.6 24 6.60547
    endloop
  endfacet
  facet normal -0.0523282 0 -0.99863
    outer loop
      vertex 35.65 24 6.70765
      vertex 37.6 27.2 6.60547
      vertex 37.6 24 6.60547
    endloop
  endfacet
  facet normal -0.0523282 0 -0.99863
    outer loop
      vertex 37.6 27.2 6.60547
      vertex 35.65 24 6.70765
      vertex 35.65 27.2 6.70765
    endloop
  endfacet
  facet normal 1 -0 0
    outer loop
      vertex 35.65 24 6.70765
      vertex 35.65 27.2 1.6
      vertex 35.65 27.2 6.70765
    endloop
  endfacet
  facet normal 1 0 0
    outer loop
      vertex 35.65 27.2 1.6
      vertex 35.65 24 6.70765
      vertex 35.65 24 1.6
    endloop
  endfacet
  facet normal -1 0 0
    outer loop
      vertex 33.9 24 1.6
      vertex 33.9 27.2 9.00546
      vertex 33.9 27.2 1.6
    endloop
  endfacet
  facet normal -1 -0 0
    outer loop
      vertex 33.9 27.2 9.00546
      vertex 33.9 24 1.6
      vertex 33.9 24 9.00546
    endloop
  endfacet
  facet normal -0 0 1
    outer loop
      vertex 33.9 27.2 9.00546
      vertex 36.6 24 9.00546
      vertex 36.6 27.2 9.00546
    endloop
  endfacet
  facet normal 0 0 1
    outer loop
      vertex 36.6 24 9.00546
      vertex 33.9 27.2 9.00546
      vertex 33.9 24 9.00546
    endloop
  endfacet
  facet normal 0.707107 -0 0.707107
    outer loop
      vertex 36.6 24 9.00546
      vertex 37.6 27.2 8.00546
      vertex 36.6 27.2 9.00546
    endloop
  endfacet
  facet normal 0.707107 0 0.707107
    outer loop
      vertex 37.6 27.2 8.00546
      vertex 36.6 24 9.00546
      vertex 37.6 24 8.00546
    endloop
  endfacet
  facet normal -1 0 0
    outer loop
      vertex 25.7 46.8 10.4
      vertex 25.7 46.2 12.6
      vertex 25.7 46.8 13.5
    endloop
  endfacet
  facet normal -1 0 0
    outer loop
      vertex 25.7 39.6 10.4
      vertex 25.7 46.2 12.6
      vertex 25.7 46.8 10.4
    endloop
  endfacet
  facet normal -1 -0 0
    outer loop
      vertex 25.7 46.2 12.6
      vertex 25.7 39.6 10.4
      vertex 25.7 39.6 12.6
    endloop
  endfacet
  facet normal -1 -0 0
    outer loop
      vertex 25.7 46.8 13.5
      vertex 25.7 46.2 12.6
      vertex 25.7 46.2 13.5
    endloop
  endfacet
  facet normal -0 0 1
    outer loop
      vertex 25.7 46.2 12.6
      vertex 30.3 39.6 12.6
      vertex 30.3 46.2 12.6
    endloop
  endfacet
  facet normal 0 0 1
    outer loop
      vertex 30.3 39.6 12.6
      vertex 25.7 46.2 12.6
      vertex 25.7 39.6 12.6
    endloop
  endfacet
  facet normal 0.707107 0 -0.707107
    outer loop
      vertex 30.3 39.6 10.4
      vertex 28 46.8 8.1
      vertex 30.3 46.8 10.4
    endloop
  endfacet
  facet normal 0.707107 0 -0.707107
    outer loop
      vertex 28 46.8 8.1
      vertex 30.3 39.6 10.4
      vertex 28 39.6 8.1
    endloop
  endfacet
  facet normal 1 0 0
    outer loop
      vertex 30.3 46.2 12.6
      vertex 30.3 46.8 13.5
      vertex 30.3 46.2 13.5
    endloop
  endfacet
  facet normal 1 0 0
    outer loop
      vertex 30.3 46.8 13.5
      vertex 30.3 46.2 12.6
      vertex 30.3 46.8 10.4
    endloop
  endfacet
  facet normal 1 0 0
    outer loop
      vertex 30.3 39.6 10.4
      vertex 30.3 46.2 12.6
      vertex 30.3 39.6 12.6
    endloop
  endfacet
  facet normal 1 0 0
    outer loop
      vertex 30.3 46.2 12.6
      vertex 30.3 39.6 10.4
      vertex 30.3 46.8 10.4
    endloop
  endfacet
  facet normal -0.707107 0 -0.707107
    outer loop
      vertex 28 39.6 8.1
      vertex 25.7 46.8 10.4
      vertex 28 46.8 8.1
    endloop
  endfacet
  facet normal -0.707107 -0 -0.707107
    outer loop
      vertex 25.7 46.8 10.4
      vertex 28 39.6 8.1
      vertex 25.7 39.6 10.4
    endloop
  endfacet
  facet normal 0 -1 0
    outer loop
      vertex 25.7 46.2 12.6
      vertex 30.3 46.2 13.5
      vertex 25.7 46.2 13.5
    endloop
  endfacet
  facet normal 0 -1 -0
    outer loop
      vertex 30.3 46.2 13.5
      vertex 25.7 46.2 12.6
      vertex 30.3 46.2 12.6
    endloop
  endfacet
  facet normal -0 0 1
    outer loop
      vertex 25.7 46.8 13.5
      vertex 30.3 46.2 13.5
      vertex 30.3 46.8 13.5
    endloop
  endfacet
  facet normal 0 0 1
    outer loop
      vertex 30.3 46.2 13.5
      vertex 25.7 46.8 13.5
      vertex 25.7 46.2 13.5
    endloop
  endfacet
  facet normal 0 1 -0
    outer loop
      vertex 30.3 46.8 10.4
      vertex 25.7 46.8 13.5
      vertex 30.3 46.8 13.5
    endloop
  endfacet
  facet normal 0 1 0
    outer loop
      vertex 30.3 46.8 10.4
      vertex 25.7 46.8 10.4
      vertex 25.7 46.8 13.5
    endloop
  endfacet
  facet normal -0 1 0
    outer loop
      vertex 25.7 46.8 10.4
      vertex 30.3 46.8 10.4
      vertex 28 46.8 8.1
    endloop
  endfacet
  facet normal 0 -1 0
    outer loop
      vertex 35.65 32.8 6.70765
      vertex 36.6 32.8 9.00546
      vertex 33.9 32.8 9.00546
    endloop
  endfacet
  facet normal 0 -1 -0
    outer loop
      vertex 36.6 32.8 9.00546
      vertex 35.65 32.8 6.70765
      vertex 37.6 32.8 8.00546
    endloop
  endfacet
  facet normal 0 -1 0
    outer loop
      vertex 33.9 32.8 1.6
      vertex 35.65 32.8 6.70765
      vertex 33.9 32.8 9.00546
    endloop
  endfacet
  facet normal 0 -1 -0
    outer loop
      vertex 35.65 32.8 6.70765
      vertex 33.9 32.8 1.6
      vertex 35.65 32.8 1.6
    endloop
  endfacet
  facet normal 0 -1 -0
    outer loop
      vertex 37.6 32.8 8.00546
      vertex 35.65 32.8 6.70765
      vertex 37.6 32.8 6.60547
    endloop
  endfacet
  facet normal 0 1 0
    outer loop
      vertex 37.6 36 8.00546
      vertex 37.6 36 6.60547
      vertex 35.65 36 6.70765
    endloop
  endfacet
  facet normal 0 1 0
    outer loop
      vertex 35.65 36 6.70765
      vertex 36.6 36 9.00546
      vertex 37.6 36 8.00546
    endloop
  endfacet
  facet normal 0 1 0
    outer loop
      vertex 36.6 36 9.00546
      vertex 35.65 36 6.70765
      vertex 33.9 36 9.00546
    endloop
  endfacet
  facet normal 0 1 0
    outer loop
      vertex 33.9 36 1.6
      vertex 35.65 36 6.70765
      vertex 35.65 36 1.6
    endloop
  endfacet
  facet normal 0 1 0
    outer loop
      vertex 35.65 36 6.70765
      vertex 33.9 36 1.6
      vertex 33.9 36 9.00546
    endloop
  endfacet
  facet normal 1 -0 0
    outer loop
      vertex 37.6 32.8 8.00546
      vertex 37.6 36 6.60547
      vertex 37.6 36 8.00546
    endloop
  endfacet
  facet normal 1 0 0
    outer loop
      vertex 37.6 36 6.60547
      vertex 37.6 32.8 8.00546
      vertex 37.6 32.8 6.60547
    endloop
  endfacet
  facet normal -0.0523282 0 -0.99863
    outer loop
      vertex 35.65 32.8 6.70765
      vertex 37.6 36 6.60547
      vertex 37.6 32.8 6.60547
    endloop
  endfacet
  facet normal -0.0523282 0 -0.99863
    outer loop
      vertex 37.6 36 6.60547
      vertex 35.65 32.8 6.70765
      vertex 35.65 36 6.70765
    endloop
  endfacet
  facet normal 1 -0 0
    outer loop
      vertex 35.65 32.8 6.70765
      vertex 35.65 36 1.6
      vertex 35.65 36 6.70765
    endloop
  endfacet
  facet normal 1 0 0
    outer loop
      vertex 35.65 36 1.6
      vertex 35.65 32.8 6.70765
      vertex 35.65 32.8 1.6
    endloop
  endfacet
  facet normal -1 0 0
    outer loop
      vertex 33.9 32.8 1.6
      vertex 33.9 36 9.00546
      vertex 33.9 36 1.6
    endloop
  endfacet
  facet normal -1 -0 0
    outer loop
      vertex 33.9 36 9.00546
      vertex 33.9 32.8 1.6
      vertex 33.9 32.8 9.00546
    endloop
  endfacet
  facet normal -0 0 1
    outer loop
      vertex 33.9 36 9.00546
      vertex 36.6 32.8 9.00546
      vertex 36.6 36 9.00546
    endloop
  endfacet
  facet normal 0 0 1
    outer loop
      vertex 36.6 32.8 9.00546
      vertex 33.9 36 9.00546
      vertex 33.9 32.8 9.00546
    endloop
  endfacet
  facet normal 0.707107 -0 0.707107
    outer loop
      vertex 36.6 32.8 9.00546
      vertex 37.6 36 8.00546
      vertex 36.6 36 9.00546
    endloop
  endfacet
  facet normal 0.707107 0 0.707107
    outer loop
      vertex 37.6 36 8.00546
      vertex 36.6 32.8 9.00546
      vertex 37.6 32.8 8.00546
    endloop
  endfacet
  facet normal -0.956916 0 -0.290366
    outer loop
      vertex 34.799 -48 0.552511
      vertex 34.725 -35.6 0.796382
      vertex 34.799 -35.6 0.552511
    endloop
  endfacet
  facet normal -0.956916 -0 -0.290366
    outer loop
      vertex 34.725 -35.6 0.796382
      vertex 34.799 -48 0.552511
      vertex 34.725 -48 0.796382
    endloop
  endfacet
  facet normal 0.290262 0 0.956947
    outer loop
      vertex 36.2536 -35.6 2.32502
      vertex 36.4975 -48 2.25104
      vertex 36.4975 -35.6 2.25104
    endloop
  endfacet
  facet normal 0.290262 0 0.956947
    outer loop
      vertex 36.4975 -48 2.25104
      vertex 36.2536 -35.6 2.32502
      vertex 36.2536 -48 2.32502
    endloop
  endfacet
  facet normal 0.77296 -0 0.634455
    outer loop
      vertex 36.9192 -48 1.96924
      vertex 37.0809 -35.6 1.77224
      vertex 36.9192 -35.6 1.96924
    endloop
  endfacet
  facet normal 0.77296 0 0.634455
    outer loop
      vertex 37.0809 -35.6 1.77224
      vertex 36.9192 -48 1.96924
      vertex 37.0809 -48 1.77224
    endloop
  endfacet
  facet normal 0 -1 0
    outer loop
      vertex 35.7464 -48 2.32502
      vertex 36.2536 -48 2.32502
      vertex 36 -48 2.35
    endloop
  endfacet
  facet normal 0 -1 0
    outer loop
      vertex 35.5025 -48 2.25104
      vertex 36.2536 -48 2.32502
      vertex 35.7464 -48 2.32502
    endloop
  endfacet
  facet normal 0 -1 0
    outer loop
      vertex 35.5025 -48 2.25104
      vertex 36.4975 -48 2.25104
      vertex 36.2536 -48 2.32502
    endloop
  endfacet
  facet normal 0 -1 0
    outer loop
      vertex 35.2778 -48 2.13091
      vertex 36.4975 -48 2.25104
      vertex 35.5025 -48 2.25104
    endloop
  endfacet
  facet normal 0 -1 0
    outer loop
      vertex 35.2778 -48 2.13091
      vertex 36.7222 -48 2.13091
      vertex 36.4975 -48 2.25104
    endloop
  endfacet
  facet normal 0 -1 0
    outer loop
      vertex 35.0808 -48 1.96924
      vertex 36.7222 -48 2.13091
      vertex 35.2778 -48 2.13091
    endloop
  endfacet
  facet normal 0 -1 0
    outer loop
      vertex 35.0808 -48 1.96924
      vertex 36.9192 -48 1.96924
      vertex 36.7222 -48 2.13091
    endloop
  endfacet
  facet normal 0 -1 0
    outer loop
      vertex 34.9191 -48 1.77224
      vertex 36.9192 -48 1.96924
      vertex 35.0808 -48 1.96924
    endloop
  endfacet
  facet normal 0 -1 0
    outer loop
      vertex 34.9191 -48 1.77224
      vertex 37.0809 -48 1.77224
      vertex 36.9192 -48 1.96924
    endloop
  endfacet
  facet normal 0 -1 0
    outer loop
      vertex 34.799 -48 1.54749
      vertex 37.0809 -48 1.77224
      vertex 34.9191 -48 1.77224
    endloop
  endfacet
  facet normal 0 -1 0
    outer loop
      vertex 34.799 -48 1.54749
      vertex 37.201 -48 1.54749
      vertex 37.0809 -48 1.77224
    endloop
  endfacet
  facet normal 0 -1 0
    outer loop
      vertex 34.725 -48 1.30362
      vertex 37.201 -48 1.54749
      vertex 34.799 -48 1.54749
    endloop
  endfacet
  facet normal 0 -1 0
    outer loop
      vertex 34.725 -48 1.30362
      vertex 37.275 -48 1.30362
      vertex 37.201 -48 1.54749
    endloop
  endfacet
  facet normal 0 -1 0
    outer loop
      vertex 34.7 -48 1.05
      vertex 37.275 -48 1.30362
      vertex 34.725 -48 1.30362
    endloop
  endfacet
  facet normal 0 -1 0
    outer loop
      vertex 34.7 -48 1.05
      vertex 37.3 -48 1.05
      vertex 37.275 -48 1.30362
    endloop
  endfacet
  facet normal 0 -1 0
    outer loop
      vertex 34.725 -48 0.796382
      vertex 37.3 -48 1.05
      vertex 34.7 -48 1.05
    endloop
  endfacet
  facet normal 0 -1 0
    outer loop
      vertex 34.725 -48 0.796382
      vertex 37.275 -48 0.796382
      vertex 37.3 -48 1.05
    endloop
  endfacet
  facet normal 0 -1 0
    outer loop
      vertex 34.799 -48 0.552511
      vertex 37.275 -48 0.796382
      vertex 34.725 -48 0.796382
    endloop
  endfacet
  facet normal 0 -1 0
    outer loop
      vertex 34.799 -48 0.552511
      vertex 37.201 -48 0.552511
      vertex 37.275 -48 0.796382
    endloop
  endfacet
  facet normal 0 -1 0
    outer loop
      vertex 34.9191 -48 0.327758
      vertex 37.201 -48 0.552511
      vertex 34.799 -48 0.552511
    endloop
  endfacet
  facet normal 0 -1 0
    outer loop
      vertex 34.9191 -48 0.327758
      vertex 37.0809 -48 0.327758
      vertex 37.201 -48 0.552511
    endloop
  endfacet
  facet normal 0 -1 0
    outer loop
      vertex 35.2401 -48 0
      vertex 34.9191 -48 0.327758
      vertex 35.0808 -48 0.130761
    endloop
  endfacet
  facet normal 0 -1 0
    outer loop
      vertex 34.9191 -48 0.327758
      vertex 35.2401 -48 0
      vertex 37.0809 -48 0.327758
    endloop
  endfacet
  facet normal 0 -1 0
    outer loop
      vertex 36.7599 -48 0
      vertex 37.0809 -48 0.327758
      vertex 35.2401 -48 0
    endloop
  endfacet
  facet normal 0 -1 0
    outer loop
      vertex 37.0809 -48 0.327758
      vertex 36.7599 -48 0
      vertex 36.9192 -48 0.130761
    endloop
  endfacet
  facet normal 0.881972 -0 0.471301
    outer loop
      vertex 37.0809 -48 1.77224
      vertex 37.201 -35.6 1.54749
      vertex 37.0809 -35.6 1.77224
    endloop
  endfacet
  facet normal 0.881972 0 0.471301
    outer loop
      vertex 37.201 -35.6 1.54749
      vertex 37.0809 -48 1.77224
      vertex 37.201 -48 1.54749
    endloop
  endfacet
  facet normal -0.634471 0 -0.772947
    outer loop
      vertex 35.0808 -48 0.130761
      vertex 35.2401 -35.6 0
      vertex 35.2401 -48 0
    endloop
  endfacet
  facet normal -0.634471 0 -0.772947
    outer loop
      vertex 35.2401 -35.6 0
      vertex 35.0808 -48 0.130761
      vertex 35.0808 -35.6 0.130761
    endloop
  endfacet
  facet normal -0.77296 0 0.634455
    outer loop
      vertex 34.9191 -48 1.77224
      vertex 35.0808 -35.6 1.96924
      vertex 34.9191 -35.6 1.77224
    endloop
  endfacet
  facet normal -0.77296 0 0.634455
    outer loop
      vertex 35.0808 -35.6 1.96924
      vertex 34.9191 -48 1.77224
      vertex 35.0808 -48 1.96924
    endloop
  endfacet
  facet normal 0.634471 0 -0.772947
    outer loop
      vertex 36.7599 -48 0
      vertex 36.9192 -35.6 0.130761
      vertex 36.9192 -48 0.130761
    endloop
  endfacet
  facet normal 0.634471 0 -0.772947
    outer loop
      vertex 36.9192 -35.6 0.130761
      vertex 36.7599 -48 0
      vertex 36.7599 -35.6 0
    endloop
  endfacet
  facet normal -0.881972 0 0.471301
    outer loop
      vertex 34.799 -48 1.54749
      vertex 34.9191 -35.6 1.77224
      vertex 34.799 -35.6 1.54749
    endloop
  endfacet
  facet normal -0.881972 0 0.471301
    outer loop
      vertex 34.9191 -35.6 1.77224
      vertex 34.799 -48 1.54749
      vertex 34.9191 -48 1.77224
    endloop
  endfacet
  facet normal -0.0980272 0 0.995184
    outer loop
      vertex 35.7464 -35.6 2.32502
      vertex 36 -48 2.35
      vertex 36 -35.6 2.35
    endloop
  endfacet
  facet normal -0.0980272 0 0.995184
    outer loop
      vertex 36 -48 2.35
      vertex 35.7464 -35.6 2.32502
      vertex 35.7464 -48 2.32502
    endloop
  endfacet
  facet normal 0.881975 0 -0.471296
    outer loop
      vertex 37.201 -48 0.552511
      vertex 37.0809 -35.6 0.327758
      vertex 37.201 -35.6 0.552511
    endloop
  endfacet
  facet normal 0.881975 0 -0.471296
    outer loop
      vertex 37.0809 -35.6 0.327758
      vertex 37.201 -48 0.552511
      vertex 37.0809 -48 0.327758
    endloop
  endfacet
  facet normal -0.956915 0 0.290367
    outer loop
      vertex 34.725 -48 1.30362
      vertex 34.799 -35.6 1.54749
      vertex 34.725 -35.6 1.30362
    endloop
  endfacet
  facet normal -0.956915 0 0.290367
    outer loop
      vertex 34.799 -35.6 1.54749
      vertex 34.725 -48 1.30362
      vertex 34.799 -48 1.54749
    endloop
  endfacet
  facet normal 0.772955 0 -0.634461
    outer loop
      vertex 37.0809 -48 0.327758
      vertex 36.9192 -35.6 0.130761
      vertex 37.0809 -35.6 0.327758
    endloop
  endfacet
  facet normal 0.772955 0 -0.634461
    outer loop
      vertex 36.9192 -35.6 0.130761
      vertex 37.0809 -48 0.327758
      vertex 36.9192 -48 0.130761
    endloop
  endfacet
  facet normal 0.471474 0 0.88188
    outer loop
      vertex 36.4975 -35.6 2.25104
      vertex 36.7222 -48 2.13091
      vertex 36.7222 -35.6 2.13091
    endloop
  endfacet
  facet normal 0.471474 0 0.88188
    outer loop
      vertex 36.7222 -48 2.13091
      vertex 36.4975 -35.6 2.25104
      vertex 36.4975 -48 2.25104
    endloop
  endfacet
  facet normal 0.956915 -0 0.290367
    outer loop
      vertex 37.201 -48 1.54749
      vertex 37.275 -35.6 1.30362
      vertex 37.201 -35.6 1.54749
    endloop
  endfacet
  facet normal 0.956915 0 0.290367
    outer loop
      vertex 37.275 -35.6 1.30362
      vertex 37.201 -48 1.54749
      vertex 37.275 -48 1.30362
    endloop
  endfacet
  facet normal -0.471474 0 0.88188
    outer loop
      vertex 35.2778 -35.6 2.13091
      vertex 35.5025 -48 2.25104
      vertex 35.5025 -35.6 2.25104
    endloop
  endfacet
  facet normal -0.471474 0 0.88188
    outer loop
      vertex 35.5025 -48 2.25104
      vertex 35.2778 -35.6 2.13091
      vertex 35.2778 -48 2.13091
    endloop
  endfacet
  facet normal 0.956916 0 -0.290366
    outer loop
      vertex 37.275 -48 0.796382
      vertex 37.201 -35.6 0.552511
      vertex 37.275 -35.6 0.796382
    endloop
  endfacet
  facet normal 0.956916 0 -0.290366
    outer loop
      vertex 37.201 -35.6 0.552511
      vertex 37.275 -48 0.796382
      vertex 37.201 -48 0.552511
    endloop
  endfacet
  facet normal -0.772955 0 -0.634461
    outer loop
      vertex 35.0808 -48 0.130761
      vertex 34.9191 -35.6 0.327758
      vertex 35.0808 -35.6 0.130761
    endloop
  endfacet
  facet normal -0.772955 -0 -0.634461
    outer loop
      vertex 34.9191 -35.6 0.327758
      vertex 35.0808 -48 0.130761
      vertex 34.9191 -48 0.327758
    endloop
  endfacet
  facet normal 0.0980272 0 0.995184
    outer loop
      vertex 36 -35.6 2.35
      vertex 36.2536 -48 2.32502
      vertex 36.2536 -35.6 2.32502
    endloop
  endfacet
  facet normal 0.0980272 0 0.995184
    outer loop
      vertex 36.2536 -48 2.32502
      vertex 36 -35.6 2.35
      vertex 36 -48 2.35
    endloop
  endfacet
  facet normal -0.881975 0 -0.471296
    outer loop
      vertex 34.9191 -48 0.327758
      vertex 34.799 -35.6 0.552511
      vertex 34.9191 -35.6 0.327758
    endloop
  endfacet
  facet normal -0.881975 -0 -0.471296
    outer loop
      vertex 34.799 -35.6 0.552511
      vertex 34.9191 -48 0.327758
      vertex 34.799 -48 0.552511
    endloop
  endfacet
  facet normal 0.634385 0 0.773018
    outer loop
      vertex 36.7222 -35.6 2.13091
      vertex 36.9192 -48 1.96924
      vertex 36.9192 -35.6 1.96924
    endloop
  endfacet
  facet normal 0.634385 0 0.773018
    outer loop
      vertex 36.9192 -48 1.96924
      vertex 36.7222 -35.6 2.13091
      vertex 36.7222 -48 2.13091
    endloop
  endfacet
  facet normal -0.290262 0 0.956947
    outer loop
      vertex 35.5025 -35.6 2.25104
      vertex 35.7464 -48 2.32502
      vertex 35.7464 -35.6 2.32502
    endloop
  endfacet
  facet normal -0.290262 0 0.956947
    outer loop
      vertex 35.7464 -48 2.32502
      vertex 35.5025 -35.6 2.25104
      vertex 35.5025 -48 2.25104
    endloop
  endfacet
  facet normal -0.995177 0 -0.098098
    outer loop
      vertex 34.725 -48 0.796382
      vertex 34.7 -35.6 1.05
      vertex 34.725 -35.6 0.796382
    endloop
  endfacet
  facet normal -0.995177 -0 -0.098098
    outer loop
      vertex 34.7 -35.6 1.05
      vertex 34.725 -48 0.796382
      vertex 34.7 -48 1.05
    endloop
  endfacet
  facet normal -0.995177 0 0.0980972
    outer loop
      vertex 34.7 -48 1.05
      vertex 34.725 -35.6 1.30362
      vertex 34.7 -35.6 1.05
    endloop
  endfacet
  facet normal -0.995177 0 0.0980972
    outer loop
      vertex 34.725 -35.6 1.30362
      vertex 34.7 -48 1.05
      vertex 34.725 -48 1.30362
    endloop
  endfacet
  facet normal 0 1 0
    outer loop
      vertex 36.2536 -35.6 2.32502
      vertex 35.7464 -35.6 2.32502
      vertex 36 -35.6 2.35
    endloop
  endfacet
  facet normal 0 1 0
    outer loop
      vertex 36.4975 -35.6 2.25104
      vertex 35.7464 -35.6 2.32502
      vertex 36.2536 -35.6 2.32502
    endloop
  endfacet
  facet normal 0 1 0
    outer loop
      vertex 36.4975 -35.6 2.25104
      vertex 35.5025 -35.6 2.25104
      vertex 35.7464 -35.6 2.32502
    endloop
  endfacet
  facet normal 0 1 0
    outer loop
      vertex 36.7222 -35.6 2.13091
      vertex 35.5025 -35.6 2.25104
      vertex 36.4975 -35.6 2.25104
    endloop
  endfacet
  facet normal 0 1 0
    outer loop
      vertex 36.7222 -35.6 2.13091
      vertex 35.2778 -35.6 2.13091
      vertex 35.5025 -35.6 2.25104
    endloop
  endfacet
  facet normal 0 1 0
    outer loop
      vertex 36.9192 -35.6 1.96924
      vertex 35.2778 -35.6 2.13091
      vertex 36.7222 -35.6 2.13091
    endloop
  endfacet
  facet normal 0 1 0
    outer loop
      vertex 36.9192 -35.6 1.96924
      vertex 35.0808 -35.6 1.96924
      vertex 35.2778 -35.6 2.13091
    endloop
  endfacet
  facet normal 0 1 0
    outer loop
      vertex 37.0809 -35.6 1.77224
      vertex 35.0808 -35.6 1.96924
      vertex 36.9192 -35.6 1.96924
    endloop
  endfacet
  facet normal 0 1 0
    outer loop
      vertex 37.0809 -35.6 1.77224
      vertex 34.9191 -35.6 1.77224
      vertex 35.0808 -35.6 1.96924
    endloop
  endfacet
  facet normal 0 1 0
    outer loop
      vertex 37.201 -35.6 1.54749
      vertex 34.9191 -35.6 1.77224
      vertex 37.0809 -35.6 1.77224
    endloop
  endfacet
  facet normal 0 1 0
    outer loop
      vertex 37.201 -35.6 1.54749
      vertex 34.799 -35.6 1.54749
      vertex 34.9191 -35.6 1.77224
    endloop
  endfacet
  facet normal 0 1 0
    outer loop
      vertex 37.275 -35.6 1.30362
      vertex 34.799 -35.6 1.54749
      vertex 37.201 -35.6 1.54749
    endloop
  endfacet
  facet normal 0 1 0
    outer loop
      vertex 37.275 -35.6 1.30362
      vertex 34.725 -35.6 1.30362
      vertex 34.799 -35.6 1.54749
    endloop
  endfacet
  facet normal 0 1 0
    outer loop
      vertex 37.3 -35.6 1.05
      vertex 34.725 -35.6 1.30362
      vertex 37.275 -35.6 1.30362
    endloop
  endfacet
  facet normal 0 1 0
    outer loop
      vertex 37.3 -35.6 1.05
      vertex 34.7 -35.6 1.05
      vertex 34.725 -35.6 1.30362
    endloop
  endfacet
  facet normal 0 1 -0
    outer loop
      vertex 37.275 -35.6 0.796382
      vertex 34.7 -35.6 1.05
      vertex 37.3 -35.6 1.05
    endloop
  endfacet
  facet normal 0 1 0
    outer loop
      vertex 37.275 -35.6 0.796382
      vertex 34.725 -35.6 0.796382
      vertex 34.7 -35.6 1.05
    endloop
  endfacet
  facet normal 0 1 -0
    outer loop
      vertex 37.201 -35.6 0.552511
      vertex 34.725 -35.6 0.796382
      vertex 37.275 -35.6 0.796382
    endloop
  endfacet
  facet normal 0 1 0
    outer loop
      vertex 37.201 -35.6 0.552511
      vertex 34.799 -35.6 0.552511
      vertex 34.725 -35.6 0.796382
    endloop
  endfacet
  facet normal 0 1 -0
    outer loop
      vertex 37.0809 -35.6 0.327758
      vertex 34.799 -35.6 0.552511
      vertex 37.201 -35.6 0.552511
    endloop
  endfacet
  facet normal 0 1 0
    outer loop
      vertex 37.0809 -35.6 0.327758
      vertex 34.9191 -35.6 0.327758
      vertex 34.799 -35.6 0.552511
    endloop
  endfacet
  facet normal 0 1 0
    outer loop
      vertex 36.7599 -35.6 0
      vertex 37.0809 -35.6 0.327758
      vertex 36.9192 -35.6 0.130761
    endloop
  endfacet
  facet normal 0 1 0
    outer loop
      vertex 37.0809 -35.6 0.327758
      vertex 36.7599 -35.6 0
      vertex 34.9191 -35.6 0.327758
    endloop
  endfacet
  facet normal 0 1 -0
    outer loop
      vertex 35.2401 -35.6 0
      vertex 34.9191 -35.6 0.327758
      vertex 36.7599 -35.6 0
    endloop
  endfacet
  facet normal 0 1 0
    outer loop
      vertex 34.9191 -35.6 0.327758
      vertex 35.2401 -35.6 0
      vertex 35.0808 -35.6 0.130761
    endloop
  endfacet
  facet normal 0.995177 0 -0.098098
    outer loop
      vertex 37.3 -48 1.05
      vertex 37.275 -35.6 0.796382
      vertex 37.3 -35.6 1.05
    endloop
  endfacet
  facet normal 0.995177 0 -0.098098
    outer loop
      vertex 37.275 -35.6 0.796382
      vertex 37.3 -48 1.05
      vertex 37.275 -48 0.796382
    endloop
  endfacet
  facet normal 0.995177 -0 0.0980972
    outer loop
      vertex 37.275 -48 1.30362
      vertex 37.3 -35.6 1.05
      vertex 37.275 -35.6 1.30362
    endloop
  endfacet
  facet normal 0.995177 0 0.0980972
    outer loop
      vertex 37.3 -35.6 1.05
      vertex 37.275 -48 1.30362
      vertex 37.3 -48 1.05
    endloop
  endfacet
  facet normal -0.634385 0 0.773018
    outer loop
      vertex 35.0808 -35.6 1.96924
      vertex 35.2778 -48 2.13091
      vertex 35.2778 -35.6 2.13091
    endloop
  endfacet
  facet normal -0.634385 0 0.773018
    outer loop
      vertex 35.2778 -48 2.13091
      vertex 35.0808 -35.6 1.96924
      vertex 35.0808 -48 1.96924
    endloop
  endfacet
  facet normal 0 0 -1
    outer loop
      vertex 35.2401 -48 0
      vertex 36.7599 -35.6 0
      vertex 36.7599 -48 0
    endloop
  endfacet
  facet normal -0 0 -1
    outer loop
      vertex 36.7599 -35.6 0
      vertex 35.2401 -48 0
      vertex 35.2401 -35.6 0
    endloop
  endfacet
  facet normal -0.956916 0 -0.290366
    outer loop
      vertex 40.799 -48 0.552511
      vertex 40.725 -35.6 0.796382
      vertex 40.799 -35.6 0.552511
    endloop
  endfacet
  facet normal -0.956916 -0 -0.290366
    outer loop
      vertex 40.725 -35.6 0.796382
      vertex 40.799 -48 0.552511
      vertex 40.725 -48 0.796382
    endloop
  endfacet
  facet normal 0.290262 0 0.956947
    outer loop
      vertex 42.2536 -35.6 2.32502
      vertex 42.4975 -48 2.25104
      vertex 42.4975 -35.6 2.25104
    endloop
  endfacet
  facet normal 0.290262 0 0.956947
    outer loop
      vertex 42.4975 -48 2.25104
      vertex 42.2536 -35.6 2.32502
      vertex 42.2536 -48 2.32502
    endloop
  endfacet
  facet normal 0.77296 -0 0.634455
    outer loop
      vertex 42.9192 -48 1.96924
      vertex 43.0809 -35.6 1.77224
      vertex 42.9192 -35.6 1.96924
    endloop
  endfacet
  facet normal 0.77296 0 0.634455
    outer loop
      vertex 43.0809 -35.6 1.77224
      vertex 42.9192 -48 1.96924
      vertex 43.0809 -48 1.77224
    endloop
  endfacet
  facet normal 0 -1 0
    outer loop
      vertex 41.7464 -48 2.32502
      vertex 42.2536 -48 2.32502
      vertex 42 -48 2.35
    endloop
  endfacet
  facet normal 0 -1 0
    outer loop
      vertex 41.5025 -48 2.25104
      vertex 42.2536 -48 2.32502
      vertex 41.7464 -48 2.32502
    endloop
  endfacet
  facet normal 0 -1 0
    outer loop
      vertex 41.5025 -48 2.25104
      vertex 42.4975 -48 2.25104
      vertex 42.2536 -48 2.32502
    endloop
  endfacet
  facet normal 0 -1 0
    outer loop
      vertex 41.2778 -48 2.13091
      vertex 42.4975 -48 2.25104
      vertex 41.5025 -48 2.25104
    endloop
  endfacet
  facet normal 0 -1 0
    outer loop
      vertex 41.2778 -48 2.13091
      vertex 42.7222 -48 2.13091
      vertex 42.4975 -48 2.25104
    endloop
  endfacet
  facet normal 0 -1 0
    outer loop
      vertex 41.0808 -48 1.96924
      vertex 42.7222 -48 2.13091
      vertex 41.2778 -48 2.13091
    endloop
  endfacet
  facet normal 0 -1 0
    outer loop
      vertex 41.0808 -48 1.96924
      vertex 42.9192 -48 1.96924
      vertex 42.7222 -48 2.13091
    endloop
  endfacet
  facet normal 0 -1 0
    outer loop
      vertex 40.9191 -48 1.77224
      vertex 42.9192 -48 1.96924
      vertex 41.0808 -48 1.96924
    endloop
  endfacet
  facet normal 0 -1 0
    outer loop
      vertex 40.9191 -48 1.77224
      vertex 43.0809 -48 1.77224
      vertex 42.9192 -48 1.96924
    endloop
  endfacet
  facet normal 0 -1 0
    outer loop
      vertex 40.799 -48 1.54749
      vertex 43.0809 -48 1.77224
      vertex 40.9191 -48 1.77224
    endloop
  endfacet
  facet normal 0 -1 0
    outer loop
      vertex 40.799 -48 1.54749
      vertex 43.201 -48 1.54749
      vertex 43.0809 -48 1.77224
    endloop
  endfacet
  facet normal 0 -1 0
    outer loop
      vertex 40.725 -48 1.30362
      vertex 43.201 -48 1.54749
      vertex 40.799 -48 1.54749
    endloop
  endfacet
  facet normal 0 -1 0
    outer loop
      vertex 40.725 -48 1.30362
      vertex 43.275 -48 1.30362
      vertex 43.201 -48 1.54749
    endloop
  endfacet
  facet normal 0 -1 0
    outer loop
      vertex 40.7 -48 1.05
      vertex 43.275 -48 1.30362
      vertex 40.725 -48 1.30362
    endloop
  endfacet
  facet normal 0 -1 0
    outer loop
      vertex 40.7 -48 1.05
      vertex 43.3 -48 1.05
      vertex 43.275 -48 1.30362
    endloop
  endfacet
  facet normal 0 -1 0
    outer loop
      vertex 40.725 -48 0.796382
      vertex 43.3 -48 1.05
      vertex 40.7 -48 1.05
    endloop
  endfacet
  facet normal 0 -1 0
    outer loop
      vertex 40.725 -48 0.796382
      vertex 43.275 -48 0.796382
      vertex 43.3 -48 1.05
    endloop
  endfacet
  facet normal 0 -1 0
    outer loop
      vertex 40.799 -48 0.552511
      vertex 43.275 -48 0.796382
      vertex 40.725 -48 0.796382
    endloop
  endfacet
  facet normal 0 -1 0
    outer loop
      vertex 40.799 -48 0.552511
      vertex 43.201 -48 0.552511
      vertex 43.275 -48 0.796382
    endloop
  endfacet
  facet normal 0 -1 0
    outer loop
      vertex 40.9191 -48 0.327758
      vertex 43.201 -48 0.552511
      vertex 40.799 -48 0.552511
    endloop
  endfacet
  facet normal 0 -1 0
    outer loop
      vertex 40.9191 -48 0.327758
      vertex 43.0809 -48 0.327758
      vertex 43.201 -48 0.552511
    endloop
  endfacet
  facet normal 0 -1 0
    outer loop
      vertex 41.2401 -48 0
      vertex 40.9191 -48 0.327758
      vertex 41.0808 -48 0.130761
    endloop
  endfacet
  facet normal 0 -1 0
    outer loop
      vertex 40.9191 -48 0.327758
      vertex 41.2401 -48 0
      vertex 43.0809 -48 0.327758
    endloop
  endfacet
  facet normal 0 -1 0
    outer loop
      vertex 42.7599 -48 0
      vertex 43.0809 -48 0.327758
      vertex 41.2401 -48 0
    endloop
  endfacet
  facet normal 0 -1 0
    outer loop
      vertex 43.0809 -48 0.327758
      vertex 42.7599 -48 0
      vertex 42.9192 -48 0.130761
    endloop
  endfacet
  facet normal 0.881972 -0 0.471301
    outer loop
      vertex 43.0809 -48 1.77224
      vertex 43.201 -35.6 1.54749
      vertex 43.0809 -35.6 1.77224
    endloop
  endfacet
  facet normal 0.881972 0 0.471301
    outer loop
      vertex 43.201 -35.6 1.54749
      vertex 43.0809 -48 1.77224
      vertex 43.201 -48 1.54749
    endloop
  endfacet
  facet normal -0.634471 0 -0.772947
    outer loop
      vertex 41.0808 -48 0.130761
      vertex 41.2401 -35.6 0
      vertex 41.2401 -48 0
    endloop
  endfacet
  facet normal -0.634471 0 -0.772947
    outer loop
      vertex 41.2401 -35.6 0
      vertex 41.0808 -48 0.130761
      vertex 41.0808 -35.6 0.130761
    endloop
  endfacet
  facet normal -0.77296 0 0.634455
    outer loop
      vertex 40.9191 -48 1.77224
      vertex 41.0808 -35.6 1.96924
      vertex 40.9191 -35.6 1.77224
    endloop
  endfacet
  facet normal -0.77296 0 0.634455
    outer loop
      vertex 41.0808 -35.6 1.96924
      vertex 40.9191 -48 1.77224
      vertex 41.0808 -48 1.96924
    endloop
  endfacet
  facet normal 0.634471 0 -0.772947
    outer loop
      vertex 42.7599 -48 0
      vertex 42.9192 -35.6 0.130761
      vertex 42.9192 -48 0.130761
    endloop
  endfacet
  facet normal 0.634471 0 -0.772947
    outer loop
      vertex 42.9192 -35.6 0.130761
      vertex 42.7599 -48 0
      vertex 42.7599 -35.6 0
    endloop
  endfacet
  facet normal -0.881972 0 0.471301
    outer loop
      vertex 40.799 -48 1.54749
      vertex 40.9191 -35.6 1.77224
      vertex 40.799 -35.6 1.54749
    endloop
  endfacet
  facet normal -0.881972 0 0.471301
    outer loop
      vertex 40.9191 -35.6 1.77224
      vertex 40.799 -48 1.54749
      vertex 40.9191 -48 1.77224
    endloop
  endfacet
  facet normal -0.0980272 0 0.995184
    outer loop
      vertex 41.7464 -35.6 2.32502
      vertex 42 -48 2.35
      vertex 42 -35.6 2.35
    endloop
  endfacet
  facet normal -0.0980272 0 0.995184
    outer loop
      vertex 42 -48 2.35
      vertex 41.7464 -35.6 2.32502
      vertex 41.7464 -48 2.32502
    endloop
  endfacet
  facet normal 0.881975 0 -0.471296
    outer loop
      vertex 43.201 -48 0.552511
      vertex 43.0809 -35.6 0.327758
      vertex 43.201 -35.6 0.552511
    endloop
  endfacet
  facet normal 0.881975 0 -0.471296
    outer loop
      vertex 43.0809 -35.6 0.327758
      vertex 43.201 -48 0.552511
      vertex 43.0809 -48 0.327758
    endloop
  endfacet
  facet normal -0.956915 0 0.290367
    outer loop
      vertex 40.725 -48 1.30362
      vertex 40.799 -35.6 1.54749
      vertex 40.725 -35.6 1.30362
    endloop
  endfacet
  facet normal -0.956915 0 0.290367
    outer loop
      vertex 40.799 -35.6 1.54749
      vertex 40.725 -48 1.30362
      vertex 40.799 -48 1.54749
    endloop
  endfacet
  facet normal 0.772955 0 -0.634461
    outer loop
      vertex 43.0809 -48 0.327758
      vertex 42.9192 -35.6 0.130761
      vertex 43.0809 -35.6 0.327758
    endloop
  endfacet
  facet normal 0.772955 0 -0.634461
    outer loop
      vertex 42.9192 -35.6 0.130761
      vertex 43.0809 -48 0.327758
      vertex 42.9192 -48 0.130761
    endloop
  endfacet
  facet normal 0.471474 0 0.88188
    outer loop
      vertex 42.4975 -35.6 2.25104
      vertex 42.7222 -48 2.13091
      vertex 42.7222 -35.6 2.13091
    endloop
  endfacet
  facet normal 0.471474 0 0.88188
    outer loop
      vertex 42.7222 -48 2.13091
      vertex 42.4975 -35.6 2.25104
      vertex 42.4975 -48 2.25104
    endloop
  endfacet
  facet normal 0.956915 -0 0.290367
    outer loop
      vertex 43.201 -48 1.54749
      vertex 43.275 -35.6 1.30362
      vertex 43.201 -35.6 1.54749
    endloop
  endfacet
  facet normal 0.956915 0 0.290367
    outer loop
      vertex 43.275 -35.6 1.30362
      vertex 43.201 -48 1.54749
      vertex 43.275 -48 1.30362
    endloop
  endfacet
  facet normal -0.471474 0 0.88188
    outer loop
      vertex 41.2778 -35.6 2.13091
      vertex 41.5025 -48 2.25104
      vertex 41.5025 -35.6 2.25104
    endloop
  endfacet
  facet normal -0.471474 0 0.88188
    outer loop
      vertex 41.5025 -48 2.25104
      vertex 41.2778 -35.6 2.13091
      vertex 41.2778 -48 2.13091
    endloop
  endfacet
  facet normal 0.956916 0 -0.290366
    outer loop
      vertex 43.275 -48 0.796382
      vertex 43.201 -35.6 0.552511
      vertex 43.275 -35.6 0.796382
    endloop
  endfacet
  facet normal 0.956916 0 -0.290366
    outer loop
      vertex 43.201 -35.6 0.552511
      vertex 43.275 -48 0.796382
      vertex 43.201 -48 0.552511
    endloop
  endfacet
  facet normal -0.772955 0 -0.634461
    outer loop
      vertex 41.0808 -48 0.130761
      vertex 40.9191 -35.6 0.327758
      vertex 41.0808 -35.6 0.130761
    endloop
  endfacet
  facet normal -0.772955 -0 -0.634461
    outer loop
      vertex 40.9191 -35.6 0.327758
      vertex 41.0808 -48 0.130761
      vertex 40.9191 -48 0.327758
    endloop
  endfacet
  facet normal 0.0980272 0 0.995184
    outer loop
      vertex 42 -35.6 2.35
      vertex 42.2536 -48 2.32502
      vertex 42.2536 -35.6 2.32502
    endloop
  endfacet
  facet normal 0.0980272 0 0.995184
    outer loop
      vertex 42.2536 -48 2.32502
      vertex 42 -35.6 2.35
      vertex 42 -48 2.35
    endloop
  endfacet
  facet normal -0.881975 0 -0.471296
    outer loop
      vertex 40.9191 -48 0.327758
      vertex 40.799 -35.6 0.552511
      vertex 40.9191 -35.6 0.327758
    endloop
  endfacet
  facet normal -0.881975 -0 -0.471296
    outer loop
      vertex 40.799 -35.6 0.552511
      vertex 40.9191 -48 0.327758
      vertex 40.799 -48 0.552511
    endloop
  endfacet
  facet normal 0.634385 0 0.773018
    outer loop
      vertex 42.7222 -35.6 2.13091
      vertex 42.9192 -48 1.96924
      vertex 42.9192 -35.6 1.96924
    endloop
  endfacet
  facet normal 0.634385 0 0.773018
    outer loop
      vertex 42.9192 -48 1.96924
      vertex 42.7222 -35.6 2.13091
      vertex 42.7222 -48 2.13091
    endloop
  endfacet
  facet normal -0.290262 0 0.956947
    outer loop
      vertex 41.5025 -35.6 2.25104
      vertex 41.7464 -48 2.32502
      vertex 41.7464 -35.6 2.32502
    endloop
  endfacet
  facet normal -0.290262 0 0.956947
    outer loop
      vertex 41.7464 -48 2.32502
      vertex 41.5025 -35.6 2.25104
      vertex 41.5025 -48 2.25104
    endloop
  endfacet
  facet normal -0.995177 0 -0.098098
    outer loop
      vertex 40.725 -48 0.796382
      vertex 40.7 -35.6 1.05
      vertex 40.725 -35.6 0.796382
    endloop
  endfacet
  facet normal -0.995177 -0 -0.098098
    outer loop
      vertex 40.7 -35.6 1.05
      vertex 40.725 -48 0.796382
      vertex 40.7 -48 1.05
    endloop
  endfacet
  facet normal -0.995177 0 0.0980972
    outer loop
      vertex 40.7 -48 1.05
      vertex 40.725 -35.6 1.30362
      vertex 40.7 -35.6 1.05
    endloop
  endfacet
  facet normal -0.995177 0 0.0980972
    outer loop
      vertex 40.725 -35.6 1.30362
      vertex 40.7 -48 1.05
      vertex 40.725 -48 1.30362
    endloop
  endfacet
  facet normal 0 1 0
    outer loop
      vertex 42.2536 -35.6 2.32502
      vertex 41.7464 -35.6 2.32502
      vertex 42 -35.6 2.35
    endloop
  endfacet
  facet normal 0 1 0
    outer loop
      vertex 42.4975 -35.6 2.25104
      vertex 41.7464 -35.6 2.32502
      vertex 42.2536 -35.6 2.32502
    endloop
  endfacet
  facet normal 0 1 0
    outer loop
      vertex 42.4975 -35.6 2.25104
      vertex 41.5025 -35.6 2.25104
      vertex 41.7464 -35.6 2.32502
    endloop
  endfacet
  facet normal 0 1 0
    outer loop
      vertex 42.7222 -35.6 2.13091
      vertex 41.5025 -35.6 2.25104
      vertex 42.4975 -35.6 2.25104
    endloop
  endfacet
  facet normal 0 1 0
    outer loop
      vertex 42.7222 -35.6 2.13091
      vertex 41.2778 -35.6 2.13091
      vertex 41.5025 -35.6 2.25104
    endloop
  endfacet
  facet normal 0 1 0
    outer loop
      vertex 42.9192 -35.6 1.96924
      vertex 41.2778 -35.6 2.13091
      vertex 42.7222 -35.6 2.13091
    endloop
  endfacet
  facet normal 0 1 0
    outer loop
      vertex 42.9192 -35.6 1.96924
      vertex 41.0808 -35.6 1.96924
      vertex 41.2778 -35.6 2.13091
    endloop
  endfacet
  facet normal 0 1 0
    outer loop
      vertex 43.0809 -35.6 1.77224
      vertex 41.0808 -35.6 1.96924
      vertex 42.9192 -35.6 1.96924
    endloop
  endfacet
  facet normal 0 1 0
    outer loop
      vertex 43.0809 -35.6 1.77224
      vertex 40.9191 -35.6 1.77224
      vertex 41.0808 -35.6 1.96924
    endloop
  endfacet
  facet normal 0 1 0
    outer loop
      vertex 43.201 -35.6 1.54749
      vertex 40.9191 -35.6 1.77224
      vertex 43.0809 -35.6 1.77224
    endloop
  endfacet
  facet normal 0 1 0
    outer loop
      vertex 43.201 -35.6 1.54749
      vertex 40.799 -35.6 1.54749
      vertex 40.9191 -35.6 1.77224
    endloop
  endfacet
  facet normal 0 1 0
    outer loop
      vertex 43.275 -35.6 1.30362
      vertex 40.799 -35.6 1.54749
      vertex 43.201 -35.6 1.54749
    endloop
  endfacet
  facet normal 0 1 0
    outer loop
      vertex 43.275 -35.6 1.30362
      vertex 40.725 -35.6 1.30362
      vertex 40.799 -35.6 1.54749
    endloop
  endfacet
  facet normal 0 1 0
    outer loop
      vertex 43.3 -35.6 1.05
      vertex 40.725 -35.6 1.30362
      vertex 43.275 -35.6 1.30362
    endloop
  endfacet
  facet normal 0 1 0
    outer loop
      vertex 43.3 -35.6 1.05
      vertex 40.7 -35.6 1.05
      vertex 40.725 -35.6 1.30362
    endloop
  endfacet
  facet normal 0 1 -0
    outer loop
      vertex 43.275 -35.6 0.796382
      vertex 40.7 -35.6 1.05
      vertex 43.3 -35.6 1.05
    endloop
  endfacet
  facet normal 0 1 0
    outer loop
      vertex 43.275 -35.6 0.796382
      vertex 40.725 -35.6 0.796382
      vertex 40.7 -35.6 1.05
    endloop
  endfacet
  facet normal 0 1 -0
    outer loop
      vertex 43.201 -35.6 0.552511
      vertex 40.725 -35.6 0.796382
      vertex 43.275 -35.6 0.796382
    endloop
  endfacet
  facet normal 0 1 0
    outer loop
      vertex 43.201 -35.6 0.552511
      vertex 40.799 -35.6 0.552511
      vertex 40.725 -35.6 0.796382
    endloop
  endfacet
  facet normal 0 1 -0
    outer loop
      vertex 43.0809 -35.6 0.327758
      vertex 40.799 -35.6 0.552511
      vertex 43.201 -35.6 0.552511
    endloop
  endfacet
  facet normal 0 1 0
    outer loop
      vertex 43.0809 -35.6 0.327758
      vertex 40.9191 -35.6 0.327758
      vertex 40.799 -35.6 0.552511
    endloop
  endfacet
  facet normal 0 1 0
    outer loop
      vertex 42.7599 -35.6 0
      vertex 43.0809 -35.6 0.327758
      vertex 42.9192 -35.6 0.130761
    endloop
  endfacet
  facet normal 0 1 0
    outer loop
      vertex 43.0809 -35.6 0.327758
      vertex 42.7599 -35.6 0
      vertex 40.9191 -35.6 0.327758
    endloop
  endfacet
  facet normal 0 1 -0
    outer loop
      vertex 41.2401 -35.6 0
      vertex 40.9191 -35.6 0.327758
      vertex 42.7599 -35.6 0
    endloop
  endfacet
  facet normal 0 1 0
    outer loop
      vertex 40.9191 -35.6 0.327758
      vertex 41.2401 -35.6 0
      vertex 41.0808 -35.6 0.130761
    endloop
  endfacet
  facet normal 0.995177 0 -0.098098
    outer loop
      vertex 43.3 -48 1.05
      vertex 43.275 -35.6 0.796382
      vertex 43.3 -35.6 1.05
    endloop
  endfacet
  facet normal 0.995177 0 -0.098098
    outer loop
      vertex 43.275 -35.6 0.796382
      vertex 43.3 -48 1.05
      vertex 43.275 -48 0.796382
    endloop
  endfacet
  facet normal 0.995177 -0 0.0980972
    outer loop
      vertex 43.275 -48 1.30362
      vertex 43.3 -35.6 1.05
      vertex 43.275 -35.6 1.30362
    endloop
  endfacet
  facet normal 0.995177 0 0.0980972
    outer loop
      vertex 43.3 -35.6 1.05
      vertex 43.275 -48 1.30362
      vertex 43.3 -48 1.05
    endloop
  endfacet
  facet normal -0.634385 0 0.773018
    outer loop
      vertex 41.0808 -35.6 1.96924
      vertex 41.2778 -48 2.13091
      vertex 41.2778 -35.6 2.13091
    endloop
  endfacet
  facet normal -0.634385 0 0.773018
    outer loop
      vertex 41.2778 -48 2.13091
      vertex 41.0808 -35.6 1.96924
      vertex 41.0808 -48 1.96924
    endloop
  endfacet
  facet normal 0 0 -1
    outer loop
      vertex 41.2401 -48 0
      vertex 42.7599 -35.6 0
      vertex 42.7599 -48 0
    endloop
  endfacet
  facet normal -0 0 -1
    outer loop
      vertex 42.7599 -35.6 0
      vertex 41.2401 -48 0
      vertex 41.2401 -35.6 0
    endloop
  endfacet
  facet normal -0 0 1
    outer loop
      vertex 4.7 -37.6 3.3
      vertex 8 -47.6 3.3
      vertex 8 -37.6 3.3
    endloop
  endfacet
  facet normal 0 0 1
    outer loop
      vertex 8 -47.6 3.3
      vertex 4.7 -37.6 3.3
      vertex 4.7 -47.6 3.3
    endloop
  endfacet
  facet normal 0.707107 -0.707107 0
    outer loop
      vertex 7.6 -48 2.9
      vertex 8 -47.6 0
      vertex 8 -47.6 3.3
    endloop
  endfacet
  facet normal 0.707107 -0.707107 0
    outer loop
      vertex 8 -47.6 0
      vertex 7.6 -48 2.9
      vertex 7.6 -48 0.4
    endloop
  endfacet
  facet normal 0 0 -1
    outer loop
      vertex 4.7 -47.6 0
      vertex 8 -37.6 0
      vertex 8 -47.6 0
    endloop
  endfacet
  facet normal -0 0 -1
    outer loop
      vertex 8 -37.6 0
      vertex 4.7 -47.6 0
      vertex 4.7 -37.6 0
    endloop
  endfacet
  facet normal -1 0 0
    outer loop
      vertex 4.7 -47.6 0
      vertex 4.7 -37.6 3.3
      vertex 4.7 -37.6 0
    endloop
  endfacet
  facet normal -1 -0 0
    outer loop
      vertex 4.7 -37.6 3.3
      vertex 4.7 -47.6 0
      vertex 4.7 -47.6 3.3
    endloop
  endfacet
  facet normal 0 -1 0
    outer loop
      vertex 5.1 -48 0.4
      vertex 7.6 -48 2.9
      vertex 5.1 -48 2.9
    endloop
  endfacet
  facet normal 0 -1 -0
    outer loop
      vertex 7.6 -48 2.9
      vertex 5.1 -48 0.4
      vertex 7.6 -48 0.4
    endloop
  endfacet
  facet normal 1 -0 0
    outer loop
      vertex 8 -47.6 3.3
      vertex 8 -37.6 0
      vertex 8 -37.6 3.3
    endloop
  endfacet
  facet normal 1 0 0
    outer loop
      vertex 8 -37.6 0
      vertex 8 -47.6 3.3
      vertex 8 -47.6 0
    endloop
  endfacet
  facet normal -0.707107 -0.707107 0
    outer loop
      vertex 5.1 -48 0.4
      vertex 4.7 -47.6 3.3
      vertex 4.7 -47.6 0
    endloop
  endfacet
  facet normal -0.707107 -0.707107 0
    outer loop
      vertex 4.7 -47.6 3.3
      vertex 5.1 -48 0.4
      vertex 5.1 -48 2.9
    endloop
  endfacet
  facet normal 0.707107 0.707107 0
    outer loop
      vertex 8 -37.6 3.3
      vertex 7.6 -37.2 0.4
      vertex 7.6 -37.2 2.9
    endloop
  endfacet
  facet normal 0.707107 0.707107 0
    outer loop
      vertex 7.6 -37.2 0.4
      vertex 8 -37.6 3.3
      vertex 8 -37.6 0
    endloop
  endfacet
  facet normal 0 -0.707107 -0.707107
    outer loop
      vertex 5.1 -48 0.4
      vertex 8 -47.6 0
      vertex 7.6 -48 0.4
    endloop
  endfacet
  facet normal -0 -0.707107 -0.707107
    outer loop
      vertex 8 -47.6 0
      vertex 5.1 -48 0.4
      vertex 4.7 -47.6 0
    endloop
  endfacet
  facet normal 0 -0.707107 0.707107
    outer loop
      vertex 8 -47.6 3.3
      vertex 5.1 -48 2.9
      vertex 7.6 -48 2.9
    endloop
  endfacet
  facet normal 0 -0.707107 0.707107
    outer loop
      vertex 5.1 -48 2.9
      vertex 8 -47.6 3.3
      vertex 4.7 -47.6 3.3
    endloop
  endfacet
  facet normal 0 1 -0
    outer loop
      vertex 7.6 -37.2 0.4
      vertex 5.1 -37.2 2.9
      vertex 7.6 -37.2 2.9
    endloop
  endfacet
  facet normal 0 1 0
    outer loop
      vertex 5.1 -37.2 2.9
      vertex 7.6 -37.2 0.4
      vertex 5.1 -37.2 0.4
    endloop
  endfacet
  facet normal 0 0.707107 0.707107
    outer loop
      vertex 7.6 -37.2 2.9
      vertex 4.7 -37.6 3.3
      vertex 8 -37.6 3.3
    endloop
  endfacet
  facet normal 0 0.707107 0.707107
    outer loop
      vertex 4.7 -37.6 3.3
      vertex 7.6 -37.2 2.9
      vertex 5.1 -37.2 2.9
    endloop
  endfacet
  facet normal 0 0.707107 -0.707107
    outer loop
      vertex 8 -37.6 0
      vertex 5.1 -37.2 0.4
      vertex 7.6 -37.2 0.4
    endloop
  endfacet
  facet normal 0 0.707107 -0.707107
    outer loop
      vertex 5.1 -37.2 0.4
      vertex 8 -37.6 0
      vertex 4.7 -37.6 0
    endloop
  endfacet
  facet normal -0.707107 0.707107 0
    outer loop
      vertex 5.1 -37.2 0.4
      vertex 4.7 -37.6 3.3
      vertex 5.1 -37.2 2.9
    endloop
  endfacet
  facet normal -0.707107 0.707107 0
    outer loop
      vertex 4.7 -37.6 3.3
      vertex 5.1 -37.2 0.4
      vertex 4.7 -37.6 0
    endloop
  endfacet
  facet normal 0 -0.707106 -0.707108
    outer loop
      vertex 19.2 -47.7 0
      vertex 21.7 -48 0.299999
      vertex 19.5 -48 0.299999
    endloop
  endfacet
  facet normal 0 -0.707106 -0.707108
    outer loop
      vertex 21.7 -48 0.299999
      vertex 19.2 -47.7 0
      vertex 22 -47.7 0
    endloop
  endfacet
  facet normal 0 1 -0
    outer loop
      vertex 21.7 -36.4 0.299999
      vertex 19.5 -36.4 2.5
      vertex 21.7 -36.4 2.5
    endloop
  endfacet
  facet normal 0 1 0
    outer loop
      vertex 19.5 -36.4 2.5
      vertex 21.7 -36.4 0.299999
      vertex 19.5 -36.4 0.299999
    endloop
  endfacet
  facet normal -0 0 1
    outer loop
      vertex 19.2 -36.7 2.8
      vertex 22 -47.7 2.8
      vertex 22 -36.7 2.8
    endloop
  endfacet
  facet normal 0 0 1
    outer loop
      vertex 22 -47.7 2.8
      vertex 19.2 -36.7 2.8
      vertex 19.2 -47.7 2.8
    endloop
  endfacet
  facet normal -1 0 0
    outer loop
      vertex 19.2 -47.7 0
      vertex 19.2 -36.7 2.8
      vertex 19.2 -36.7 0
    endloop
  endfacet
  facet normal -1 -0 0
    outer loop
      vertex 19.2 -36.7 2.8
      vertex 19.2 -47.7 0
      vertex 19.2 -47.7 2.8
    endloop
  endfacet
  facet normal 1 -0 0
    outer loop
      vertex 22 -47.7 2.8
      vertex 22 -36.7 0
      vertex 22 -36.7 2.8
    endloop
  endfacet
  facet normal 1 0 0
    outer loop
      vertex 22 -36.7 0
      vertex 22 -47.7 2.8
      vertex 22 -47.7 0
    endloop
  endfacet
  facet normal 0 0 -1
    outer loop
      vertex 19.2 -47.7 0
      vertex 22 -36.7 0
      vertex 22 -47.7 0
    endloop
  endfacet
  facet normal -0 0 -1
    outer loop
      vertex 22 -36.7 0
      vertex 19.2 -47.7 0
      vertex 19.2 -36.7 0
    endloop
  endfacet
  facet normal -0.707107 0.707107 0
    outer loop
      vertex 19.2 -36.7 0
      vertex 19.5 -36.4 2.5
      vertex 19.5 -36.4 0.299999
    endloop
  endfacet
  facet normal -0.707107 0.707107 0
    outer loop
      vertex 19.5 -36.4 2.5
      vertex 19.2 -36.7 0
      vertex 19.2 -36.7 2.8
    endloop
  endfacet
  facet normal 0 0.707106 -0.707108
    outer loop
      vertex 22 -36.7 0
      vertex 19.5 -36.4 0.299999
      vertex 21.7 -36.4 0.299999
    endloop
  endfacet
  facet normal 0 0.707106 -0.707108
    outer loop
      vertex 19.5 -36.4 0.299999
      vertex 22 -36.7 0
      vertex 19.2 -36.7 0
    endloop
  endfacet
  facet normal 0.707107 -0.707107 0
    outer loop
      vertex 21.7 -48 2.5
      vertex 22 -47.7 0
      vertex 22 -47.7 2.8
    endloop
  endfacet
  facet normal 0.707107 -0.707107 0
    outer loop
      vertex 22 -47.7 0
      vertex 21.7 -48 2.5
      vertex 21.7 -48 0.299999
    endloop
  endfacet
  facet normal -0.707107 -0.707107 0
    outer loop
      vertex 19.5 -48 0.299999
      vertex 19.2 -47.7 2.8
      vertex 19.2 -47.7 0
    endloop
  endfacet
  facet normal -0.707107 -0.707107 0
    outer loop
      vertex 19.2 -47.7 2.8
      vertex 19.5 -48 0.299999
      vertex 19.5 -48 2.5
    endloop
  endfacet
  facet normal 0.707107 0.707107 0
    outer loop
      vertex 22 -36.7 2.8
      vertex 21.7 -36.4 0.299999
      vertex 21.7 -36.4 2.5
    endloop
  endfacet
  facet normal 0.707107 0.707107 0
    outer loop
      vertex 21.7 -36.4 0.299999
      vertex 22 -36.7 2.8
      vertex 22 -36.7 0
    endloop
  endfacet
  facet normal 0 0.707107 0.707107
    outer loop
      vertex 21.7 -36.4 2.5
      vertex 19.2 -36.7 2.8
      vertex 22 -36.7 2.8
    endloop
  endfacet
  facet normal 0 0.707107 0.707107
    outer loop
      vertex 19.2 -36.7 2.8
      vertex 21.7 -36.4 2.5
      vertex 19.5 -36.4 2.5
    endloop
  endfacet
  facet normal 0 -0.707107 0.707107
    outer loop
      vertex 19.5 -48 2.5
      vertex 22 -47.7 2.8
      vertex 19.2 -47.7 2.8
    endloop
  endfacet
  facet normal 0 -0.707107 0.707107
    outer loop
      vertex 22 -47.7 2.8
      vertex 19.5 -48 2.5
      vertex 21.7 -48 2.5
    endloop
  endfacet
  facet normal 0 -1 0
    outer loop
      vertex 19.5 -48 0.299999
      vertex 21.7 -48 2.5
      vertex 19.5 -48 2.5
    endloop
  endfacet
  facet normal 0 -1 -0
    outer loop
      vertex 21.7 -48 2.5
      vertex 19.5 -48 0.299999
      vertex 21.7 -48 0.299999
    endloop
  endfacet
  facet normal -0 0 1
    outer loop
      vertex 10.7 -37.6 3.3
      vertex 14 -47.6 3.3
      vertex 14 -37.6 3.3
    endloop
  endfacet
  facet normal 0 0 1
    outer loop
      vertex 14 -47.6 3.3
      vertex 10.7 -37.6 3.3
      vertex 10.7 -47.6 3.3
    endloop
  endfacet
  facet normal 0.707107 -0.707107 0
    outer loop
      vertex 13.6 -48 2.9
      vertex 14 -47.6 0
      vertex 14 -47.6 3.3
    endloop
  endfacet
  facet normal 0.707107 -0.707107 0
    outer loop
      vertex 14 -47.6 0
      vertex 13.6 -48 2.9
      vertex 13.6 -48 0.4
    endloop
  endfacet
  facet normal 0 0 -1
    outer loop
      vertex 10.7 -47.6 0
      vertex 14 -37.6 0
      vertex 14 -47.6 0
    endloop
  endfacet
  facet normal -0 0 -1
    outer loop
      vertex 14 -37.6 0
      vertex 10.7 -47.6 0
      vertex 10.7 -37.6 0
    endloop
  endfacet
  facet normal -1 0 0
    outer loop
      vertex 10.7 -47.6 0
      vertex 10.7 -37.6 3.3
      vertex 10.7 -37.6 0
    endloop
  endfacet
  facet normal -1 -0 0
    outer loop
      vertex 10.7 -37.6 3.3
      vertex 10.7 -47.6 0
      vertex 10.7 -47.6 3.3
    endloop
  endfacet
  facet normal 0 -1 0
    outer loop
      vertex 11.1 -48 0.4
      vertex 13.6 -48 2.9
      vertex 11.1 -48 2.9
    endloop
  endfacet
  facet normal 0 -1 -0
    outer loop
      vertex 13.6 -48 2.9
      vertex 11.1 -48 0.4
      vertex 13.6 -48 0.4
    endloop
  endfacet
  facet normal 1 -0 0
    outer loop
      vertex 14 -47.6 3.3
      vertex 14 -37.6 0
      vertex 14 -37.6 3.3
    endloop
  endfacet
  facet normal 1 0 0
    outer loop
      vertex 14 -37.6 0
      vertex 14 -47.6 3.3
      vertex 14 -47.6 0
    endloop
  endfacet
  facet normal -0.707107 -0.707107 0
    outer loop
      vertex 11.1 -48 0.4
      vertex 10.7 -47.6 3.3
      vertex 10.7 -47.6 0
    endloop
  endfacet
  facet normal -0.707107 -0.707107 0
    outer loop
      vertex 10.7 -47.6 3.3
      vertex 11.1 -48 0.4
      vertex 11.1 -48 2.9
    endloop
  endfacet
  facet normal 0.707107 0.707107 0
    outer loop
      vertex 14 -37.6 3.3
      vertex 13.6 -37.2 0.4
      vertex 13.6 -37.2 2.9
    endloop
  endfacet
  facet normal 0.707107 0.707107 0
    outer loop
      vertex 13.6 -37.2 0.4
      vertex 14 -37.6 3.3
      vertex 14 -37.6 0
    endloop
  endfacet
  facet normal 0 -0.707107 -0.707107
    outer loop
      vertex 11.1 -48 0.4
      vertex 14 -47.6 0
      vertex 13.6 -48 0.4
    endloop
  endfacet
  facet normal -0 -0.707107 -0.707107
    outer loop
      vertex 14 -47.6 0
      vertex 11.1 -48 0.4
      vertex 10.7 -47.6 0
    endloop
  endfacet
  facet normal 0 -0.707107 0.707107
    outer loop
      vertex 14 -47.6 3.3
      vertex 11.1 -48 2.9
      vertex 13.6 -48 2.9
    endloop
  endfacet
  facet normal 0 -0.707107 0.707107
    outer loop
      vertex 11.1 -48 2.9
      vertex 14 -47.6 3.3
      vertex 10.7 -47.6 3.3
    endloop
  endfacet
  facet normal 0 1 -0
    outer loop
      vertex 13.6 -37.2 0.4
      vertex 11.1 -37.2 2.9
      vertex 13.6 -37.2 2.9
    endloop
  endfacet
  facet normal 0 1 0
    outer loop
      vertex 11.1 -37.2 2.9
      vertex 13.6 -37.2 0.4
      vertex 11.1 -37.2 0.4
    endloop
  endfacet
  facet normal 0 0.707107 0.707107
    outer loop
      vertex 13.6 -37.2 2.9
      vertex 10.7 -37.6 3.3
      vertex 14 -37.6 3.3
    endloop
  endfacet
  facet normal 0 0.707107 0.707107
    outer loop
      vertex 10.7 -37.6 3.3
      vertex 13.6 -37.2 2.9
      vertex 11.1 -37.2 2.9
    endloop
  endfacet
  facet normal 0 0.707107 -0.707107
    outer loop
      vertex 14 -37.6 0
      vertex 11.1 -37.2 0.4
      vertex 13.6 -37.2 0.4
    endloop
  endfacet
  facet normal 0 0.707107 -0.707107
    outer loop
      vertex 11.1 -37.2 0.4
      vertex 14 -37.6 0
      vertex 10.7 -37.6 0
    endloop
  endfacet
  facet normal -0.707107 0.707107 0
    outer loop
      vertex 11.1 -37.2 0.4
      vertex 10.7 -37.6 3.3
      vertex 11.1 -37.2 2.9
    endloop
  endfacet
  facet normal -0.707107 0.707107 0
    outer loop
      vertex 10.7 -37.6 3.3
      vertex 11.1 -37.2 0.4
      vertex 10.7 -37.6 0
    endloop
  endfacet
  facet normal 0 -0.707106 -0.707108
    outer loop
      vertex 25.2 -47.7 0
      vertex 27.7 -48 0.299999
      vertex 25.5 -48 0.299999
    endloop
  endfacet
  facet normal 0 -0.707106 -0.707108
    outer loop
      vertex 27.7 -48 0.299999
      vertex 25.2 -47.7 0
      vertex 28 -47.7 0
    endloop
  endfacet
  facet normal 0 1 -0
    outer loop
      vertex 27.7 -36.4 0.299999
      vertex 25.5 -36.4 2.5
      vertex 27.7 -36.4 2.5
    endloop
  endfacet
  facet normal 0 1 0
    outer loop
      vertex 25.5 -36.4 2.5
      vertex 27.7 -36.4 0.299999
      vertex 25.5 -36.4 0.299999
    endloop
  endfacet
  facet normal -0 0 1
    outer loop
      vertex 25.2 -36.7 2.8
      vertex 28 -47.7 2.8
      vertex 28 -36.7 2.8
    endloop
  endfacet
  facet normal 0 0 1
    outer loop
      vertex 28 -47.7 2.8
      vertex 25.2 -36.7 2.8
      vertex 25.2 -47.7 2.8
    endloop
  endfacet
  facet normal -1 0 0
    outer loop
      vertex 25.2 -47.7 0
      vertex 25.2 -36.7 2.8
      vertex 25.2 -36.7 0
    endloop
  endfacet
  facet normal -1 -0 0
    outer loop
      vertex 25.2 -36.7 2.8
      vertex 25.2 -47.7 0
      vertex 25.2 -47.7 2.8
    endloop
  endfacet
  facet normal 1 -0 0
    outer loop
      vertex 28 -47.7 2.8
      vertex 28 -36.7 0
      vertex 28 -36.7 2.8
    endloop
  endfacet
  facet normal 1 0 0
    outer loop
      vertex 28 -36.7 0
      vertex 28 -47.7 2.8
      vertex 28 -47.7 0
    endloop
  endfacet
  facet normal 0 0 -1
    outer loop
      vertex 25.2 -47.7 0
      vertex 28 -36.7 0
      vertex 28 -47.7 0
    endloop
  endfacet
  facet normal -0 0 -1
    outer loop
      vertex 28 -36.7 0
      vertex 25.2 -47.7 0
      vertex 25.2 -36.7 0
    endloop
  endfacet
  facet normal -0.707107 0.707107 0
    outer loop
      vertex 25.2 -36.7 0
      vertex 25.5 -36.4 2.5
      vertex 25.5 -36.4 0.299999
    endloop
  endfacet
  facet normal -0.707107 0.707107 0
    outer loop
      vertex 25.5 -36.4 2.5
      vertex 25.2 -36.7 0
      vertex 25.2 -36.7 2.8
    endloop
  endfacet
  facet normal 0 0.707106 -0.707108
    outer loop
      vertex 28 -36.7 0
      vertex 25.5 -36.4 0.299999
      vertex 27.7 -36.4 0.299999
    endloop
  endfacet
  facet normal 0 0.707106 -0.707108
    outer loop
      vertex 25.5 -36.4 0.299999
      vertex 28 -36.7 0
      vertex 25.2 -36.7 0
    endloop
  endfacet
  facet normal 0.707107 -0.707107 0
    outer loop
      vertex 27.7 -48 2.5
      vertex 28 -47.7 0
      vertex 28 -47.7 2.8
    endloop
  endfacet
  facet normal 0.707107 -0.707107 0
    outer loop
      vertex 28 -47.7 0
      vertex 27.7 -48 2.5
      vertex 27.7 -48 0.299999
    endloop
  endfacet
  facet normal -0.707107 -0.707107 0
    outer loop
      vertex 25.5 -48 0.299999
      vertex 25.2 -47.7 2.8
      vertex 25.2 -47.7 0
    endloop
  endfacet
  facet normal -0.707107 -0.707107 0
    outer loop
      vertex 25.2 -47.7 2.8
      vertex 25.5 -48 0.299999
      vertex 25.5 -48 2.5
    endloop
  endfacet
  facet normal 0.707107 0.707107 0
    outer loop
      vertex 28 -36.7 2.8
      vertex 27.7 -36.4 0.299999
      vertex 27.7 -36.4 2.5
    endloop
  endfacet
  facet normal 0.707107 0.707107 0
    outer loop
      vertex 27.7 -36.4 0.299999
      vertex 28 -36.7 2.8
      vertex 28 -36.7 0
    endloop
  endfacet
  facet normal 0 0.707107 0.707107
    outer loop
      vertex 27.7 -36.4 2.5
      vertex 25.2 -36.7 2.8
      vertex 28 -36.7 2.8
    endloop
  endfacet
  facet normal 0 0.707107 0.707107
    outer loop
      vertex 25.2 -36.7 2.8
      vertex 27.7 -36.4 2.5
      vertex 25.5 -36.4 2.5
    endloop
  endfacet
  facet normal 0 -0.707107 0.707107
    outer loop
      vertex 25.5 -48 2.5
      vertex 28 -47.7 2.8
      vertex 25.2 -47.7 2.8
    endloop
  endfacet
  facet normal 0 -0.707107 0.707107
    outer loop
      vertex 28 -47.7 2.8
      vertex 25.5 -48 2.5
      vertex 27.7 -48 2.5
    endloop
  endfacet
  facet normal 0 -1 0
    outer loop
      vertex 25.5 -48 0.299999
      vertex 27.7 -48 2.5
      vertex 25.5 -48 2.5
    endloop
  endfacet
  facet normal 0 -1 -0
    outer loop
      vertex 27.7 -48 2.5
      vertex 25.5 -48 0.299999
      vertex 27.7 -48 0.299999
    endloop
  endfacet
  facet normal 0 0 -1
    outer loop
      vertex -58.6 -25.6 0
      vertex -57.6 -24.8 0
      vertex -57.6 -25.6 0
    endloop
  endfacet
  facet normal -0 0 -1
    outer loop
      vertex -57.6 -24.8 0
      vertex -58.6 -25.6 0
      vertex -58.6 -24.8 0
    endloop
  endfacet
  facet normal 0 0 -1
    outer loop
      vertex -58.6 -40.6 0
      vertex -57.6 -29.4 0
      vertex -57.6 -40.6 0
    endloop
  endfacet
  facet normal -0 0 -1
    outer loop
      vertex -57.6 -29.4 0
      vertex -58.6 -40.6 0
      vertex -58.6 -29.4 0
    endloop
  endfacet
  facet normal 0 0 -1
    outer loop
      vertex -58.6 -45.2 0
      vertex -57.6 -44.4 0
      vertex -57.6 -45.2 0
    endloop
  endfacet
  facet normal -0 0 -1
    outer loop
      vertex -57.6 -44.4 0
      vertex -58.6 -45.2 0
      vertex -58.6 -44.4 0
    endloop
  endfacet
  facet normal 0 0 -1
    outer loop
      vertex -53.3 -52.3 0
      vertex -53 -52 0
      vertex -53.0026 -52.0391 0
    endloop
  endfacet
  facet normal -0 0 -1
    outer loop
      vertex -53 -52 0
      vertex -53.3 -52.3 0
      vertex -53 -51.9 0
    endloop
  endfacet
  facet normal 0 0 -1
    outer loop
      vertex -53.3 -52.3 0
      vertex -53.0026 -52.0391 0
      vertex -53.0102 -52.0776 0
    endloop
  endfacet
  facet normal 0 0 -1
    outer loop
      vertex -53.3 -51.6 0
      vertex -53 -51.9 0
      vertex -53.3 -52.3 0
    endloop
  endfacet
  facet normal 0 0 -1
    outer loop
      vertex -53.3 -52.3 0
      vertex -53.0102 -52.0776 0
      vertex -53.0228 -52.1148 0
    endloop
  endfacet
  facet normal 0 0 -1
    outer loop
      vertex -53 -51.9 0
      vertex -53.3 -51.6 0
      vertex -53.0026 -51.8608 0
    endloop
  endfacet
  facet normal 0 0 -1
    outer loop
      vertex -53.3 -52.3 0
      vertex -53.0228 -52.1148 0
      vertex -53.0402 -52.15 0
    endloop
  endfacet
  facet normal 0 0 -1
    outer loop
      vertex -53.0026 -51.8608 0
      vertex -53.3 -51.6 0
      vertex -53.0102 -51.8223 0
    endloop
  endfacet
  facet normal 0 0 -1
    outer loop
      vertex -53.3 -52.3 0
      vertex -53.0402 -52.15 0
      vertex -53.062 -52.1826 0
    endloop
  endfacet
  facet normal 0 0 -1
    outer loop
      vertex -53.0102 -51.8223 0
      vertex -53.3 -51.6 0
      vertex -53.0228 -51.7852 0
    endloop
  endfacet
  facet normal 0 0 -1
    outer loop
      vertex -53.3 -52.3 0
      vertex -53.062 -52.1826 0
      vertex -53.0879 -52.2121 0
    endloop
  endfacet
  facet normal 0 0 -1
    outer loop
      vertex -53.0228 -51.7852 0
      vertex -53.3 -51.6 0
      vertex -53.0402 -51.75 0
    endloop
  endfacet
  facet normal 0 0 -1
    outer loop
      vertex -53.3 -52.3 0
      vertex -53.0879 -52.2121 0
      vertex -53.1174 -52.238 0
    endloop
  endfacet
  facet normal 0 0 -1
    outer loop
      vertex -53.0402 -51.75 0
      vertex -53.3 -51.6 0
      vertex -53.062 -51.7174 0
    endloop
  endfacet
  facet normal 0 0 -1
    outer loop
      vertex -53.3 -52.3 0
      vertex -53.1174 -52.238 0
      vertex -53.15 -52.2598 0
    endloop
  endfacet
  facet normal 0 0 -1
    outer loop
      vertex -53.062 -51.7174 0
      vertex -53.3 -51.6 0
      vertex -53.0879 -51.6879 0
    endloop
  endfacet
  facet normal 0 0 -1
    outer loop
      vertex -53.3 -52.3 0
      vertex -53.15 -52.2598 0
      vertex -53.1852 -52.2771 0
    endloop
  endfacet
  facet normal 0 0 -1
    outer loop
      vertex -53.0879 -51.6879 0
      vertex -53.3 -51.6 0
      vertex -53.1174 -51.662 0
    endloop
  endfacet
  facet normal 0 0 -1
    outer loop
      vertex -53.3 -52.3 0
      vertex -53.1852 -52.2771 0
      vertex -53.2224 -52.2898 0
    endloop
  endfacet
  facet normal 0 0 -1
    outer loop
      vertex -53.1174 -51.662 0
      vertex -53.3 -51.6 0
      vertex -53.15 -51.6402 0
    endloop
  endfacet
  facet normal 0 0 -1
    outer loop
      vertex -53.3 -52.3 0
      vertex -53.2224 -52.2898 0
      vertex -53.2608 -52.2974 0
    endloop
  endfacet
  facet normal 0 0 -1
    outer loop
      vertex -53.15 -51.6402 0
      vertex -53.3 -51.6 0
      vertex -53.1852 -51.6228 0
    endloop
  endfacet
  facet normal 0 0 -1
    outer loop
      vertex -53.1852 -51.6228 0
      vertex -53.3 -51.6 0
      vertex -53.2224 -51.6102 0
    endloop
  endfacet
  facet normal 0 0 -1
    outer loop
      vertex -53.2224 -51.6102 0
      vertex -53.3 -51.6 0
      vertex -53.2608 -51.6026 0
    endloop
  endfacet
  facet normal 0 0 -1
    outer loop
      vertex -53.3 -52.3 0
      vertex -54.6 -51.6 0
      vertex -53.3 -51.6 0
    endloop
  endfacet
  facet normal 0 0 -1
    outer loop
      vertex -57.6 -45.2 0
      vertex -54.6 -45.2 0
      vertex -54.6 -51.6 0
    endloop
  endfacet
  facet normal 0 0 -1
    outer loop
      vertex -54.6 -45.2 0
      vertex -57.6 -40.6 0
      vertex -54.6 -24.8 0
    endloop
  endfacet
  facet normal 0 0 -1
    outer loop
      vertex -57.6 -45.2 0
      vertex -54.6 -51.6 0
      vertex -57.6 -51.6 0
    endloop
  endfacet
  facet normal 0 0 -1
    outer loop
      vertex -58.3 -52.3 0
      vertex -54.6 -51.6 0
      vertex -53.3 -52.3 0
    endloop
  endfacet
  facet normal -0 0 -1
    outer loop
      vertex -54.6 -51.6 0
      vertex -58.3 -52.3 0
      vertex -57.6 -51.6 0
    endloop
  endfacet
  facet normal 0 0 -1
    outer loop
      vertex -58.3 -52.3 0
      vertex -58.3 -51.6 0
      vertex -57.6 -51.6 0
    endloop
  endfacet
  facet normal 0 0 -1
    outer loop
      vertex -58.6 -52 0
      vertex -58.3 -52.3 0
      vertex -58.3391 -52.2974 0
    endloop
  endfacet
  facet normal 0 0 -1
    outer loop
      vertex -58.3 -52.3 0
      vertex -58.6 -52 0
      vertex -58.3 -51.6 0
    endloop
  endfacet
  facet normal 0 0 -1
    outer loop
      vertex -58.6 -52 0
      vertex -58.3391 -52.2974 0
      vertex -58.3776 -52.2898 0
    endloop
  endfacet
  facet normal 0 0 -1
    outer loop
      vertex -58.6 -51.9 0
      vertex -58.3 -51.6 0
      vertex -58.6 -52 0
    endloop
  endfacet
  facet normal 0 0 -1
    outer loop
      vertex -58.6 -52 0
      vertex -58.3776 -52.2898 0
      vertex -58.4148 -52.2771 0
    endloop
  endfacet
  facet normal 0 0 -1
    outer loop
      vertex -58.3 -51.6 0
      vertex -58.6 -51.9 0
      vertex -58.3391 -51.6026 0
    endloop
  endfacet
  facet normal 0 0 -1
    outer loop
      vertex -58.6 -52 0
      vertex -58.4148 -52.2771 0
      vertex -58.45 -52.2598 0
    endloop
  endfacet
  facet normal 0 0 -1
    outer loop
      vertex -58.3391 -51.6026 0
      vertex -58.6 -51.9 0
      vertex -58.3776 -51.6102 0
    endloop
  endfacet
  facet normal 0 0 -1
    outer loop
      vertex -58.6 -52 0
      vertex -58.45 -52.2598 0
      vertex -58.4826 -52.238 0
    endloop
  endfacet
  facet normal 0 0 -1
    outer loop
      vertex -58.3776 -51.6102 0
      vertex -58.6 -51.9 0
      vertex -58.4148 -51.6228 0
    endloop
  endfacet
  facet normal 0 0 -1
    outer loop
      vertex -58.6 -52 0
      vertex -58.4826 -52.238 0
      vertex -58.5121 -52.2121 0
    endloop
  endfacet
  facet normal 0 0 -1
    outer loop
      vertex -58.4148 -51.6228 0
      vertex -58.6 -51.9 0
      vertex -58.45 -51.6402 0
    endloop
  endfacet
  facet normal 0 0 -1
    outer loop
      vertex -58.6 -52 0
      vertex -58.5121 -52.2121 0
      vertex -58.538 -52.1826 0
    endloop
  endfacet
  facet normal 0 0 -1
    outer loop
      vertex -58.45 -51.6402 0
      vertex -58.6 -51.9 0
      vertex -58.4826 -51.662 0
    endloop
  endfacet
  facet normal 0 0 -1
    outer loop
      vertex -58.6 -52 0
      vertex -58.538 -52.1826 0
      vertex -58.5598 -52.15 0
    endloop
  endfacet
  facet normal 0 0 -1
    outer loop
      vertex -58.4826 -51.662 0
      vertex -58.6 -51.9 0
      vertex -58.5121 -51.6879 0
    endloop
  endfacet
  facet normal 0 0 -1
    outer loop
      vertex -58.6 -52 0
      vertex -58.5598 -52.15 0
      vertex -58.5771 -52.1148 0
    endloop
  endfacet
  facet normal 0 0 -1
    outer loop
      vertex -58.5121 -51.6879 0
      vertex -58.6 -51.9 0
      vertex -58.538 -51.7174 0
    endloop
  endfacet
  facet normal 0 0 -1
    outer loop
      vertex -58.6 -52 0
      vertex -58.5771 -52.1148 0
      vertex -58.5898 -52.0776 0
    endloop
  endfacet
  facet normal 0 0 -1
    outer loop
      vertex -58.538 -51.7174 0
      vertex -58.6 -51.9 0
      vertex -58.5598 -51.75 0
    endloop
  endfacet
  facet normal 0 0 -1
    outer loop
      vertex -58.6 -52 0
      vertex -58.5898 -52.0776 0
      vertex -58.5974 -52.0391 0
    endloop
  endfacet
  facet normal 0 0 -1
    outer loop
      vertex -58.5598 -51.75 0
      vertex -58.6 -51.9 0
      vertex -58.5771 -51.7852 0
    endloop
  endfacet
  facet normal 0 0 -1
    outer loop
      vertex -58.5771 -51.7852 0
      vertex -58.6 -51.9 0
      vertex -58.5898 -51.8223 0
    endloop
  endfacet
  facet normal 0 0 -1
    outer loop
      vertex -58.5898 -51.8223 0
      vertex -58.6 -51.9 0
      vertex -58.5974 -51.8608 0
    endloop
  endfacet
  facet normal 0 0 -1
    outer loop
      vertex -54.6 -45.2 0
      vertex -52.6 -42 0
      vertex -52.6 -45.2 0
    endloop
  endfacet
  facet normal -0 0 -1
    outer loop
      vertex -52.6 -42 0
      vertex -54.6 -45.2 0
      vertex -52.6 -28 0
    endloop
  endfacet
  facet normal 0 0 -1
    outer loop
      vertex -54.6 -24.8 0
      vertex -52.6 -28 0
      vertex -54.6 -45.2 0
    endloop
  endfacet
  facet normal 0 0 -1
    outer loop
      vertex -52.6 -28 0
      vertex -54.6 -24.8 0
      vertex -52.6 -24.8 0
    endloop
  endfacet
  facet normal 0 0 -1
    outer loop
      vertex -53.3 -18.4 0
      vertex -53 -18.1 0
      vertex -53.0026 -18.1392 0
    endloop
  endfacet
  facet normal -0 0 -1
    outer loop
      vertex -53 -18.1 0
      vertex -53.3 -18.4 0
      vertex -53 -18 0
    endloop
  endfacet
  facet normal 0 0 -1
    outer loop
      vertex -53.3 -18.4 0
      vertex -53.0026 -18.1392 0
      vertex -53.0102 -18.1777 0
    endloop
  endfacet
  facet normal 0 0 -1
    outer loop
      vertex -53.3 -17.7 0
      vertex -53 -18 0
      vertex -53.3 -18.4 0
    endloop
  endfacet
  facet normal 0 0 -1
    outer loop
      vertex -53.3 -18.4 0
      vertex -53.0102 -18.1777 0
      vertex -53.0228 -18.2148 0
    endloop
  endfacet
  facet normal 0 0 -1
    outer loop
      vertex -53 -18 0
      vertex -53.3 -17.7 0
      vertex -53.0026 -17.9609 0
    endloop
  endfacet
  facet normal 0 0 -1
    outer loop
      vertex -53.3 -18.4 0
      vertex -53.0228 -18.2148 0
      vertex -53.0402 -18.25 0
    endloop
  endfacet
  facet normal 0 0 -1
    outer loop
      vertex -53.0026 -17.9609 0
      vertex -53.3 -17.7 0
      vertex -53.0102 -17.9224 0
    endloop
  endfacet
  facet normal 0 0 -1
    outer loop
      vertex -53.3 -18.4 0
      vertex -53.0402 -18.25 0
      vertex -53.062 -18.2826 0
    endloop
  endfacet
  facet normal 0 0 -1
    outer loop
      vertex -53.0102 -17.9224 0
      vertex -53.3 -17.7 0
      vertex -53.0228 -17.8852 0
    endloop
  endfacet
  facet normal 0 0 -1
    outer loop
      vertex -53.3 -18.4 0
      vertex -53.062 -18.2826 0
      vertex -53.0879 -18.3121 0
    endloop
  endfacet
  facet normal 0 0 -1
    outer loop
      vertex -53.0228 -17.8852 0
      vertex -53.3 -17.7 0
      vertex -53.0402 -17.85 0
    endloop
  endfacet
  facet normal 0 0 -1
    outer loop
      vertex -53.3 -18.4 0
      vertex -53.0879 -18.3121 0
      vertex -53.1174 -18.338 0
    endloop
  endfacet
  facet normal 0 0 -1
    outer loop
      vertex -53.0402 -17.85 0
      vertex -53.3 -17.7 0
      vertex -53.062 -17.8174 0
    endloop
  endfacet
  facet normal 0 0 -1
    outer loop
      vertex -53.3 -18.4 0
      vertex -53.1174 -18.338 0
      vertex -53.15 -18.3598 0
    endloop
  endfacet
  facet normal 0 0 -1
    outer loop
      vertex -53.062 -17.8174 0
      vertex -53.3 -17.7 0
      vertex -53.0879 -17.7879 0
    endloop
  endfacet
  facet normal 0 0 -1
    outer loop
      vertex -53.3 -18.4 0
      vertex -53.15 -18.3598 0
      vertex -53.1852 -18.3772 0
    endloop
  endfacet
  facet normal 0 0 -1
    outer loop
      vertex -53.0879 -17.7879 0
      vertex -53.3 -17.7 0
      vertex -53.1174 -17.762 0
    endloop
  endfacet
  facet normal 0 0 -1
    outer loop
      vertex -53.3 -18.4 0
      vertex -53.1852 -18.3772 0
      vertex -53.2224 -18.3898 0
    endloop
  endfacet
  facet normal 0 0 -1
    outer loop
      vertex -53.1174 -17.762 0
      vertex -53.3 -17.7 0
      vertex -53.15 -17.7402 0
    endloop
  endfacet
  facet normal 0 0 -1
    outer loop
      vertex -53.3 -18.4 0
      vertex -53.2224 -18.3898 0
      vertex -53.2608 -18.3974 0
    endloop
  endfacet
  facet normal 0 0 -1
    outer loop
      vertex -53.15 -17.7402 0
      vertex -53.3 -17.7 0
      vertex -53.1852 -17.7229 0
    endloop
  endfacet
  facet normal 0 0 -1
    outer loop
      vertex -53.1852 -17.7229 0
      vertex -53.3 -17.7 0
      vertex -53.2224 -17.7102 0
    endloop
  endfacet
  facet normal 0 0 -1
    outer loop
      vertex -53.2224 -17.7102 0
      vertex -53.3 -17.7 0
      vertex -53.2608 -17.7026 0
    endloop
  endfacet
  facet normal 0 0 -1
    outer loop
      vertex -54.6 -18.4 0
      vertex -53.3 -17.7 0
      vertex -53.3 -18.4 0
    endloop
  endfacet
  facet normal 0 0 -1
    outer loop
      vertex -54.6 -45.2 0
      vertex -57.6 -45.2 0
      vertex -57.6 -44.4 0
    endloop
  endfacet
  facet normal 0 0 -1
    outer loop
      vertex -54.6 -45.2 0
      vertex -57.6 -44.4 0
      vertex -57.6 -40.6 0
    endloop
  endfacet
  facet normal 0 0 -1
    outer loop
      vertex -57.6 -29.4 0
      vertex -54.6 -24.8 0
      vertex -57.6 -40.6 0
    endloop
  endfacet
  facet normal 0 0 -1
    outer loop
      vertex -57.6 -25.6 0
      vertex -54.6 -24.8 0
      vertex -57.6 -29.4 0
    endloop
  endfacet
  facet normal 0 0 -1
    outer loop
      vertex -57.6 -24.8 0
      vertex -54.6 -24.8 0
      vertex -57.6 -25.6 0
    endloop
  endfacet
  facet normal 0 0 -1
    outer loop
      vertex -54.6 -24.8 0
      vertex -57.6 -24.8 0
      vertex -54.6 -18.4 0
    endloop
  endfacet
  facet normal 0 0 -1
    outer loop
      vertex -57.6 -18.4 0
      vertex -54.6 -18.4 0
      vertex -57.6 -24.8 0
    endloop
  endfacet
  facet normal 0 0 -1
    outer loop
      vertex -58.3 -17.7 0
      vertex -54.6 -18.4 0
      vertex -57.6 -18.4 0
    endloop
  endfacet
  facet normal 0 0 -1
    outer loop
      vertex -58.3 -17.7 0
      vertex -57.6 -18.4 0
      vertex -58.3 -18.4 0
    endloop
  endfacet
  facet normal 0 0 -1
    outer loop
      vertex -54.6 -18.4 0
      vertex -58.3 -17.7 0
      vertex -53.3 -17.7 0
    endloop
  endfacet
  facet normal 0 0 -1
    outer loop
      vertex -58.6 -18.1 0
      vertex -58.3 -18.4 0
      vertex -58.3391 -18.3974 0
    endloop
  endfacet
  facet normal 0 0 -1
    outer loop
      vertex -58.3 -18.4 0
      vertex -58.6 -18.1 0
      vertex -58.3 -17.7 0
    endloop
  endfacet
  facet normal 0 0 -1
    outer loop
      vertex -58.6 -18.1 0
      vertex -58.3391 -18.3974 0
      vertex -58.3776 -18.3898 0
    endloop
  endfacet
  facet normal 0 0 -1
    outer loop
      vertex -58.6 -18 0
      vertex -58.3 -17.7 0
      vertex -58.6 -18.1 0
    endloop
  endfacet
  facet normal 0 0 -1
    outer loop
      vertex -58.6 -18.1 0
      vertex -58.3776 -18.3898 0
      vertex -58.4148 -18.3772 0
    endloop
  endfacet
  facet normal 0 0 -1
    outer loop
      vertex -58.3 -17.7 0
      vertex -58.6 -18 0
      vertex -58.3391 -17.7026 0
    endloop
  endfacet
  facet normal 0 0 -1
    outer loop
      vertex -58.6 -18.1 0
      vertex -58.4148 -18.3772 0
      vertex -58.45 -18.3598 0
    endloop
  endfacet
  facet normal 0 0 -1
    outer loop
      vertex -58.3391 -17.7026 0
      vertex -58.6 -18 0
      vertex -58.3776 -17.7102 0
    endloop
  endfacet
  facet normal 0 0 -1
    outer loop
      vertex -58.6 -18.1 0
      vertex -58.45 -18.3598 0
      vertex -58.4826 -18.338 0
    endloop
  endfacet
  facet normal 0 0 -1
    outer loop
      vertex -58.3776 -17.7102 0
      vertex -58.6 -18 0
      vertex -58.4148 -17.7229 0
    endloop
  endfacet
  facet normal 0 0 -1
    outer loop
      vertex -58.6 -18.1 0
      vertex -58.4826 -18.338 0
      vertex -58.5121 -18.3121 0
    endloop
  endfacet
  facet normal 0 0 -1
    outer loop
      vertex -58.4148 -17.7229 0
      vertex -58.6 -18 0
      vertex -58.45 -17.7402 0
    endloop
  endfacet
  facet normal 0 0 -1
    outer loop
      vertex -58.6 -18.1 0
      vertex -58.5121 -18.3121 0
      vertex -58.538 -18.2826 0
    endloop
  endfacet
  facet normal 0 0 -1
    outer loop
      vertex -58.45 -17.7402 0
      vertex -58.6 -18 0
      vertex -58.4826 -17.762 0
    endloop
  endfacet
  facet normal 0 0 -1
    outer loop
      vertex -58.6 -18.1 0
      vertex -58.538 -18.2826 0
      vertex -58.5598 -18.25 0
    endloop
  endfacet
  facet normal 0 0 -1
    outer loop
      vertex -58.4826 -17.762 0
      vertex -58.6 -18 0
      vertex -58.5121 -17.7879 0
    endloop
  endfacet
  facet normal 0 0 -1
    outer loop
      vertex -58.6 -18.1 0
      vertex -58.5598 -18.25 0
      vertex -58.5771 -18.2148 0
    endloop
  endfacet
  facet normal 0 0 -1
    outer loop
      vertex -58.5121 -17.7879 0
      vertex -58.6 -18 0
      vertex -58.538 -17.8174 0
    endloop
  endfacet
  facet normal 0 0 -1
    outer loop
      vertex -58.6 -18.1 0
      vertex -58.5771 -18.2148 0
      vertex -58.5898 -18.1777 0
    endloop
  endfacet
  facet normal 0 0 -1
    outer loop
      vertex -58.538 -17.8174 0
      vertex -58.6 -18 0
      vertex -58.5598 -17.85 0
    endloop
  endfacet
  facet normal 0 0 -1
    outer loop
      vertex -58.6 -18.1 0
      vertex -58.5898 -18.1777 0
      vertex -58.5974 -18.1392 0
    endloop
  endfacet
  facet normal 0 0 -1
    outer loop
      vertex -58.5598 -17.85 0
      vertex -58.6 -18 0
      vertex -58.5771 -17.8852 0
    endloop
  endfacet
  facet normal 0 0 -1
    outer loop
      vertex -58.5771 -17.8852 0
      vertex -58.6 -18 0
      vertex -58.5898 -17.9224 0
    endloop
  endfacet
  facet normal 0 0 -1
    outer loop
      vertex -58.5898 -17.9224 0
      vertex -58.6 -18 0
      vertex -58.5974 -17.9609 0
    endloop
  endfacet
  facet normal 0 0 -1
    outer loop
      vertex -30.2929 -36.7071 0
      vertex -25 -38 0
      vertex -25 -40 0
    endloop
  endfacet
  facet normal 0 0 -1
    outer loop
      vertex -25 -38 0
      vertex -30 -36 0
      vertex -25 -32 0
    endloop
  endfacet
  facet normal 0 0 -1
    outer loop
      vertex -30 -34 0
      vertex -25 -32 0
      vertex -30 -36 0
    endloop
  endfacet
  facet normal 0 0 -1
    outer loop
      vertex -25 -38 0
      vertex -30.0086 -36.1305 0
      vertex -30 -36 0
    endloop
  endfacet
  facet normal 0 0 -1
    outer loop
      vertex -25 -38 0
      vertex -30.0341 -36.2588 0
      vertex -30.0086 -36.1305 0
    endloop
  endfacet
  facet normal 0 0 -1
    outer loop
      vertex -25 -38 0
      vertex -30.0761 -36.3827 0
      vertex -30.0341 -36.2588 0
    endloop
  endfacet
  facet normal 0 0 -1
    outer loop
      vertex -25 -38 0
      vertex -30.134 -36.5 0
      vertex -30.0761 -36.3827 0
    endloop
  endfacet
  facet normal 0 0 -1
    outer loop
      vertex -25 -38 0
      vertex -30.2066 -36.6088 0
      vertex -30.134 -36.5 0
    endloop
  endfacet
  facet normal 0 0 -1
    outer loop
      vertex -25 -38 0
      vertex -30.2929 -36.7071 0
      vertex -30.2066 -36.6088 0
    endloop
  endfacet
  facet normal 0 0 -1
    outer loop
      vertex -25 -40 0
      vertex -30.3912 -36.7934 0
      vertex -30.2929 -36.7071 0
    endloop
  endfacet
  facet normal 0 0 -1
    outer loop
      vertex -25 -40 0
      vertex -30.5 -36.866 0
      vertex -30.3912 -36.7934 0
    endloop
  endfacet
  facet normal 0 0 -1
    outer loop
      vertex -25 -40 0
      vertex -30.6173 -36.9239 0
      vertex -30.5 -36.866 0
    endloop
  endfacet
  facet normal 0 0 -1
    outer loop
      vertex -25 -40 0
      vertex -30.7412 -36.9659 0
      vertex -30.6173 -36.9239 0
    endloop
  endfacet
  facet normal 0 0 -1
    outer loop
      vertex -25 -40 0
      vertex -30.8695 -36.9914 0
      vertex -30.7412 -36.9659 0
    endloop
  endfacet
  facet normal 0 0 -1
    outer loop
      vertex -25 -40 0
      vertex -31 -37 0
      vertex -30.8695 -36.9914 0
    endloop
  endfacet
  facet normal 0 0 -1
    outer loop
      vertex -50.6 -40 0
      vertex -31 -37 0
      vertex -25 -40 0
    endloop
  endfacet
  facet normal -0 0 -1
    outer loop
      vertex -31 -37 0
      vertex -50.6 -40 0
      vertex -49 -37 0
    endloop
  endfacet
  facet normal 0 0 -1
    outer loop
      vertex -51.6 -40.2679 0
      vertex -49.9239 -36.3827 0
      vertex -51.3654 -40.1522 0
    endloop
  endfacet
  facet normal -0 0 -1
    outer loop
      vertex -49.866 -36.5 0
      vertex -51.3654 -40.1522 0
      vertex -49.9239 -36.3827 0
    endloop
  endfacet
  facet normal 0 0 -1
    outer loop
      vertex -51.3654 -40.1522 0
      vertex -49.866 -36.5 0
      vertex -51.1176 -40.0681 0
    endloop
  endfacet
  facet normal -0 0 -1
    outer loop
      vertex -49.7934 -36.6088 0
      vertex -51.1176 -40.0681 0
      vertex -49.866 -36.5 0
    endloop
  endfacet
  facet normal 0 0 -1
    outer loop
      vertex -51.1176 -40.0681 0
      vertex -49.7934 -36.6088 0
      vertex -50.861 -40.0171 0
    endloop
  endfacet
  facet normal -0 0 -1
    outer loop
      vertex -49.7071 -36.7071 0
      vertex -50.861 -40.0171 0
      vertex -49.7934 -36.6088 0
    endloop
  endfacet
  facet normal -0 0 -1
    outer loop
      vertex -49.6088 -36.7934 0
      vertex -50.861 -40.0171 0
      vertex -49.7071 -36.7071 0
    endloop
  endfacet
  facet normal 0 0 -1
    outer loop
      vertex -50.861 -40.0171 0
      vertex -49.6088 -36.7934 0
      vertex -50.6 -40 0
    endloop
  endfacet
  facet normal -0 0 -1
    outer loop
      vertex -49.5 -36.866 0
      vertex -50.6 -40 0
      vertex -49.6088 -36.7934 0
    endloop
  endfacet
  facet normal -0 0 -1
    outer loop
      vertex -49.3827 -36.9239 0
      vertex -50.6 -40 0
      vertex -49.5 -36.866 0
    endloop
  endfacet
  facet normal -0 0 -1
    outer loop
      vertex -49.2588 -36.9659 0
      vertex -50.6 -40 0
      vertex -49.3827 -36.9239 0
    endloop
  endfacet
  facet normal -0 0 -1
    outer loop
      vertex -49.1305 -36.9914 0
      vertex -50.6 -40 0
      vertex -49.2588 -36.9659 0
    endloop
  endfacet
  facet normal -0 0 -1
    outer loop
      vertex -49 -37 0
      vertex -50.6 -40 0
      vertex -49.1305 -36.9914 0
    endloop
  endfacet
  facet normal 0 0 -1
    outer loop
      vertex -30.0086 -33.8695 0
      vertex -25 -32 0
      vertex -30 -34 0
    endloop
  endfacet
  facet normal 0 0 -1
    outer loop
      vertex -30.0341 -33.7412 0
      vertex -25 -32 0
      vertex -30.0086 -33.8695 0
    endloop
  endfacet
  facet normal 0 0 -1
    outer loop
      vertex -30.0761 -33.6173 0
      vertex -25 -32 0
      vertex -30.0341 -33.7412 0
    endloop
  endfacet
  facet normal 0 0 -1
    outer loop
      vertex -30.134 -33.5 0
      vertex -25 -32 0
      vertex -30.0761 -33.6173 0
    endloop
  endfacet
  facet normal 0 0 -1
    outer loop
      vertex -30.2066 -33.3912 0
      vertex -25 -32 0
      vertex -30.134 -33.5 0
    endloop
  endfacet
  facet normal 0 0 -1
    outer loop
      vertex -30.2929 -33.2929 0
      vertex -25 -32 0
      vertex -30.2066 -33.3912 0
    endloop
  endfacet
  facet normal -0 0 -1
    outer loop
      vertex -25 -32 0
      vertex -30.2929 -33.2929 0
      vertex -25 -30 0
    endloop
  endfacet
  facet normal 0 0 -1
    outer loop
      vertex -30.3912 -33.2066 0
      vertex -25 -30 0
      vertex -30.2929 -33.2929 0
    endloop
  endfacet
  facet normal 0 0 -1
    outer loop
      vertex -30.5 -33.134 0
      vertex -25 -30 0
      vertex -30.3912 -33.2066 0
    endloop
  endfacet
  facet normal 0 0 -1
    outer loop
      vertex -30.6173 -33.0761 0
      vertex -25 -30 0
      vertex -30.5 -33.134 0
    endloop
  endfacet
  facet normal 0 0 -1
    outer loop
      vertex -30.7412 -33.0341 0
      vertex -25 -30 0
      vertex -30.6173 -33.0761 0
    endloop
  endfacet
  facet normal 0 0 -1
    outer loop
      vertex -30.8695 -33.0086 0
      vertex -25 -30 0
      vertex -30.7412 -33.0341 0
    endloop
  endfacet
  facet normal 0 0 -1
    outer loop
      vertex -31 -33 0
      vertex -25 -30 0
      vertex -30.8695 -33.0086 0
    endloop
  endfacet
  facet normal 0 0 -1
    outer loop
      vertex -50.6 -30 0
      vertex -31 -33 0
      vertex -49 -33 0
    endloop
  endfacet
  facet normal 0 0 -1
    outer loop
      vertex -50.6 -30 0
      vertex -49 -33 0
      vertex -49.1305 -33.0086 0
    endloop
  endfacet
  facet normal -0 0 -1
    outer loop
      vertex -49.9239 -36.3827 0
      vertex -51.6 -40.2679 0
      vertex -49.9659 -36.2588 0
    endloop
  endfacet
  facet normal 0 0 -1
    outer loop
      vertex -31 -33 0
      vertex -50.6 -30 0
      vertex -25 -30 0
    endloop
  endfacet
  facet normal 0 0 -1
    outer loop
      vertex -49.2588 -33.0341 0
      vertex -50.6 -30 0
      vertex -49.1305 -33.0086 0
    endloop
  endfacet
  facet normal 0 0 -1
    outer loop
      vertex -49.3827 -33.0761 0
      vertex -50.6 -30 0
      vertex -49.2588 -33.0341 0
    endloop
  endfacet
  facet normal 0 0 -1
    outer loop
      vertex -49.5 -33.134 0
      vertex -50.6 -30 0
      vertex -49.3827 -33.0761 0
    endloop
  endfacet
  facet normal 0 0 -1
    outer loop
      vertex -49.6088 -33.2066 0
      vertex -50.6 -30 0
      vertex -49.5 -33.134 0
    endloop
  endfacet
  facet normal 0 0 -1
    outer loop
      vertex -50.861 -29.9829 0
      vertex -49.6088 -33.2066 0
      vertex -49.7071 -33.2929 0
    endloop
  endfacet
  facet normal 0 0 -1
    outer loop
      vertex -50.861 -29.9829 0
      vertex -49.7071 -33.2929 0
      vertex -49.7934 -33.3912 0
    endloop
  endfacet
  facet normal 0 0 -1
    outer loop
      vertex -51.1176 -29.9319 0
      vertex -49.7934 -33.3912 0
      vertex -49.866 -33.5 0
    endloop
  endfacet
  facet normal 0 0 -1
    outer loop
      vertex -51.3654 -29.8478 0
      vertex -49.866 -33.5 0
      vertex -49.9239 -33.6173 0
    endloop
  endfacet
  facet normal 0 0 -1
    outer loop
      vertex -51.6 -29.7321 0
      vertex -49.9239 -33.6173 0
      vertex -49.9659 -33.7412 0
    endloop
  endfacet
  facet normal 0 0 -1
    outer loop
      vertex -51.6 -29.7321 0
      vertex -49.9659 -33.7412 0
      vertex -49.9914 -33.8695 0
    endloop
  endfacet
  facet normal -0 0 -1
    outer loop
      vertex -49.9659 -36.2588 0
      vertex -51.6 -40.2679 0
      vertex -49.9914 -36.1305 0
    endloop
  endfacet
  facet normal 0 0 -1
    outer loop
      vertex -51.8175 -40.4133 0
      vertex -49.9914 -36.1305 0
      vertex -51.6 -40.2679 0
    endloop
  endfacet
  facet normal 0 0 -1
    outer loop
      vertex -49.6088 -33.2066 0
      vertex -50.861 -29.9829 0
      vertex -50.6 -30 0
    endloop
  endfacet
  facet normal -0 0 -1
    outer loop
      vertex -49.9914 -36.1305 0
      vertex -51.8175 -40.4133 0
      vertex -50 -36 0
    endloop
  endfacet
  facet normal 0 0 -1
    outer loop
      vertex -49.7934 -33.3912 0
      vertex -51.1176 -29.9319 0
      vertex -50.861 -29.9829 0
    endloop
  endfacet
  facet normal 0 0 -1
    outer loop
      vertex -52.0142 -40.5858 0
      vertex -50 -36 0
      vertex -51.8175 -40.4133 0
    endloop
  endfacet
  facet normal 0 0 -1
    outer loop
      vertex -49.866 -33.5 0
      vertex -51.3654 -29.8478 0
      vertex -51.1176 -29.9319 0
    endloop
  endfacet
  facet normal -0 0 -1
    outer loop
      vertex -50 -36 0
      vertex -52.0142 -40.5858 0
      vertex -50 -34 0
    endloop
  endfacet
  facet normal 0 0 -1
    outer loop
      vertex -49.9239 -33.6173 0
      vertex -51.6 -29.7321 0
      vertex -51.3654 -29.8478 0
    endloop
  endfacet
  facet normal 0 0 -1
    outer loop
      vertex -52.0142 -29.4142 0
      vertex -50 -34 0
      vertex -52.0142 -40.5858 0
    endloop
  endfacet
  facet normal 0 0 -1
    outer loop
      vertex -49.9914 -33.8695 0
      vertex -51.8175 -29.5867 0
      vertex -51.6 -29.7321 0
    endloop
  endfacet
  facet normal -0 -0 -1
    outer loop
      vertex -51.8175 -29.5867 0
      vertex -50 -34 0
      vertex -52.0142 -29.4142 0
    endloop
  endfacet
  facet normal 0 0 -1
    outer loop
      vertex -50 -34 0
      vertex -51.8175 -29.5867 0
      vertex -49.9914 -33.8695 0
    endloop
  endfacet
  facet normal 0 0 -1
    outer loop
      vertex -52.1867 -40.7825 0
      vertex -52.0142 -29.4142 0
      vertex -52.0142 -40.5858 0
    endloop
  endfacet
  facet normal 0 0 -1
    outer loop
      vertex -52.1867 -40.7825 0
      vertex -52.1867 -29.2175 0
      vertex -52.0142 -29.4142 0
    endloop
  endfacet
  facet normal 0 0 -1
    outer loop
      vertex -52.332 -41 0
      vertex -52.1867 -29.2175 0
      vertex -52.1867 -40.7825 0
    endloop
  endfacet
  facet normal 0 0 -1
    outer loop
      vertex -52.332 -41 0
      vertex -52.332 -29 0
      vertex -52.1867 -29.2175 0
    endloop
  endfacet
  facet normal 0 0 -1
    outer loop
      vertex -52.4478 -41.2346 0
      vertex -52.332 -29 0
      vertex -52.332 -41 0
    endloop
  endfacet
  facet normal 0 0 -1
    outer loop
      vertex -52.4478 -41.2346 0
      vertex -52.4478 -28.7654 0
      vertex -52.332 -29 0
    endloop
  endfacet
  facet normal 0 0 -1
    outer loop
      vertex -52.5318 -41.4824 0
      vertex -52.4478 -28.7654 0
      vertex -52.4478 -41.2346 0
    endloop
  endfacet
  facet normal 0 0 -1
    outer loop
      vertex -52.5318 -41.4824 0
      vertex -52.5318 -28.5176 0
      vertex -52.4478 -28.7654 0
    endloop
  endfacet
  facet normal 0 0 -1
    outer loop
      vertex -52.5829 -41.739 0
      vertex -52.5318 -28.5176 0
      vertex -52.5318 -41.4824 0
    endloop
  endfacet
  facet normal 0 0 -1
    outer loop
      vertex -52.5829 -41.739 0
      vertex -52.5829 -28.261 0
      vertex -52.5318 -28.5176 0
    endloop
  endfacet
  facet normal 0 0 -1
    outer loop
      vertex -52.6 -42 0
      vertex -52.5829 -28.261 0
      vertex -52.5829 -41.739 0
    endloop
  endfacet
  facet normal -0 0 -1
    outer loop
      vertex -52.5829 -28.261 0
      vertex -52.6 -42 0
      vertex -52.6 -28 0
    endloop
  endfacet
  facet normal 0 0 -1
    outer loop
      vertex -19.325 -36.725 0
      vertex -17.4 -37.5 0
      vertex -17.9 -38 0
    endloop
  endfacet
  facet normal 0 0 -1
    outer loop
      vertex -17.4 -37.5 0
      vertex -19.325 -36.725 0
      vertex -17.4 -32.5 0
    endloop
  endfacet
  facet normal 0 0 -1
    outer loop
      vertex -19.325 -33.275 0
      vertex -17.4 -32.5 0
      vertex -19.325 -36.725 0
    endloop
  endfacet
  facet normal 0 0 -1
    outer loop
      vertex -17.9 -38 0
      vertex -22.775 -36.725 0
      vertex -19.325 -36.725 0
    endloop
  endfacet
  facet normal -0 0 -1
    outer loop
      vertex -22.775 -36.725 0
      vertex -25 -38 0
      vertex -22.775 -33.275 0
    endloop
  endfacet
  facet normal 0 0 -1
    outer loop
      vertex -25 -38 0
      vertex -22.775 -36.725 0
      vertex -17.9 -38 0
    endloop
  endfacet
  facet normal -0 0 -1
    outer loop
      vertex -17.4 -32.5 0
      vertex -19.325 -33.275 0
      vertex -17.9 -32 0
    endloop
  endfacet
  facet normal 0 0 -1
    outer loop
      vertex -22.775 -33.275 0
      vertex -17.9 -32 0
      vertex -19.325 -33.275 0
    endloop
  endfacet
  facet normal 0 0 -1
    outer loop
      vertex -22.775 -33.275 0
      vertex -25 -32 0
      vertex -17.9 -32 0
    endloop
  endfacet
  facet normal 0 0 -1
    outer loop
      vertex -25 -32 0
      vertex -22.775 -33.275 0
      vertex -25 -38 0
    endloop
  endfacet
  facet normal -0 0 1
    outer loop
      vertex -58.6 -44.4 6
      vertex -57.6 -45.2 6
      vertex -57.6 -44.4 6
    endloop
  endfacet
  facet normal 0 0 1
    outer loop
      vertex -57.6 -45.2 6
      vertex -58.6 -44.4 6
      vertex -58.6 -45.2 6
    endloop
  endfacet
  facet normal -0 0 1
    outer loop
      vertex -58.6 -29.4 6
      vertex -57.6 -40.6 6
      vertex -57.6 -29.4 6
    endloop
  endfacet
  facet normal 0 0 1
    outer loop
      vertex -57.6 -40.6 6
      vertex -58.6 -29.4 6
      vertex -58.6 -40.6 6
    endloop
  endfacet
  facet normal -0 0 1
    outer loop
      vertex -58.6 -24.8 6
      vertex -57.6 -25.6 6
      vertex -57.6 -24.8 6
    endloop
  endfacet
  facet normal 0 0 1
    outer loop
      vertex -57.6 -25.6 6
      vertex -58.6 -24.8 6
      vertex -58.6 -25.6 6
    endloop
  endfacet
  facet normal 0 0 1
    outer loop
      vertex -53.3 -17.7 6
      vertex -53 -18 6
      vertex -53.0026 -17.9609 6
    endloop
  endfacet
  facet normal 0 0 1
    outer loop
      vertex -53 -18 6
      vertex -53.3 -17.7 6
      vertex -53 -18.1 6
    endloop
  endfacet
  facet normal 0 0 1
    outer loop
      vertex -53.3 -17.7 6
      vertex -53.0026 -17.9609 6
      vertex -53.0102 -17.9224 6
    endloop
  endfacet
  facet normal 0 0 1
    outer loop
      vertex -53.3 -18.4 6
      vertex -53 -18.1 6
      vertex -53.3 -17.7 6
    endloop
  endfacet
  facet normal 0 0 1
    outer loop
      vertex -53.3 -17.7 6
      vertex -53.0102 -17.9224 6
      vertex -53.0228 -17.8852 6
    endloop
  endfacet
  facet normal 0 0 1
    outer loop
      vertex -53 -18.1 6
      vertex -53.3 -18.4 6
      vertex -53.0026 -18.1392 6
    endloop
  endfacet
  facet normal 0 0 1
    outer loop
      vertex -53.3 -17.7 6
      vertex -53.0228 -17.8852 6
      vertex -53.0402 -17.85 6
    endloop
  endfacet
  facet normal 0 0 1
    outer loop
      vertex -53.0026 -18.1392 6
      vertex -53.3 -18.4 6
      vertex -53.0102 -18.1777 6
    endloop
  endfacet
  facet normal 0 0 1
    outer loop
      vertex -53.3 -17.7 6
      vertex -53.0402 -17.85 6
      vertex -53.062 -17.8174 6
    endloop
  endfacet
  facet normal 0 0 1
    outer loop
      vertex -53.0102 -18.1777 6
      vertex -53.3 -18.4 6
      vertex -53.0228 -18.2148 6
    endloop
  endfacet
  facet normal 0 0 1
    outer loop
      vertex -53.3 -17.7 6
      vertex -53.062 -17.8174 6
      vertex -53.0879 -17.7879 6
    endloop
  endfacet
  facet normal 0 0 1
    outer loop
      vertex -53.0228 -18.2148 6
      vertex -53.3 -18.4 6
      vertex -53.0402 -18.25 6
    endloop
  endfacet
  facet normal 0 0 1
    outer loop
      vertex -53.3 -17.7 6
      vertex -53.0879 -17.7879 6
      vertex -53.1174 -17.762 6
    endloop
  endfacet
  facet normal 0 0 1
    outer loop
      vertex -53.0402 -18.25 6
      vertex -53.3 -18.4 6
      vertex -53.062 -18.2826 6
    endloop
  endfacet
  facet normal 0 0 1
    outer loop
      vertex -53.3 -17.7 6
      vertex -53.1174 -17.762 6
      vertex -53.15 -17.7402 6
    endloop
  endfacet
  facet normal 0 0 1
    outer loop
      vertex -53.062 -18.2826 6
      vertex -53.3 -18.4 6
      vertex -53.0879 -18.3121 6
    endloop
  endfacet
  facet normal 0 0 1
    outer loop
      vertex -53.3 -17.7 6
      vertex -53.15 -17.7402 6
      vertex -53.1852 -17.7229 6
    endloop
  endfacet
  facet normal 0 0 1
    outer loop
      vertex -53.0879 -18.3121 6
      vertex -53.3 -18.4 6
      vertex -53.1174 -18.338 6
    endloop
  endfacet
  facet normal 0 0 1
    outer loop
      vertex -53.3 -17.7 6
      vertex -53.1852 -17.7229 6
      vertex -53.2224 -17.7102 6
    endloop
  endfacet
  facet normal 0 0 1
    outer loop
      vertex -53.1174 -18.338 6
      vertex -53.3 -18.4 6
      vertex -53.15 -18.3598 6
    endloop
  endfacet
  facet normal 0 0 1
    outer loop
      vertex -53.3 -17.7 6
      vertex -53.2224 -17.7102 6
      vertex -53.2608 -17.7026 6
    endloop
  endfacet
  facet normal 0 0 1
    outer loop
      vertex -53.15 -18.3598 6
      vertex -53.3 -18.4 6
      vertex -53.1852 -18.3772 6
    endloop
  endfacet
  facet normal 0 0 1
    outer loop
      vertex -53.1852 -18.3772 6
      vertex -53.3 -18.4 6
      vertex -53.2224 -18.3898 6
    endloop
  endfacet
  facet normal 0 0 1
    outer loop
      vertex -53.2224 -18.3898 6
      vertex -53.3 -18.4 6
      vertex -53.2608 -18.3974 6
    endloop
  endfacet
  facet normal 0 0 1
    outer loop
      vertex -53.3 -17.7 6
      vertex -54.6 -18.4 6
      vertex -53.3 -18.4 6
    endloop
  endfacet
  facet normal 0 0 1
    outer loop
      vertex -57.6 -24.8 6
      vertex -54.6 -24.8 6
      vertex -54.6 -18.4 6
    endloop
  endfacet
  facet normal 0 0 1
    outer loop
      vertex -54.6 -24.8 6
      vertex -57.6 -29.4 6
      vertex -54.6 -45.2 6
    endloop
  endfacet
  facet normal 0 0 1
    outer loop
      vertex -57.6 -24.8 6
      vertex -54.6 -18.4 6
      vertex -57.6 -18.4 6
    endloop
  endfacet
  facet normal -0 0 1
    outer loop
      vertex -58.3 -17.7 6
      vertex -54.6 -18.4 6
      vertex -53.3 -17.7 6
    endloop
  endfacet
  facet normal 0 0 1
    outer loop
      vertex -54.6 -18.4 6
      vertex -58.3 -17.7 6
      vertex -57.6 -18.4 6
    endloop
  endfacet
  facet normal 0 0 1
    outer loop
      vertex -58.3 -17.7 6
      vertex -58.3 -18.4 6
      vertex -57.6 -18.4 6
    endloop
  endfacet
  facet normal 0 0 1
    outer loop
      vertex -58.6 -18 6
      vertex -58.3 -17.7 6
      vertex -58.3391 -17.7026 6
    endloop
  endfacet
  facet normal 0 0 1
    outer loop
      vertex -58.3 -17.7 6
      vertex -58.6 -18 6
      vertex -58.3 -18.4 6
    endloop
  endfacet
  facet normal 0 0 1
    outer loop
      vertex -58.6 -18 6
      vertex -58.3391 -17.7026 6
      vertex -58.3776 -17.7102 6
    endloop
  endfacet
  facet normal -0 0 1
    outer loop
      vertex -58.6 -18.1 6
      vertex -58.3 -18.4 6
      vertex -58.6 -18 6
    endloop
  endfacet
  facet normal 0 0 1
    outer loop
      vertex -58.6 -18 6
      vertex -58.3776 -17.7102 6
      vertex -58.4148 -17.7229 6
    endloop
  endfacet
  facet normal 0 0 1
    outer loop
      vertex -58.3 -18.4 6
      vertex -58.6 -18.1 6
      vertex -58.3391 -18.3974 6
    endloop
  endfacet
  facet normal 0 0 1
    outer loop
      vertex -58.6 -18 6
      vertex -58.4148 -17.7229 6
      vertex -58.45 -17.7402 6
    endloop
  endfacet
  facet normal 0 0 1
    outer loop
      vertex -58.3391 -18.3974 6
      vertex -58.6 -18.1 6
      vertex -58.3776 -18.3898 6
    endloop
  endfacet
  facet normal 0 0 1
    outer loop
      vertex -58.6 -18 6
      vertex -58.45 -17.7402 6
      vertex -58.4826 -17.762 6
    endloop
  endfacet
  facet normal 0 0 1
    outer loop
      vertex -58.3776 -18.3898 6
      vertex -58.6 -18.1 6
      vertex -58.4148 -18.3772 6
    endloop
  endfacet
  facet normal 0 0 1
    outer loop
      vertex -58.6 -18 6
      vertex -58.4826 -17.762 6
      vertex -58.5121 -17.7879 6
    endloop
  endfacet
  facet normal 0 0 1
    outer loop
      vertex -58.4148 -18.3772 6
      vertex -58.6 -18.1 6
      vertex -58.45 -18.3598 6
    endloop
  endfacet
  facet normal 0 0 1
    outer loop
      vertex -58.6 -18 6
      vertex -58.5121 -17.7879 6
      vertex -58.538 -17.8174 6
    endloop
  endfacet
  facet normal 0 0 1
    outer loop
      vertex -58.45 -18.3598 6
      vertex -58.6 -18.1 6
      vertex -58.4826 -18.338 6
    endloop
  endfacet
  facet normal 0 0 1
    outer loop
      vertex -58.6 -18 6
      vertex -58.538 -17.8174 6
      vertex -58.5598 -17.85 6
    endloop
  endfacet
  facet normal 0 0 1
    outer loop
      vertex -58.4826 -18.338 6
      vertex -58.6 -18.1 6
      vertex -58.5121 -18.3121 6
    endloop
  endfacet
  facet normal 0 0 1
    outer loop
      vertex -58.6 -18 6
      vertex -58.5598 -17.85 6
      vertex -58.5771 -17.8852 6
    endloop
  endfacet
  facet normal 0 0 1
    outer loop
      vertex -58.5121 -18.3121 6
      vertex -58.6 -18.1 6
      vertex -58.538 -18.2826 6
    endloop
  endfacet
  facet normal 0 0 1
    outer loop
      vertex -58.6 -18 6
      vertex -58.5771 -17.8852 6
      vertex -58.5898 -17.9224 6
    endloop
  endfacet
  facet normal 0 0 1
    outer loop
      vertex -58.538 -18.2826 6
      vertex -58.6 -18.1 6
      vertex -58.5598 -18.25 6
    endloop
  endfacet
  facet normal 0 0 1
    outer loop
      vertex -58.6 -18 6
      vertex -58.5898 -17.9224 6
      vertex -58.5974 -17.9609 6
    endloop
  endfacet
  facet normal 0 0 1
    outer loop
      vertex -58.5598 -18.25 6
      vertex -58.6 -18.1 6
      vertex -58.5771 -18.2148 6
    endloop
  endfacet
  facet normal 0 0 1
    outer loop
      vertex -58.5771 -18.2148 6
      vertex -58.6 -18.1 6
      vertex -58.5898 -18.1777 6
    endloop
  endfacet
  facet normal 0 0 1
    outer loop
      vertex -58.5898 -18.1777 6
      vertex -58.6 -18.1 6
      vertex -58.5974 -18.1392 6
    endloop
  endfacet
  facet normal -0 0 1
    outer loop
      vertex -54.6 -24.8 6
      vertex -52.6 -28 6
      vertex -52.6 -24.8 6
    endloop
  endfacet
  facet normal 0 0 1
    outer loop
      vertex -52.6 -28 6
      vertex -54.6 -24.8 6
      vertex -52.6 -42 6
    endloop
  endfacet
  facet normal 0 0 1
    outer loop
      vertex -54.6 -45.2 6
      vertex -52.6 -42 6
      vertex -54.6 -24.8 6
    endloop
  endfacet
  facet normal 0 0 1
    outer loop
      vertex -52.6 -42 6
      vertex -54.6 -45.2 6
      vertex -52.6 -45.2 6
    endloop
  endfacet
  facet normal 0 0 1
    outer loop
      vertex -53.3 -51.6 6
      vertex -53 -51.9 6
      vertex -53.0026 -51.8608 6
    endloop
  endfacet
  facet normal 0 0 1
    outer loop
      vertex -53 -51.9 6
      vertex -53.3 -51.6 6
      vertex -53 -52 6
    endloop
  endfacet
  facet normal 0 0 1
    outer loop
      vertex -53.3 -51.6 6
      vertex -53.0026 -51.8608 6
      vertex -53.0102 -51.8223 6
    endloop
  endfacet
  facet normal 0 0 1
    outer loop
      vertex -53.3 -52.3 6
      vertex -53 -52 6
      vertex -53.3 -51.6 6
    endloop
  endfacet
  facet normal 0 0 1
    outer loop
      vertex -53.3 -51.6 6
      vertex -53.0102 -51.8223 6
      vertex -53.0228 -51.7852 6
    endloop
  endfacet
  facet normal 0 0 1
    outer loop
      vertex -53 -52 6
      vertex -53.3 -52.3 6
      vertex -53.0026 -52.0391 6
    endloop
  endfacet
  facet normal 0 0 1
    outer loop
      vertex -53.3 -51.6 6
      vertex -53.0228 -51.7852 6
      vertex -53.0402 -51.75 6
    endloop
  endfacet
  facet normal 0 0 1
    outer loop
      vertex -53.0026 -52.0391 6
      vertex -53.3 -52.3 6
      vertex -53.0102 -52.0776 6
    endloop
  endfacet
  facet normal 0 0 1
    outer loop
      vertex -53.3 -51.6 6
      vertex -53.0402 -51.75 6
      vertex -53.062 -51.7174 6
    endloop
  endfacet
  facet normal 0 0 1
    outer loop
      vertex -53.0102 -52.0776 6
      vertex -53.3 -52.3 6
      vertex -53.0228 -52.1148 6
    endloop
  endfacet
  facet normal 0 0 1
    outer loop
      vertex -53.3 -51.6 6
      vertex -53.062 -51.7174 6
      vertex -53.0879 -51.6879 6
    endloop
  endfacet
  facet normal 0 0 1
    outer loop
      vertex -53.0228 -52.1148 6
      vertex -53.3 -52.3 6
      vertex -53.0402 -52.15 6
    endloop
  endfacet
  facet normal 0 0 1
    outer loop
      vertex -53.3 -51.6 6
      vertex -53.0879 -51.6879 6
      vertex -53.1174 -51.662 6
    endloop
  endfacet
  facet normal 0 0 1
    outer loop
      vertex -53.0402 -52.15 6
      vertex -53.3 -52.3 6
      vertex -53.062 -52.1826 6
    endloop
  endfacet
  facet normal 0 0 1
    outer loop
      vertex -53.3 -51.6 6
      vertex -53.1174 -51.662 6
      vertex -53.15 -51.6402 6
    endloop
  endfacet
  facet normal 0 0 1
    outer loop
      vertex -53.062 -52.1826 6
      vertex -53.3 -52.3 6
      vertex -53.0879 -52.2121 6
    endloop
  endfacet
  facet normal 0 0 1
    outer loop
      vertex -53.3 -51.6 6
      vertex -53.15 -51.6402 6
      vertex -53.1852 -51.6228 6
    endloop
  endfacet
  facet normal 0 0 1
    outer loop
      vertex -53.0879 -52.2121 6
      vertex -53.3 -52.3 6
      vertex -53.1174 -52.238 6
    endloop
  endfacet
  facet normal 0 0 1
    outer loop
      vertex -53.3 -51.6 6
      vertex -53.1852 -51.6228 6
      vertex -53.2224 -51.6102 6
    endloop
  endfacet
  facet normal 0 0 1
    outer loop
      vertex -53.1174 -52.238 6
      vertex -53.3 -52.3 6
      vertex -53.15 -52.2598 6
    endloop
  endfacet
  facet normal 0 0 1
    outer loop
      vertex -53.3 -51.6 6
      vertex -53.2224 -51.6102 6
      vertex -53.2608 -51.6026 6
    endloop
  endfacet
  facet normal 0 0 1
    outer loop
      vertex -53.15 -52.2598 6
      vertex -53.3 -52.3 6
      vertex -53.1852 -52.2771 6
    endloop
  endfacet
  facet normal 0 0 1
    outer loop
      vertex -53.1852 -52.2771 6
      vertex -53.3 -52.3 6
      vertex -53.2224 -52.2898 6
    endloop
  endfacet
  facet normal 0 0 1
    outer loop
      vertex -53.2224 -52.2898 6
      vertex -53.3 -52.3 6
      vertex -53.2608 -52.2974 6
    endloop
  endfacet
  facet normal -0 0 1
    outer loop
      vertex -54.6 -51.6 6
      vertex -53.3 -52.3 6
      vertex -53.3 -51.6 6
    endloop
  endfacet
  facet normal 0 0 1
    outer loop
      vertex -54.6 -24.8 6
      vertex -57.6 -24.8 6
      vertex -57.6 -25.6 6
    endloop
  endfacet
  facet normal 0 0 1
    outer loop
      vertex -54.6 -24.8 6
      vertex -57.6 -25.6 6
      vertex -57.6 -29.4 6
    endloop
  endfacet
  facet normal -0 0 1
    outer loop
      vertex -57.6 -40.6 6
      vertex -54.6 -45.2 6
      vertex -57.6 -29.4 6
    endloop
  endfacet
  facet normal -0 0 1
    outer loop
      vertex -57.6 -44.4 6
      vertex -54.6 -45.2 6
      vertex -57.6 -40.6 6
    endloop
  endfacet
  facet normal 0 0 1
    outer loop
      vertex -57.6 -45.2 6
      vertex -54.6 -45.2 6
      vertex -57.6 -44.4 6
    endloop
  endfacet
  facet normal 0 0 1
    outer loop
      vertex -54.6 -45.2 6
      vertex -57.6 -45.2 6
      vertex -54.6 -51.6 6
    endloop
  endfacet
  facet normal 0 0 1
    outer loop
      vertex -57.6 -51.6 6
      vertex -54.6 -51.6 6
      vertex -57.6 -45.2 6
    endloop
  endfacet
  facet normal 0 0 1
    outer loop
      vertex -58.3 -52.3 6
      vertex -54.6 -51.6 6
      vertex -57.6 -51.6 6
    endloop
  endfacet
  facet normal 0 0 1
    outer loop
      vertex -58.3 -52.3 6
      vertex -57.6 -51.6 6
      vertex -58.3 -51.6 6
    endloop
  endfacet
  facet normal 0 0 1
    outer loop
      vertex -54.6 -51.6 6
      vertex -58.3 -52.3 6
      vertex -53.3 -52.3 6
    endloop
  endfacet
  facet normal 0 0 1
    outer loop
      vertex -58.6 -51.9 6
      vertex -58.3 -51.6 6
      vertex -58.3391 -51.6026 6
    endloop
  endfacet
  facet normal 0 0 1
    outer loop
      vertex -58.3 -51.6 6
      vertex -58.6 -51.9 6
      vertex -58.3 -52.3 6
    endloop
  endfacet
  facet normal 0 0 1
    outer loop
      vertex -58.6 -51.9 6
      vertex -58.3391 -51.6026 6
      vertex -58.3776 -51.6102 6
    endloop
  endfacet
  facet normal -0 0 1
    outer loop
      vertex -58.6 -52 6
      vertex -58.3 -52.3 6
      vertex -58.6 -51.9 6
    endloop
  endfacet
  facet normal 0 0 1
    outer loop
      vertex -58.6 -51.9 6
      vertex -58.3776 -51.6102 6
      vertex -58.4148 -51.6228 6
    endloop
  endfacet
  facet normal 0 0 1
    outer loop
      vertex -58.3 -52.3 6
      vertex -58.6 -52 6
      vertex -58.3391 -52.2974 6
    endloop
  endfacet
  facet normal 0 0 1
    outer loop
      vertex -58.6 -51.9 6
      vertex -58.4148 -51.6228 6
      vertex -58.45 -51.6402 6
    endloop
  endfacet
  facet normal 0 0 1
    outer loop
      vertex -58.3391 -52.2974 6
      vertex -58.6 -52 6
      vertex -58.3776 -52.2898 6
    endloop
  endfacet
  facet normal 0 0 1
    outer loop
      vertex -58.6 -51.9 6
      vertex -58.45 -51.6402 6
      vertex -58.4826 -51.662 6
    endloop
  endfacet
  facet normal 0 0 1
    outer loop
      vertex -58.3776 -52.2898 6
      vertex -58.6 -52 6
      vertex -58.4148 -52.2771 6
    endloop
  endfacet
  facet normal 0 0 1
    outer loop
      vertex -58.6 -51.9 6
      vertex -58.4826 -51.662 6
      vertex -58.5121 -51.6879 6
    endloop
  endfacet
  facet normal 0 0 1
    outer loop
      vertex -58.4148 -52.2771 6
      vertex -58.6 -52 6
      vertex -58.45 -52.2598 6
    endloop
  endfacet
  facet normal 0 0 1
    outer loop
      vertex -58.6 -51.9 6
      vertex -58.5121 -51.6879 6
      vertex -58.538 -51.7174 6
    endloop
  endfacet
  facet normal 0 0 1
    outer loop
      vertex -58.45 -52.2598 6
      vertex -58.6 -52 6
      vertex -58.4826 -52.238 6
    endloop
  endfacet
  facet normal 0 0 1
    outer loop
      vertex -58.6 -51.9 6
      vertex -58.538 -51.7174 6
      vertex -58.5598 -51.75 6
    endloop
  endfacet
  facet normal 0 0 1
    outer loop
      vertex -58.4826 -52.238 6
      vertex -58.6 -52 6
      vertex -58.5121 -52.2121 6
    endloop
  endfacet
  facet normal 0 0 1
    outer loop
      vertex -58.6 -51.9 6
      vertex -58.5598 -51.75 6
      vertex -58.5771 -51.7852 6
    endloop
  endfacet
  facet normal 0 0 1
    outer loop
      vertex -58.5121 -52.2121 6
      vertex -58.6 -52 6
      vertex -58.538 -52.1826 6
    endloop
  endfacet
  facet normal 0 0 1
    outer loop
      vertex -58.6 -51.9 6
      vertex -58.5771 -51.7852 6
      vertex -58.5898 -51.8223 6
    endloop
  endfacet
  facet normal 0 0 1
    outer loop
      vertex -58.538 -52.1826 6
      vertex -58.6 -52 6
      vertex -58.5598 -52.15 6
    endloop
  endfacet
  facet normal 0 0 1
    outer loop
      vertex -58.6 -51.9 6
      vertex -58.5898 -51.8223 6
      vertex -58.5974 -51.8608 6
    endloop
  endfacet
  facet normal 0 0 1
    outer loop
      vertex -58.5598 -52.15 6
      vertex -58.6 -52 6
      vertex -58.5771 -52.1148 6
    endloop
  endfacet
  facet normal 0 0 1
    outer loop
      vertex -58.5771 -52.1148 6
      vertex -58.6 -52 6
      vertex -58.5898 -52.0776 6
    endloop
  endfacet
  facet normal 0 0 1
    outer loop
      vertex -58.5898 -52.0776 6
      vertex -58.6 -52 6
      vertex -58.5974 -52.0391 6
    endloop
  endfacet
  facet normal 0 0 1
    outer loop
      vertex -30.2929 -33.2929 6
      vertex -25 -32 6
      vertex -25 -30 6
    endloop
  endfacet
  facet normal 0 0 1
    outer loop
      vertex -25 -32 6
      vertex -30 -34 6
      vertex -25 -38 6
    endloop
  endfacet
  facet normal -0 0 1
    outer loop
      vertex -30 -36 6
      vertex -25 -38 6
      vertex -30 -34 6
    endloop
  endfacet
  facet normal 0 0 1
    outer loop
      vertex -25 -32 6
      vertex -30.0086 -33.8695 6
      vertex -30 -34 6
    endloop
  endfacet
  facet normal 0 0 1
    outer loop
      vertex -25 -32 6
      vertex -30.0341 -33.7412 6
      vertex -30.0086 -33.8695 6
    endloop
  endfacet
  facet normal 0 0 1
    outer loop
      vertex -25 -32 6
      vertex -30.0761 -33.6173 6
      vertex -30.0341 -33.7412 6
    endloop
  endfacet
  facet normal 0 0 1
    outer loop
      vertex -25 -32 6
      vertex -30.134 -33.5 6
      vertex -30.0761 -33.6173 6
    endloop
  endfacet
  facet normal 0 0 1
    outer loop
      vertex -25 -32 6
      vertex -30.2066 -33.3912 6
      vertex -30.134 -33.5 6
    endloop
  endfacet
  facet normal 0 0 1
    outer loop
      vertex -25 -32 6
      vertex -30.2929 -33.2929 6
      vertex -30.2066 -33.3912 6
    endloop
  endfacet
  facet normal 0 0 1
    outer loop
      vertex -25 -30 6
      vertex -30.3912 -33.2066 6
      vertex -30.2929 -33.2929 6
    endloop
  endfacet
  facet normal 0 0 1
    outer loop
      vertex -25 -30 6
      vertex -30.5 -33.134 6
      vertex -30.3912 -33.2066 6
    endloop
  endfacet
  facet normal 0 0 1
    outer loop
      vertex -25 -30 6
      vertex -30.6173 -33.0761 6
      vertex -30.5 -33.134 6
    endloop
  endfacet
  facet normal 0 0 1
    outer loop
      vertex -25 -30 6
      vertex -30.7412 -33.0341 6
      vertex -30.6173 -33.0761 6
    endloop
  endfacet
  facet normal 0 0 1
    outer loop
      vertex -25 -30 6
      vertex -30.8695 -33.0086 6
      vertex -30.7412 -33.0341 6
    endloop
  endfacet
  facet normal 0 0 1
    outer loop
      vertex -25 -30 6
      vertex -31 -33 6
      vertex -30.8695 -33.0086 6
    endloop
  endfacet
  facet normal -0 0 1
    outer loop
      vertex -50.6 -30 6
      vertex -31 -33 6
      vertex -25 -30 6
    endloop
  endfacet
  facet normal 0 0 1
    outer loop
      vertex -31 -33 6
      vertex -50.6 -30 6
      vertex -49 -33 6
    endloop
  endfacet
  facet normal 0 0 1
    outer loop
      vertex -51.6 -29.7321 6
      vertex -49.9239 -33.6173 6
      vertex -51.3654 -29.8478 6
    endloop
  endfacet
  facet normal 0 0 1
    outer loop
      vertex -49.866 -33.5 6
      vertex -51.3654 -29.8478 6
      vertex -49.9239 -33.6173 6
    endloop
  endfacet
  facet normal 0 0 1
    outer loop
      vertex -51.3654 -29.8478 6
      vertex -49.866 -33.5 6
      vertex -51.1176 -29.9319 6
    endloop
  endfacet
  facet normal 0 0 1
    outer loop
      vertex -49.7934 -33.3912 6
      vertex -51.1176 -29.9319 6
      vertex -49.866 -33.5 6
    endloop
  endfacet
  facet normal 0 0 1
    outer loop
      vertex -51.1176 -29.9319 6
      vertex -49.7934 -33.3912 6
      vertex -50.861 -29.9829 6
    endloop
  endfacet
  facet normal 0 0 1
    outer loop
      vertex -49.7071 -33.2929 6
      vertex -50.861 -29.9829 6
      vertex -49.7934 -33.3912 6
    endloop
  endfacet
  facet normal 0 0 1
    outer loop
      vertex -49.6088 -33.2066 6
      vertex -50.861 -29.9829 6
      vertex -49.7071 -33.2929 6
    endloop
  endfacet
  facet normal 0 0 1
    outer loop
      vertex -50.861 -29.9829 6
      vertex -49.6088 -33.2066 6
      vertex -50.6 -30 6
    endloop
  endfacet
  facet normal 0 0 1
    outer loop
      vertex -49.5 -33.134 6
      vertex -50.6 -30 6
      vertex -49.6088 -33.2066 6
    endloop
  endfacet
  facet normal 0 0 1
    outer loop
      vertex -49.3827 -33.0761 6
      vertex -50.6 -30 6
      vertex -49.5 -33.134 6
    endloop
  endfacet
  facet normal 0 0 1
    outer loop
      vertex -49.2588 -33.0341 6
      vertex -50.6 -30 6
      vertex -49.3827 -33.0761 6
    endloop
  endfacet
  facet normal 0 0 1
    outer loop
      vertex -49.1305 -33.0086 6
      vertex -50.6 -30 6
      vertex -49.2588 -33.0341 6
    endloop
  endfacet
  facet normal 0 0 1
    outer loop
      vertex -49 -33 6
      vertex -50.6 -30 6
      vertex -49.1305 -33.0086 6
    endloop
  endfacet
  facet normal -0 0 1
    outer loop
      vertex -30.0086 -36.1305 6
      vertex -25 -38 6
      vertex -30 -36 6
    endloop
  endfacet
  facet normal -0 0 1
    outer loop
      vertex -30.0341 -36.2588 6
      vertex -25 -38 6
      vertex -30.0086 -36.1305 6
    endloop
  endfacet
  facet normal -0 0 1
    outer loop
      vertex -30.0761 -36.3827 6
      vertex -25 -38 6
      vertex -30.0341 -36.2588 6
    endloop
  endfacet
  facet normal -0 0 1
    outer loop
      vertex -30.134 -36.5 6
      vertex -25 -38 6
      vertex -30.0761 -36.3827 6
    endloop
  endfacet
  facet normal -0 0 1
    outer loop
      vertex -30.2066 -36.6088 6
      vertex -25 -38 6
      vertex -30.134 -36.5 6
    endloop
  endfacet
  facet normal -0 0 1
    outer loop
      vertex -30.2929 -36.7071 6
      vertex -25 -38 6
      vertex -30.2066 -36.6088 6
    endloop
  endfacet
  facet normal 0 0 1
    outer loop
      vertex -25 -38 6
      vertex -30.2929 -36.7071 6
      vertex -25 -40 6
    endloop
  endfacet
  facet normal -0 0 1
    outer loop
      vertex -30.3912 -36.7934 6
      vertex -25 -40 6
      vertex -30.2929 -36.7071 6
    endloop
  endfacet
  facet normal -0 0 1
    outer loop
      vertex -30.5 -36.866 6
      vertex -25 -40 6
      vertex -30.3912 -36.7934 6
    endloop
  endfacet
  facet normal -0 0 1
    outer loop
      vertex -30.6173 -36.9239 6
      vertex -25 -40 6
      vertex -30.5 -36.866 6
    endloop
  endfacet
  facet normal -0 0 1
    outer loop
      vertex -30.7412 -36.9659 6
      vertex -25 -40 6
      vertex -30.6173 -36.9239 6
    endloop
  endfacet
  facet normal -0 0 1
    outer loop
      vertex -30.8695 -36.9914 6
      vertex -25 -40 6
      vertex -30.7412 -36.9659 6
    endloop
  endfacet
  facet normal -0 0 1
    outer loop
      vertex -31 -37 6
      vertex -25 -40 6
      vertex -30.8695 -36.9914 6
    endloop
  endfacet
  facet normal 0 0 1
    outer loop
      vertex -50.6 -40 6
      vertex -31 -37 6
      vertex -49 -37 6
    endloop
  endfacet
  facet normal 0 0 1
    outer loop
      vertex -50.6 -40 6
      vertex -49 -37 6
      vertex -49.1305 -36.9914 6
    endloop
  endfacet
  facet normal 0 0 1
    outer loop
      vertex -49.9239 -33.6173 6
      vertex -51.6 -29.7321 6
      vertex -49.9659 -33.7412 6
    endloop
  endfacet
  facet normal 0 0 1
    outer loop
      vertex -31 -37 6
      vertex -50.6 -40 6
      vertex -25 -40 6
    endloop
  endfacet
  facet normal 0 0 1
    outer loop
      vertex -49.2588 -36.9659 6
      vertex -50.6 -40 6
      vertex -49.1305 -36.9914 6
    endloop
  endfacet
  facet normal 0 0 1
    outer loop
      vertex -49.3827 -36.9239 6
      vertex -50.6 -40 6
      vertex -49.2588 -36.9659 6
    endloop
  endfacet
  facet normal 0 0 1
    outer loop
      vertex -49.5 -36.866 6
      vertex -50.6 -40 6
      vertex -49.3827 -36.9239 6
    endloop
  endfacet
  facet normal 0 0 1
    outer loop
      vertex -49.6088 -36.7934 6
      vertex -50.6 -40 6
      vertex -49.5 -36.866 6
    endloop
  endfacet
  facet normal 0 0 1
    outer loop
      vertex -50.861 -40.0171 6
      vertex -49.6088 -36.7934 6
      vertex -49.7071 -36.7071 6
    endloop
  endfacet
  facet normal 0 0 1
    outer loop
      vertex -50.861 -40.0171 6
      vertex -49.7071 -36.7071 6
      vertex -49.7934 -36.6088 6
    endloop
  endfacet
  facet normal 0 0 1
    outer loop
      vertex -51.1176 -40.0681 6
      vertex -49.7934 -36.6088 6
      vertex -49.866 -36.5 6
    endloop
  endfacet
  facet normal 0 0 1
    outer loop
      vertex -51.3654 -40.1522 6
      vertex -49.866 -36.5 6
      vertex -49.9239 -36.3827 6
    endloop
  endfacet
  facet normal 0 0 1
    outer loop
      vertex -51.6 -40.2679 6
      vertex -49.9239 -36.3827 6
      vertex -49.9659 -36.2588 6
    endloop
  endfacet
  facet normal 0 0 1
    outer loop
      vertex -51.6 -40.2679 6
      vertex -49.9659 -36.2588 6
      vertex -49.9914 -36.1305 6
    endloop
  endfacet
  facet normal 0 0 1
    outer loop
      vertex -49.9659 -33.7412 6
      vertex -51.6 -29.7321 6
      vertex -49.9914 -33.8695 6
    endloop
  endfacet
  facet normal 0 0 1
    outer loop
      vertex -51.8175 -29.5867 6
      vertex -49.9914 -33.8695 6
      vertex -51.6 -29.7321 6
    endloop
  endfacet
  facet normal 0 0 1
    outer loop
      vertex -49.6088 -36.7934 6
      vertex -50.861 -40.0171 6
      vertex -50.6 -40 6
    endloop
  endfacet
  facet normal 0 0 1
    outer loop
      vertex -49.9914 -33.8695 6
      vertex -51.8175 -29.5867 6
      vertex -50 -34 6
    endloop
  endfacet
  facet normal 0 0 1
    outer loop
      vertex -49.7934 -36.6088 6
      vertex -51.1176 -40.0681 6
      vertex -50.861 -40.0171 6
    endloop
  endfacet
  facet normal 0 0 1
    outer loop
      vertex -52.0142 -29.4142 6
      vertex -50 -34 6
      vertex -51.8175 -29.5867 6
    endloop
  endfacet
  facet normal 0 0 1
    outer loop
      vertex -49.866 -36.5 6
      vertex -51.3654 -40.1522 6
      vertex -51.1176 -40.0681 6
    endloop
  endfacet
  facet normal 0 0 1
    outer loop
      vertex -50 -34 6
      vertex -52.0142 -29.4142 6
      vertex -50 -36 6
    endloop
  endfacet
  facet normal 0 0 1
    outer loop
      vertex -49.9239 -36.3827 6
      vertex -51.6 -40.2679 6
      vertex -51.3654 -40.1522 6
    endloop
  endfacet
  facet normal 0 0 1
    outer loop
      vertex -52.0142 -40.5858 6
      vertex -50 -36 6
      vertex -52.0142 -29.4142 6
    endloop
  endfacet
  facet normal 0 0 1
    outer loop
      vertex -49.9914 -36.1305 6
      vertex -51.8175 -40.4133 6
      vertex -51.6 -40.2679 6
    endloop
  endfacet
  facet normal 0 -0 1
    outer loop
      vertex -51.8175 -40.4133 6
      vertex -50 -36 6
      vertex -52.0142 -40.5858 6
    endloop
  endfacet
  facet normal 0 0 1
    outer loop
      vertex -50 -36 6
      vertex -51.8175 -40.4133 6
      vertex -49.9914 -36.1305 6
    endloop
  endfacet
  facet normal 0 0 1
    outer loop
      vertex -52.1867 -29.2175 6
      vertex -52.0142 -40.5858 6
      vertex -52.0142 -29.4142 6
    endloop
  endfacet
  facet normal 0 0 1
    outer loop
      vertex -52.1867 -29.2175 6
      vertex -52.1867 -40.7825 6
      vertex -52.0142 -40.5858 6
    endloop
  endfacet
  facet normal 0 0 1
    outer loop
      vertex -52.332 -29 6
      vertex -52.1867 -40.7825 6
      vertex -52.1867 -29.2175 6
    endloop
  endfacet
  facet normal 0 0 1
    outer loop
      vertex -52.332 -29 6
      vertex -52.332 -41 6
      vertex -52.1867 -40.7825 6
    endloop
  endfacet
  facet normal 0 0 1
    outer loop
      vertex -52.4478 -28.7654 6
      vertex -52.332 -41 6
      vertex -52.332 -29 6
    endloop
  endfacet
  facet normal 0 0 1
    outer loop
      vertex -52.4478 -28.7654 6
      vertex -52.4478 -41.2346 6
      vertex -52.332 -41 6
    endloop
  endfacet
  facet normal 0 0 1
    outer loop
      vertex -52.5318 -28.5176 6
      vertex -52.4478 -41.2346 6
      vertex -52.4478 -28.7654 6
    endloop
  endfacet
  facet normal 0 0 1
    outer loop
      vertex -52.5318 -28.5176 6
      vertex -52.5318 -41.4824 6
      vertex -52.4478 -41.2346 6
    endloop
  endfacet
  facet normal 0 0 1
    outer loop
      vertex -52.5829 -28.261 6
      vertex -52.5318 -41.4824 6
      vertex -52.5318 -28.5176 6
    endloop
  endfacet
  facet normal 0 0 1
    outer loop
      vertex -52.5829 -28.261 6
      vertex -52.5829 -41.739 6
      vertex -52.5318 -41.4824 6
    endloop
  endfacet
  facet normal 0 0 1
    outer loop
      vertex -52.6 -28 6
      vertex -52.5829 -41.739 6
      vertex -52.5829 -28.261 6
    endloop
  endfacet
  facet normal 0 0 1
    outer loop
      vertex -52.5829 -41.739 6
      vertex -52.6 -28 6
      vertex -52.6 -42 6
    endloop
  endfacet
  facet normal 0 0 1
    outer loop
      vertex -19.325 -33.275 6
      vertex -17.4 -32.5 6
      vertex -17.9 -32 6
    endloop
  endfacet
  facet normal 0 0 1
    outer loop
      vertex -17.4 -32.5 6
      vertex -19.325 -33.275 6
      vertex -17.4 -37.5 6
    endloop
  endfacet
  facet normal -0 0 1
    outer loop
      vertex -19.325 -36.725 6
      vertex -17.4 -37.5 6
      vertex -19.325 -33.275 6
    endloop
  endfacet
  facet normal 0 0 1
    outer loop
      vertex -17.9 -32 6
      vertex -22.775 -33.275 6
      vertex -19.325 -33.275 6
    endloop
  endfacet
  facet normal 0 0 1
    outer loop
      vertex -22.775 -33.275 6
      vertex -25 -32 6
      vertex -22.775 -36.725 6
    endloop
  endfacet
  facet normal -0 0 1
    outer loop
      vertex -25 -32 6
      vertex -22.775 -33.275 6
      vertex -17.9 -32 6
    endloop
  endfacet
  facet normal 0 0 1
    outer loop
      vertex -17.4 -37.5 6
      vertex -19.325 -36.725 6
      vertex -17.9 -38 6
    endloop
  endfacet
  facet normal -0 0 1
    outer loop
      vertex -22.775 -36.725 6
      vertex -17.9 -38 6
      vertex -19.325 -36.725 6
    endloop
  endfacet
  facet normal 0 0 1
    outer loop
      vertex -22.775 -36.725 6
      vertex -25 -38 6
      vertex -17.9 -38 6
    endloop
  endfacet
  facet normal 0 0 1
    outer loop
      vertex -25 -38 6
      vertex -22.775 -36.725 6
      vertex -25 -32 6
    endloop
  endfacet
  facet normal 0 1 -0
    outer loop
      vertex -17.9 -32 0
      vertex -25 -32 6
      vertex -17.9 -32 6
    endloop
  endfacet
  facet normal 0 1 0
    outer loop
      vertex -25 -32 6
      vertex -17.9 -32 0
      vertex -25 -32 0
    endloop
  endfacet
  facet normal 1 -0 0
    outer loop
      vertex -25 -32 6
      vertex -25 -30 0
      vertex -25 -30 6
    endloop
  endfacet
  facet normal 1 0 0
    outer loop
      vertex -25 -30 0
      vertex -25 -32 6
      vertex -25 -32 0
    endloop
  endfacet
  facet normal 0 1 -0
    outer loop
      vertex -25 -30 0
      vertex -50.6 -30 6
      vertex -25 -30 6
    endloop
  endfacet
  facet normal 0 1 0
    outer loop
      vertex -50.6 -30 6
      vertex -25 -30 0
      vertex -50.6 -30 0
    endloop
  endfacet
  facet normal 0.0653771 0.997861 -0
    outer loop
      vertex -50.6 -30 0
      vertex -50.861 -29.9829 6
      vertex -50.6 -30 6
    endloop
  endfacet
  facet normal 0.0653771 0.997861 0
    outer loop
      vertex -50.861 -29.9829 6
      vertex -50.6 -30 0
      vertex -50.861 -29.9829 0
    endloop
  endfacet
  facet normal 0.19494 0.980815 -0
    outer loop
      vertex -50.861 -29.9829 0
      vertex -51.1176 -29.9319 6
      vertex -50.861 -29.9829 6
    endloop
  endfacet
  facet normal 0.19494 0.980815 0
    outer loop
      vertex -51.1176 -29.9319 6
      vertex -50.861 -29.9829 0
      vertex -51.1176 -29.9319 0
    endloop
  endfacet
  facet normal 0.321382 0.94695 -0
    outer loop
      vertex -51.1176 -29.9319 0
      vertex -51.3654 -29.8478 6
      vertex -51.1176 -29.9319 6
    endloop
  endfacet
  facet normal 0.321382 0.94695 0
    outer loop
      vertex -51.3654 -29.8478 6
      vertex -51.1176 -29.9319 0
      vertex -51.3654 -29.8478 0
    endloop
  endfacet
  facet normal 0.442314 0.89686 -0
    outer loop
      vertex -51.3654 -29.8478 0
      vertex -51.6 -29.7321 6
      vertex -51.3654 -29.8478 6
    endloop
  endfacet
  facet normal 0.442314 0.89686 0
    outer loop
      vertex -51.6 -29.7321 6
      vertex -51.3654 -29.8478 0
      vertex -51.6 -29.7321 0
    endloop
  endfacet
  facet normal 0.555758 0.831344 -0
    outer loop
      vertex -51.6 -29.7321 0
      vertex -51.8175 -29.5867 6
      vertex -51.6 -29.7321 6
    endloop
  endfacet
  facet normal 0.555758 0.831344 0
    outer loop
      vertex -51.8175 -29.5867 6
      vertex -51.6 -29.7321 0
      vertex -51.8175 -29.5867 0
    endloop
  endfacet
  facet normal 0.659343 0.751842 -0
    outer loop
      vertex -51.8175 -29.5867 0
      vertex -52.0142 -29.4142 6
      vertex -51.8175 -29.5867 6
    endloop
  endfacet
  facet normal 0.659343 0.751842 0
    outer loop
      vertex -52.0142 -29.4142 6
      vertex -51.8175 -29.5867 0
      vertex -52.0142 -29.4142 0
    endloop
  endfacet
  facet normal 0.751842 0.659343 0
    outer loop
      vertex -52.0142 -29.4142 6
      vertex -52.1867 -29.2175 0
      vertex -52.1867 -29.2175 6
    endloop
  endfacet
  facet normal 0.751842 0.659343 0
    outer loop
      vertex -52.1867 -29.2175 0
      vertex -52.0142 -29.4142 6
      vertex -52.0142 -29.4142 0
    endloop
  endfacet
  facet normal 0.831521 0.555494 0
    outer loop
      vertex -52.1867 -29.2175 6
      vertex -52.332 -29 0
      vertex -52.332 -29 6
    endloop
  endfacet
  facet normal 0.831521 0.555494 0
    outer loop
      vertex -52.332 -29 0
      vertex -52.1867 -29.2175 6
      vertex -52.1867 -29.2175 0
    endloop
  endfacet
  facet normal 0.896709 0.442621 0
    outer loop
      vertex -52.332 -29 6
      vertex -52.4478 -28.7654 0
      vertex -52.4478 -28.7654 6
    endloop
  endfacet
  facet normal 0.896709 0.442621 0
    outer loop
      vertex -52.4478 -28.7654 0
      vertex -52.332 -29 6
      vertex -52.332 -29 0
    endloop
  endfacet
  facet normal 0.947066 0.321039 0
    outer loop
      vertex -52.4478 -28.7654 6
      vertex -52.5318 -28.5176 0
      vertex -52.5318 -28.5176 6
    endloop
  endfacet
  facet normal 0.947066 0.321039 0
    outer loop
      vertex -52.5318 -28.5176 0
      vertex -52.4478 -28.7654 6
      vertex -52.4478 -28.7654 0
    endloop
  endfacet
  facet normal 0.980742 0.195308 0
    outer loop
      vertex -52.5318 -28.5176 6
      vertex -52.5829 -28.261 0
      vertex -52.5829 -28.261 6
    endloop
  endfacet
  facet normal 0.980742 0.195308 0
    outer loop
      vertex -52.5829 -28.261 0
      vertex -52.5318 -28.5176 6
      vertex -52.5318 -28.5176 0
    endloop
  endfacet
  facet normal 0.997861 0.0653771 0
    outer loop
      vertex -52.5829 -28.261 6
      vertex -52.6 -28 0
      vertex -52.6 -28 6
    endloop
  endfacet
  facet normal 0.997861 0.0653771 0
    outer loop
      vertex -52.6 -28 0
      vertex -52.5829 -28.261 6
      vertex -52.5829 -28.261 0
    endloop
  endfacet
  facet normal 1 -0 0
    outer loop
      vertex -52.6 -28 6
      vertex -52.6 -24.8 0
      vertex -52.6 -24.8 6
    endloop
  endfacet
  facet normal 1 0 0
    outer loop
      vertex -52.6 -24.8 0
      vertex -52.6 -28 6
      vertex -52.6 -28 0
    endloop
  endfacet
  facet normal 0 1 -0
    outer loop
      vertex -52.6 -24.8 0
      vertex -54.6 -24.8 6
      vertex -52.6 -24.8 6
    endloop
  endfacet
  facet normal 0 1 0
    outer loop
      vertex -54.6 -24.8 6
      vertex -52.6 -24.8 0
      vertex -54.6 -24.8 0
    endloop
  endfacet
  facet normal 1 -0 0
    outer loop
      vertex -54.6 -24.8 6
      vertex -54.6 -18.4 0
      vertex -54.6 -18.4 6
    endloop
  endfacet
  facet normal 1 0 0
    outer loop
      vertex -54.6 -18.4 0
      vertex -54.6 -24.8 6
      vertex -54.6 -24.8 0
    endloop
  endfacet
  facet normal 0 -1 0
    outer loop
      vertex -54.6 -18.4 0
      vertex -53.3 -18.4 6
      vertex -54.6 -18.4 6
    endloop
  endfacet
  facet normal 0 -1 -0
    outer loop
      vertex -53.3 -18.4 6
      vertex -54.6 -18.4 0
      vertex -53.3 -18.4 0
    endloop
  endfacet
  facet normal 0.0661811 -0.997808 0
    outer loop
      vertex -53.3 -18.4 0
      vertex -53.2608 -18.3974 6
      vertex -53.3 -18.4 6
    endloop
  endfacet
  facet normal 0.0661811 -0.997808 0
    outer loop
      vertex -53.2608 -18.3974 6
      vertex -53.3 -18.4 0
      vertex -53.2608 -18.3974 0
    endloop
  endfacet
  facet normal 0.194151 -0.980972 0
    outer loop
      vertex -53.2608 -18.3974 0
      vertex -53.2224 -18.3898 6
      vertex -53.2608 -18.3974 6
    endloop
  endfacet
  facet normal 0.194151 -0.980972 0
    outer loop
      vertex -53.2224 -18.3898 6
      vertex -53.2608 -18.3974 0
      vertex -53.2224 -18.3898 0
    endloop
  endfacet
  facet normal 0.320807 -0.947145 0
    outer loop
      vertex -53.2224 -18.3898 0
      vertex -53.1852 -18.3772 6
      vertex -53.2224 -18.3898 6
    endloop
  endfacet
  facet normal 0.320807 -0.947145 0
    outer loop
      vertex -53.1852 -18.3772 6
      vertex -53.2224 -18.3898 0
      vertex -53.1852 -18.3772 0
    endloop
  endfacet
  facet normal 0.443134 -0.896455 0
    outer loop
      vertex -53.1852 -18.3772 0
      vertex -53.15 -18.3598 6
      vertex -53.1852 -18.3772 6
    endloop
  endfacet
  facet normal 0.443134 -0.896455 0
    outer loop
      vertex -53.15 -18.3598 6
      vertex -53.1852 -18.3772 0
      vertex -53.15 -18.3598 0
    endloop
  endfacet
  facet normal 0.555877 -0.831265 0
    outer loop
      vertex -53.15 -18.3598 0
      vertex -53.1174 -18.338 6
      vertex -53.15 -18.3598 6
    endloop
  endfacet
  facet normal 0.555877 -0.831265 0
    outer loop
      vertex -53.1174 -18.338 6
      vertex -53.15 -18.3598 0
      vertex -53.1174 -18.338 0
    endloop
  endfacet
  facet normal 0.659766 -0.751471 0
    outer loop
      vertex -53.1174 -18.338 0
      vertex -53.0879 -18.3121 6
      vertex -53.1174 -18.338 6
    endloop
  endfacet
  facet normal 0.659766 -0.751471 0
    outer loop
      vertex -53.0879 -18.3121 6
      vertex -53.1174 -18.338 0
      vertex -53.0879 -18.3121 0
    endloop
  endfacet
  facet normal 0.751471 -0.659766 0
    outer loop
      vertex -53.0879 -18.3121 6
      vertex -53.062 -18.2826 0
      vertex -53.062 -18.2826 6
    endloop
  endfacet
  facet normal 0.751471 -0.659766 0
    outer loop
      vertex -53.062 -18.2826 0
      vertex -53.0879 -18.3121 6
      vertex -53.0879 -18.3121 0
    endloop
  endfacet
  facet normal 0.831265 -0.555877 0
    outer loop
      vertex -53.062 -18.2826 6
      vertex -53.0402 -18.25 0
      vertex -53.0402 -18.25 6
    endloop
  endfacet
  facet normal 0.831265 -0.555877 0
    outer loop
      vertex -53.0402 -18.25 0
      vertex -53.062 -18.2826 6
      vertex -53.062 -18.2826 0
    endloop
  endfacet
  facet normal 0.896455 -0.443134 0
    outer loop
      vertex -53.0402 -18.25 6
      vertex -53.0228 -18.2148 0
      vertex -53.0228 -18.2148 6
    endloop
  endfacet
  facet normal 0.896455 -0.443134 0
    outer loop
      vertex -53.0228 -18.2148 0
      vertex -53.0402 -18.25 6
      vertex -53.0402 -18.25 0
    endloop
  endfacet
  facet normal 0.946882 -0.321582 0
    outer loop
      vertex -53.0228 -18.2148 6
      vertex -53.0102 -18.1777 0
      vertex -53.0102 -18.1777 6
    endloop
  endfacet
  facet normal 0.946882 -0.321582 0
    outer loop
      vertex -53.0102 -18.1777 0
      vertex -53.0228 -18.2148 6
      vertex -53.0228 -18.2148 0
    endloop
  endfacet
  facet normal 0.981068 -0.193665 0
    outer loop
      vertex -53.0102 -18.1777 6
      vertex -53.0026 -18.1392 0
      vertex -53.0026 -18.1392 6
    endloop
  endfacet
  facet normal 0.981068 -0.193665 0
    outer loop
      vertex -53.0026 -18.1392 0
      vertex -53.0102 -18.1777 6
      vertex -53.0102 -18.1777 0
    endloop
  endfacet
  facet normal 0.997808 -0.0661811 0
    outer loop
      vertex -53.0026 -18.1392 6
      vertex -53 -18.1 0
      vertex -53 -18.1 6
    endloop
  endfacet
  facet normal 0.997808 -0.0661811 0
    outer loop
      vertex -53 -18.1 0
      vertex -53.0026 -18.1392 6
      vertex -53.0026 -18.1392 0
    endloop
  endfacet
  facet normal 1 -0 0
    outer loop
      vertex -53 -18.1 6
      vertex -53 -18 0
      vertex -53 -18 6
    endloop
  endfacet
  facet normal 1 0 0
    outer loop
      vertex -53 -18 0
      vertex -53 -18.1 6
      vertex -53 -18.1 0
    endloop
  endfacet
  facet normal 0.997796 0.0663496 0
    outer loop
      vertex -53 -18 6
      vertex -53.0026 -17.9609 0
      vertex -53.0026 -17.9609 6
    endloop
  endfacet
  facet normal 0.997796 0.0663496 0
    outer loop
      vertex -53.0026 -17.9609 0
      vertex -53 -18 6
      vertex -53 -18 0
    endloop
  endfacet
  facet normal 0.981068 0.193665 0
    outer loop
      vertex -53.0026 -17.9609 6
      vertex -53.0102 -17.9224 0
      vertex -53.0102 -17.9224 6
    endloop
  endfacet
  facet normal 0.981068 0.193665 0
    outer loop
      vertex -53.0102 -17.9224 0
      vertex -53.0026 -17.9609 6
      vertex -53.0026 -17.9609 0
    endloop
  endfacet
  facet normal 0.947145 0.320807 0
    outer loop
      vertex -53.0102 -17.9224 6
      vertex -53.0228 -17.8852 0
      vertex -53.0228 -17.8852 6
    endloop
  endfacet
  facet normal 0.947145 0.320807 0
    outer loop
      vertex -53.0228 -17.8852 0
      vertex -53.0102 -17.9224 6
      vertex -53.0102 -17.9224 0
    endloop
  endfacet
  facet normal 0.896455 0.443134 0
    outer loop
      vertex -53.0228 -17.8852 6
      vertex -53.0402 -17.85 0
      vertex -53.0402 -17.85 6
    endloop
  endfacet
  facet normal 0.896455 0.443134 0
    outer loop
      vertex -53.0402 -17.85 0
      vertex -53.0228 -17.8852 6
      vertex -53.0228 -17.8852 0
    endloop
  endfacet
  facet normal 0.831265 0.555877 0
    outer loop
      vertex -53.0402 -17.85 6
      vertex -53.062 -17.8174 0
      vertex -53.062 -17.8174 6
    endloop
  endfacet
  facet normal 0.831265 0.555877 0
    outer loop
      vertex -53.062 -17.8174 0
      vertex -53.0402 -17.85 6
      vertex -53.0402 -17.85 0
    endloop
  endfacet
  facet normal 0.751471 0.659766 0
    outer loop
      vertex -53.062 -17.8174 6
      vertex -53.0879 -17.7879 0
      vertex -53.0879 -17.7879 6
    endloop
  endfacet
  facet normal 0.751471 0.659766 0
    outer loop
      vertex -53.0879 -17.7879 0
      vertex -53.062 -17.8174 6
      vertex -53.062 -17.8174 0
    endloop
  endfacet
  facet normal 0.659766 0.751471 -0
    outer loop
      vertex -53.0879 -17.7879 0
      vertex -53.1174 -17.762 6
      vertex -53.0879 -17.7879 6
    endloop
  endfacet
  facet normal 0.659766 0.751471 0
    outer loop
      vertex -53.1174 -17.762 6
      vertex -53.0879 -17.7879 0
      vertex -53.1174 -17.762 0
    endloop
  endfacet
  facet normal 0.555877 0.831265 -0
    outer loop
      vertex -53.1174 -17.762 0
      vertex -53.15 -17.7402 6
      vertex -53.1174 -17.762 6
    endloop
  endfacet
  facet normal 0.555877 0.831265 0
    outer loop
      vertex -53.15 -17.7402 6
      vertex -53.1174 -17.762 0
      vertex -53.15 -17.7402 0
    endloop
  endfacet
  facet normal 0.441084 0.897466 -0
    outer loop
      vertex -53.15 -17.7402 0
      vertex -53.1852 -17.7229 6
      vertex -53.15 -17.7402 6
    endloop
  endfacet
  facet normal 0.441084 0.897466 0
    outer loop
      vertex -53.1852 -17.7229 6
      vertex -53.15 -17.7402 0
      vertex -53.1852 -17.7229 0
    endloop
  endfacet
  facet normal 0.323088 0.946369 -0
    outer loop
      vertex -53.1852 -17.7229 0
      vertex -53.2224 -17.7102 6
      vertex -53.1852 -17.7229 6
    endloop
  endfacet
  facet normal 0.323088 0.946369 0
    outer loop
      vertex -53.2224 -17.7102 6
      vertex -53.1852 -17.7229 0
      vertex -53.2224 -17.7102 0
    endloop
  endfacet
  facet normal 0.194151 0.980972 -0
    outer loop
      vertex -53.2224 -17.7102 0
      vertex -53.2608 -17.7026 6
      vertex -53.2224 -17.7102 6
    endloop
  endfacet
  facet normal 0.194151 0.980972 0
    outer loop
      vertex -53.2608 -17.7026 6
      vertex -53.2224 -17.7102 0
      vertex -53.2608 -17.7026 0
    endloop
  endfacet
  facet normal 0.0661811 0.997808 -0
    outer loop
      vertex -53.2608 -17.7026 0
      vertex -53.3 -17.7 6
      vertex -53.2608 -17.7026 6
    endloop
  endfacet
  facet normal 0.0661811 0.997808 0
    outer loop
      vertex -53.3 -17.7 6
      vertex -53.2608 -17.7026 0
      vertex -53.3 -17.7 0
    endloop
  endfacet
  facet normal 0 1 -0
    outer loop
      vertex -53.3 -17.7 0
      vertex -58.3 -17.7 6
      vertex -53.3 -17.7 6
    endloop
  endfacet
  facet normal 0 1 0
    outer loop
      vertex -58.3 -17.7 6
      vertex -53.3 -17.7 0
      vertex -58.3 -17.7 0
    endloop
  endfacet
  facet normal -0.0663496 0.997796 0
    outer loop
      vertex -58.3 -17.7 0
      vertex -58.3391 -17.7026 6
      vertex -58.3 -17.7 6
    endloop
  endfacet
  facet normal -0.0663496 0.997796 0
    outer loop
      vertex -58.3391 -17.7026 6
      vertex -58.3 -17.7 0
      vertex -58.3391 -17.7026 0
    endloop
  endfacet
  facet normal -0.193665 0.981068 0
    outer loop
      vertex -58.3391 -17.7026 0
      vertex -58.3776 -17.7102 6
      vertex -58.3391 -17.7026 6
    endloop
  endfacet
  facet normal -0.193665 0.981068 0
    outer loop
      vertex -58.3776 -17.7102 6
      vertex -58.3391 -17.7026 0
      vertex -58.3776 -17.7102 0
    endloop
  endfacet
  facet normal -0.323088 0.946369 0
    outer loop
      vertex -58.3776 -17.7102 0
      vertex -58.4148 -17.7229 6
      vertex -58.3776 -17.7102 6
    endloop
  endfacet
  facet normal -0.323088 0.946369 0
    outer loop
      vertex -58.4148 -17.7229 6
      vertex -58.3776 -17.7102 0
      vertex -58.4148 -17.7229 0
    endloop
  endfacet
  facet normal -0.441084 0.897466 0
    outer loop
      vertex -58.4148 -17.7229 0
      vertex -58.45 -17.7402 6
      vertex -58.4148 -17.7229 6
    endloop
  endfacet
  facet normal -0.441084 0.897466 0
    outer loop
      vertex -58.45 -17.7402 6
      vertex -58.4148 -17.7229 0
      vertex -58.45 -17.7402 0
    endloop
  endfacet
  facet normal -0.555877 0.831265 0
    outer loop
      vertex -58.45 -17.7402 0
      vertex -58.4826 -17.762 6
      vertex -58.45 -17.7402 6
    endloop
  endfacet
  facet normal -0.555877 0.831265 0
    outer loop
      vertex -58.4826 -17.762 6
      vertex -58.45 -17.7402 0
      vertex -58.4826 -17.762 0
    endloop
  endfacet
  facet normal -0.659766 0.751471 0
    outer loop
      vertex -58.4826 -17.762 0
      vertex -58.5121 -17.7879 6
      vertex -58.4826 -17.762 6
    endloop
  endfacet
  facet normal -0.659766 0.751471 0
    outer loop
      vertex -58.5121 -17.7879 6
      vertex -58.4826 -17.762 0
      vertex -58.5121 -17.7879 0
    endloop
  endfacet
  facet normal -0.751471 0.659766 0
    outer loop
      vertex -58.538 -17.8174 0
      vertex -58.5121 -17.7879 6
      vertex -58.5121 -17.7879 0
    endloop
  endfacet
  facet normal -0.751471 0.659766 0
    outer loop
      vertex -58.5121 -17.7879 6
      vertex -58.538 -17.8174 0
      vertex -58.538 -17.8174 6
    endloop
  endfacet
  facet normal -0.831265 0.555877 0
    outer loop
      vertex -58.5598 -17.85 0
      vertex -58.538 -17.8174 6
      vertex -58.538 -17.8174 0
    endloop
  endfacet
  facet normal -0.831265 0.555877 0
    outer loop
      vertex -58.538 -17.8174 6
      vertex -58.5598 -17.85 0
      vertex -58.5598 -17.85 6
    endloop
  endfacet
  facet normal -0.897466 0.441084 0
    outer loop
      vertex -58.5771 -17.8852 0
      vertex -58.5598 -17.85 6
      vertex -58.5598 -17.85 0
    endloop
  endfacet
  facet normal -0.897466 0.441084 0
    outer loop
      vertex -58.5598 -17.85 6
      vertex -58.5771 -17.8852 0
      vertex -58.5771 -17.8852 6
    endloop
  endfacet
  facet normal -0.946369 0.323088 0
    outer loop
      vertex -58.5898 -17.9224 0
      vertex -58.5771 -17.8852 6
      vertex -58.5771 -17.8852 0
    endloop
  endfacet
  facet normal -0.946369 0.323088 0
    outer loop
      vertex -58.5771 -17.8852 6
      vertex -58.5898 -17.9224 0
      vertex -58.5898 -17.9224 6
    endloop
  endfacet
  facet normal -0.981068 0.193665 0
    outer loop
      vertex -58.5974 -17.9609 0
      vertex -58.5898 -17.9224 6
      vertex -58.5898 -17.9224 0
    endloop
  endfacet
  facet normal -0.981068 0.193665 0
    outer loop
      vertex -58.5898 -17.9224 6
      vertex -58.5974 -17.9609 0
      vertex -58.5974 -17.9609 6
    endloop
  endfacet
  facet normal -0.997796 0.0663496 0
    outer loop
      vertex -58.6 -18 0
      vertex -58.5974 -17.9609 6
      vertex -58.5974 -17.9609 0
    endloop
  endfacet
  facet normal -0.997796 0.0663496 0
    outer loop
      vertex -58.5974 -17.9609 6
      vertex -58.6 -18 0
      vertex -58.6 -18 6
    endloop
  endfacet
  facet normal -1 0 0
    outer loop
      vertex -58.6 -18.1 0
      vertex -58.6 -18 6
      vertex -58.6 -18 0
    endloop
  endfacet
  facet normal -1 -0 0
    outer loop
      vertex -58.6 -18 6
      vertex -58.6 -18.1 0
      vertex -58.6 -18.1 6
    endloop
  endfacet
  facet normal -0.997808 -0.0661811 0
    outer loop
      vertex -58.5974 -18.1392 0
      vertex -58.6 -18.1 6
      vertex -58.6 -18.1 0
    endloop
  endfacet
  facet normal -0.997808 -0.0661811 0
    outer loop
      vertex -58.6 -18.1 6
      vertex -58.5974 -18.1392 0
      vertex -58.5974 -18.1392 6
    endloop
  endfacet
  facet normal -0.981068 -0.193665 0
    outer loop
      vertex -58.5898 -18.1777 0
      vertex -58.5974 -18.1392 6
      vertex -58.5974 -18.1392 0
    endloop
  endfacet
  facet normal -0.981068 -0.193665 0
    outer loop
      vertex -58.5974 -18.1392 6
      vertex -58.5898 -18.1777 0
      vertex -58.5898 -18.1777 6
    endloop
  endfacet
  facet normal -0.946102 -0.323868 0
    outer loop
      vertex -58.5771 -18.2148 0
      vertex -58.5898 -18.1777 6
      vertex -58.5898 -18.1777 0
    endloop
  endfacet
  facet normal -0.946102 -0.323868 0
    outer loop
      vertex -58.5898 -18.1777 6
      vertex -58.5771 -18.2148 0
      vertex -58.5771 -18.2148 6
    endloop
  endfacet
  facet normal -0.897466 -0.441084 0
    outer loop
      vertex -58.5598 -18.25 0
      vertex -58.5771 -18.2148 6
      vertex -58.5771 -18.2148 0
    endloop
  endfacet
  facet normal -0.897466 -0.441084 0
    outer loop
      vertex -58.5771 -18.2148 6
      vertex -58.5598 -18.25 0
      vertex -58.5598 -18.25 6
    endloop
  endfacet
  facet normal -0.831265 -0.555877 0
    outer loop
      vertex -58.538 -18.2826 0
      vertex -58.5598 -18.25 6
      vertex -58.5598 -18.25 0
    endloop
  endfacet
  facet normal -0.831265 -0.555877 0
    outer loop
      vertex -58.5598 -18.25 6
      vertex -58.538 -18.2826 0
      vertex -58.538 -18.2826 6
    endloop
  endfacet
  facet normal -0.751471 -0.659766 0
    outer loop
      vertex -58.5121 -18.3121 0
      vertex -58.538 -18.2826 6
      vertex -58.538 -18.2826 0
    endloop
  endfacet
  facet normal -0.751471 -0.659766 0
    outer loop
      vertex -58.538 -18.2826 6
      vertex -58.5121 -18.3121 0
      vertex -58.5121 -18.3121 6
    endloop
  endfacet
  facet normal -0.659766 -0.751471 0
    outer loop
      vertex -58.5121 -18.3121 0
      vertex -58.4826 -18.338 6
      vertex -58.5121 -18.3121 6
    endloop
  endfacet
  facet normal -0.659766 -0.751471 -0
    outer loop
      vertex -58.4826 -18.338 6
      vertex -58.5121 -18.3121 0
      vertex -58.4826 -18.338 0
    endloop
  endfacet
  facet normal -0.555877 -0.831265 0
    outer loop
      vertex -58.4826 -18.338 0
      vertex -58.45 -18.3598 6
      vertex -58.4826 -18.338 6
    endloop
  endfacet
  facet normal -0.555877 -0.831265 -0
    outer loop
      vertex -58.45 -18.3598 6
      vertex -58.4826 -18.338 0
      vertex -58.45 -18.3598 0
    endloop
  endfacet
  facet normal -0.443134 -0.896455 0
    outer loop
      vertex -58.45 -18.3598 0
      vertex -58.4148 -18.3772 6
      vertex -58.45 -18.3598 6
    endloop
  endfacet
  facet normal -0.443134 -0.896455 -0
    outer loop
      vertex -58.4148 -18.3772 6
      vertex -58.45 -18.3598 0
      vertex -58.4148 -18.3772 0
    endloop
  endfacet
  facet normal -0.320807 -0.947145 0
    outer loop
      vertex -58.4148 -18.3772 0
      vertex -58.3776 -18.3898 6
      vertex -58.4148 -18.3772 6
    endloop
  endfacet
  facet normal -0.320807 -0.947145 -0
    outer loop
      vertex -58.3776 -18.3898 6
      vertex -58.4148 -18.3772 0
      vertex -58.3776 -18.3898 0
    endloop
  endfacet
  facet normal -0.193665 -0.981068 0
    outer loop
      vertex -58.3776 -18.3898 0
      vertex -58.3391 -18.3974 6
      vertex -58.3776 -18.3898 6
    endloop
  endfacet
  facet normal -0.193665 -0.981068 -0
    outer loop
      vertex -58.3391 -18.3974 6
      vertex -58.3776 -18.3898 0
      vertex -58.3391 -18.3974 0
    endloop
  endfacet
  facet normal -0.0663496 -0.997796 0
    outer loop
      vertex -58.3391 -18.3974 0
      vertex -58.3 -18.4 6
      vertex -58.3391 -18.3974 6
    endloop
  endfacet
  facet normal -0.0663496 -0.997796 -0
    outer loop
      vertex -58.3 -18.4 6
      vertex -58.3391 -18.3974 0
      vertex -58.3 -18.4 0
    endloop
  endfacet
  facet normal 0 -1 0
    outer loop
      vertex -58.3 -18.4 0
      vertex -57.6 -18.4 6
      vertex -58.3 -18.4 6
    endloop
  endfacet
  facet normal 0 -1 -0
    outer loop
      vertex -57.6 -18.4 6
      vertex -58.3 -18.4 0
      vertex -57.6 -18.4 0
    endloop
  endfacet
  facet normal -1 0 0
    outer loop
      vertex -57.6 -24.8 0
      vertex -57.6 -18.4 6
      vertex -57.6 -18.4 0
    endloop
  endfacet
  facet normal -1 -0 0
    outer loop
      vertex -57.6 -18.4 6
      vertex -57.6 -24.8 0
      vertex -57.6 -24.8 6
    endloop
  endfacet
  facet normal 0 1 -0
    outer loop
      vertex -57.6 -24.8 0
      vertex -58.6 -24.8 6
      vertex -57.6 -24.8 6
    endloop
  endfacet
  facet normal 0 1 0
    outer loop
      vertex -58.6 -24.8 6
      vertex -57.6 -24.8 0
      vertex -58.6 -24.8 0
    endloop
  endfacet
  facet normal -1 0 0
    outer loop
      vertex -58.6 -25.6 0
      vertex -58.6 -24.8 6
      vertex -58.6 -24.8 0
    endloop
  endfacet
  facet normal -1 -0 0
    outer loop
      vertex -58.6 -24.8 6
      vertex -58.6 -25.6 0
      vertex -58.6 -25.6 6
    endloop
  endfacet
  facet normal 0 -1 0
    outer loop
      vertex -58.6 -25.6 0
      vertex -57.6 -25.6 6
      vertex -58.6 -25.6 6
    endloop
  endfacet
  facet normal 0 -1 -0
    outer loop
      vertex -57.6 -25.6 6
      vertex -58.6 -25.6 0
      vertex -57.6 -25.6 0
    endloop
  endfacet
  facet normal -1 0 0
    outer loop
      vertex -57.6 -29.4 0
      vertex -57.6 -25.6 6
      vertex -57.6 -25.6 0
    endloop
  endfacet
  facet normal -1 -0 0
    outer loop
      vertex -57.6 -25.6 6
      vertex -57.6 -29.4 0
      vertex -57.6 -29.4 6
    endloop
  endfacet
  facet normal 0 1 -0
    outer loop
      vertex -57.6 -29.4 0
      vertex -58.6 -29.4 6
      vertex -57.6 -29.4 6
    endloop
  endfacet
  facet normal 0 1 0
    outer loop
      vertex -58.6 -29.4 6
      vertex -57.6 -29.4 0
      vertex -58.6 -29.4 0
    endloop
  endfacet
  facet normal -1 0 0
    outer loop
      vertex -58.6 -40.6 0
      vertex -58.6 -29.4 6
      vertex -58.6 -29.4 0
    endloop
  endfacet
  facet normal -1 -0 0
    outer loop
      vertex -58.6 -29.4 6
      vertex -58.6 -40.6 0
      vertex -58.6 -40.6 6
    endloop
  endfacet
  facet normal 0 -1 0
    outer loop
      vertex -58.6 -40.6 0
      vertex -57.6 -40.6 6
      vertex -58.6 -40.6 6
    endloop
  endfacet
  facet normal 0 -1 -0
    outer loop
      vertex -57.6 -40.6 6
      vertex -58.6 -40.6 0
      vertex -57.6 -40.6 0
    endloop
  endfacet
  facet normal -1 0 0
    outer loop
      vertex -57.6 -44.4 0
      vertex -57.6 -40.6 6
      vertex -57.6 -40.6 0
    endloop
  endfacet
  facet normal -1 -0 0
    outer loop
      vertex -57.6 -40.6 6
      vertex -57.6 -44.4 0
      vertex -57.6 -44.4 6
    endloop
  endfacet
  facet normal 0 1 -0
    outer loop
      vertex -57.6 -44.4 0
      vertex -58.6 -44.4 6
      vertex -57.6 -44.4 6
    endloop
  endfacet
  facet normal 0 1 0
    outer loop
      vertex -58.6 -44.4 6
      vertex -57.6 -44.4 0
      vertex -58.6 -44.4 0
    endloop
  endfacet
  facet normal -1 0 0
    outer loop
      vertex -58.6 -45.2 0
      vertex -58.6 -44.4 6
      vertex -58.6 -44.4 0
    endloop
  endfacet
  facet normal -1 -0 0
    outer loop
      vertex -58.6 -44.4 6
      vertex -58.6 -45.2 0
      vertex -58.6 -45.2 6
    endloop
  endfacet
  facet normal 0 -1 0
    outer loop
      vertex -58.6 -45.2 0
      vertex -57.6 -45.2 6
      vertex -58.6 -45.2 6
    endloop
  endfacet
  facet normal 0 -1 -0
    outer loop
      vertex -57.6 -45.2 6
      vertex -58.6 -45.2 0
      vertex -57.6 -45.2 0
    endloop
  endfacet
  facet normal -1 0 0
    outer loop
      vertex -57.6 -51.6 0
      vertex -57.6 -45.2 6
      vertex -57.6 -45.2 0
    endloop
  endfacet
  facet normal -1 -0 0
    outer loop
      vertex -57.6 -45.2 6
      vertex -57.6 -51.6 0
      vertex -57.6 -51.6 6
    endloop
  endfacet
  facet normal 0 1 -0
    outer loop
      vertex -57.6 -51.6 0
      vertex -58.3 -51.6 6
      vertex -57.6 -51.6 6
    endloop
  endfacet
  facet normal 0 1 0
    outer loop
      vertex -58.3 -51.6 6
      vertex -57.6 -51.6 0
      vertex -58.3 -51.6 0
    endloop
  endfacet
  facet normal -0.0663496 0.997796 0
    outer loop
      vertex -58.3 -51.6 0
      vertex -58.3391 -51.6026 6
      vertex -58.3 -51.6 6
    endloop
  endfacet
  facet normal -0.0663496 0.997796 0
    outer loop
      vertex -58.3391 -51.6026 6
      vertex -58.3 -51.6 0
      vertex -58.3391 -51.6026 0
    endloop
  endfacet
  facet normal -0.193665 0.981068 0
    outer loop
      vertex -58.3391 -51.6026 0
      vertex -58.3776 -51.6102 6
      vertex -58.3391 -51.6026 6
    endloop
  endfacet
  facet normal -0.193665 0.981068 0
    outer loop
      vertex -58.3776 -51.6102 6
      vertex -58.3391 -51.6026 0
      vertex -58.3776 -51.6102 0
    endloop
  endfacet
  facet normal -0.320807 0.947145 0
    outer loop
      vertex -58.3776 -51.6102 0
      vertex -58.4148 -51.6228 6
      vertex -58.3776 -51.6102 6
    endloop
  endfacet
  facet normal -0.320807 0.947145 0
    outer loop
      vertex -58.4148 -51.6228 6
      vertex -58.3776 -51.6102 0
      vertex -58.4148 -51.6228 0
    endloop
  endfacet
  facet normal -0.443134 0.896455 0
    outer loop
      vertex -58.4148 -51.6228 0
      vertex -58.45 -51.6402 6
      vertex -58.4148 -51.6228 6
    endloop
  endfacet
  facet normal -0.443134 0.896455 0
    outer loop
      vertex -58.45 -51.6402 6
      vertex -58.4148 -51.6228 0
      vertex -58.45 -51.6402 0
    endloop
  endfacet
  facet normal -0.555877 0.831265 0
    outer loop
      vertex -58.45 -51.6402 0
      vertex -58.4826 -51.662 6
      vertex -58.45 -51.6402 6
    endloop
  endfacet
  facet normal -0.555877 0.831265 0
    outer loop
      vertex -58.4826 -51.662 6
      vertex -58.45 -51.6402 0
      vertex -58.4826 -51.662 0
    endloop
  endfacet
  facet normal -0.659766 0.751471 0
    outer loop
      vertex -58.4826 -51.662 0
      vertex -58.5121 -51.6879 6
      vertex -58.4826 -51.662 6
    endloop
  endfacet
  facet normal -0.659766 0.751471 0
    outer loop
      vertex -58.5121 -51.6879 6
      vertex -58.4826 -51.662 0
      vertex -58.5121 -51.6879 0
    endloop
  endfacet
  facet normal -0.751471 0.659766 0
    outer loop
      vertex -58.538 -51.7174 0
      vertex -58.5121 -51.6879 6
      vertex -58.5121 -51.6879 0
    endloop
  endfacet
  facet normal -0.751471 0.659766 0
    outer loop
      vertex -58.5121 -51.6879 6
      vertex -58.538 -51.7174 0
      vertex -58.538 -51.7174 6
    endloop
  endfacet
  facet normal -0.831265 0.555877 0
    outer loop
      vertex -58.5598 -51.75 0
      vertex -58.538 -51.7174 6
      vertex -58.538 -51.7174 0
    endloop
  endfacet
  facet normal -0.831265 0.555877 0
    outer loop
      vertex -58.538 -51.7174 6
      vertex -58.5598 -51.75 0
      vertex -58.5598 -51.75 6
    endloop
  endfacet
  facet normal -0.897466 0.441084 0
    outer loop
      vertex -58.5771 -51.7852 0
      vertex -58.5598 -51.75 6
      vertex -58.5598 -51.75 0
    endloop
  endfacet
  facet normal -0.897466 0.441084 0
    outer loop
      vertex -58.5598 -51.75 6
      vertex -58.5771 -51.7852 0
      vertex -58.5771 -51.7852 6
    endloop
  endfacet
  facet normal -0.946102 0.323868 0
    outer loop
      vertex -58.5898 -51.8223 0
      vertex -58.5771 -51.7852 6
      vertex -58.5771 -51.7852 0
    endloop
  endfacet
  facet normal -0.946102 0.323868 0
    outer loop
      vertex -58.5771 -51.7852 6
      vertex -58.5898 -51.8223 0
      vertex -58.5898 -51.8223 6
    endloop
  endfacet
  facet normal -0.981068 0.193665 0
    outer loop
      vertex -58.5974 -51.8608 0
      vertex -58.5898 -51.8223 6
      vertex -58.5898 -51.8223 0
    endloop
  endfacet
  facet normal -0.981068 0.193665 0
    outer loop
      vertex -58.5898 -51.8223 6
      vertex -58.5974 -51.8608 0
      vertex -58.5974 -51.8608 6
    endloop
  endfacet
  facet normal -0.997808 0.0661811 0
    outer loop
      vertex -58.6 -51.9 0
      vertex -58.5974 -51.8608 6
      vertex -58.5974 -51.8608 0
    endloop
  endfacet
  facet normal -0.997808 0.0661811 0
    outer loop
      vertex -58.5974 -51.8608 6
      vertex -58.6 -51.9 0
      vertex -58.6 -51.9 6
    endloop
  endfacet
  facet normal -1 0 0
    outer loop
      vertex -58.6 -52 0
      vertex -58.6 -51.9 6
      vertex -58.6 -51.9 0
    endloop
  endfacet
  facet normal -1 -0 0
    outer loop
      vertex -58.6 -51.9 6
      vertex -58.6 -52 0
      vertex -58.6 -52 6
    endloop
  endfacet
  facet normal -0.997796 -0.0663496 0
    outer loop
      vertex -58.5974 -52.0391 0
      vertex -58.6 -52 6
      vertex -58.6 -52 0
    endloop
  endfacet
  facet normal -0.997796 -0.0663496 0
    outer loop
      vertex -58.6 -52 6
      vertex -58.5974 -52.0391 0
      vertex -58.5974 -52.0391 6
    endloop
  endfacet
  facet normal -0.981068 -0.193665 0
    outer loop
      vertex -58.5898 -52.0776 0
      vertex -58.5974 -52.0391 6
      vertex -58.5974 -52.0391 0
    endloop
  endfacet
  facet normal -0.981068 -0.193665 0
    outer loop
      vertex -58.5974 -52.0391 6
      vertex -58.5898 -52.0776 0
      vertex -58.5898 -52.0776 6
    endloop
  endfacet
  facet normal -0.946369 -0.323088 0
    outer loop
      vertex -58.5771 -52.1148 0
      vertex -58.5898 -52.0776 6
      vertex -58.5898 -52.0776 0
    endloop
  endfacet
  facet normal -0.946369 -0.323088 0
    outer loop
      vertex -58.5898 -52.0776 6
      vertex -58.5771 -52.1148 0
      vertex -58.5771 -52.1148 6
    endloop
  endfacet
  facet normal -0.897466 -0.441084 0
    outer loop
      vertex -58.5598 -52.15 0
      vertex -58.5771 -52.1148 6
      vertex -58.5771 -52.1148 0
    endloop
  endfacet
  facet normal -0.897466 -0.441084 0
    outer loop
      vertex -58.5771 -52.1148 6
      vertex -58.5598 -52.15 0
      vertex -58.5598 -52.15 6
    endloop
  endfacet
  facet normal -0.831265 -0.555877 0
    outer loop
      vertex -58.538 -52.1826 0
      vertex -58.5598 -52.15 6
      vertex -58.5598 -52.15 0
    endloop
  endfacet
  facet normal -0.831265 -0.555877 0
    outer loop
      vertex -58.5598 -52.15 6
      vertex -58.538 -52.1826 0
      vertex -58.538 -52.1826 6
    endloop
  endfacet
  facet normal -0.751471 -0.659766 0
    outer loop
      vertex -58.5121 -52.2121 0
      vertex -58.538 -52.1826 6
      vertex -58.538 -52.1826 0
    endloop
  endfacet
  facet normal -0.751471 -0.659766 0
    outer loop
      vertex -58.538 -52.1826 6
      vertex -58.5121 -52.2121 0
      vertex -58.5121 -52.2121 6
    endloop
  endfacet
  facet normal -0.659766 -0.751471 0
    outer loop
      vertex -58.5121 -52.2121 0
      vertex -58.4826 -52.238 6
      vertex -58.5121 -52.2121 6
    endloop
  endfacet
  facet normal -0.659766 -0.751471 -0
    outer loop
      vertex -58.4826 -52.238 6
      vertex -58.5121 -52.2121 0
      vertex -58.4826 -52.238 0
    endloop
  endfacet
  facet normal -0.555877 -0.831265 0
    outer loop
      vertex -58.4826 -52.238 0
      vertex -58.45 -52.2598 6
      vertex -58.4826 -52.238 6
    endloop
  endfacet
  facet normal -0.555877 -0.831265 -0
    outer loop
      vertex -58.45 -52.2598 6
      vertex -58.4826 -52.238 0
      vertex -58.45 -52.2598 0
    endloop
  endfacet
  facet normal -0.441084 -0.897466 0
    outer loop
      vertex -58.45 -52.2598 0
      vertex -58.4148 -52.2771 6
      vertex -58.45 -52.2598 6
    endloop
  endfacet
  facet normal -0.441084 -0.897466 -0
    outer loop
      vertex -58.4148 -52.2771 6
      vertex -58.45 -52.2598 0
      vertex -58.4148 -52.2771 0
    endloop
  endfacet
  facet normal -0.323088 -0.946369 0
    outer loop
      vertex -58.4148 -52.2771 0
      vertex -58.3776 -52.2898 6
      vertex -58.4148 -52.2771 6
    endloop
  endfacet
  facet normal -0.323088 -0.946369 -0
    outer loop
      vertex -58.3776 -52.2898 6
      vertex -58.4148 -52.2771 0
      vertex -58.3776 -52.2898 0
    endloop
  endfacet
  facet normal -0.193665 -0.981068 0
    outer loop
      vertex -58.3776 -52.2898 0
      vertex -58.3391 -52.2974 6
      vertex -58.3776 -52.2898 6
    endloop
  endfacet
  facet normal -0.193665 -0.981068 -0
    outer loop
      vertex -58.3391 -52.2974 6
      vertex -58.3776 -52.2898 0
      vertex -58.3391 -52.2974 0
    endloop
  endfacet
  facet normal -0.0663496 -0.997796 0
    outer loop
      vertex -58.3391 -52.2974 0
      vertex -58.3 -52.3 6
      vertex -58.3391 -52.2974 6
    endloop
  endfacet
  facet normal -0.0663496 -0.997796 -0
    outer loop
      vertex -58.3 -52.3 6
      vertex -58.3391 -52.2974 0
      vertex -58.3 -52.3 0
    endloop
  endfacet
  facet normal 0 -1 0
    outer loop
      vertex -58.3 -52.3 0
      vertex -53.3 -52.3 6
      vertex -58.3 -52.3 6
    endloop
  endfacet
  facet normal 0 -1 -0
    outer loop
      vertex -53.3 -52.3 6
      vertex -58.3 -52.3 0
      vertex -53.3 -52.3 0
    endloop
  endfacet
  facet normal 0.0661811 -0.997808 0
    outer loop
      vertex -53.3 -52.3 0
      vertex -53.2608 -52.2974 6
      vertex -53.3 -52.3 6
    endloop
  endfacet
  facet normal 0.0661811 -0.997808 0
    outer loop
      vertex -53.2608 -52.2974 6
      vertex -53.3 -52.3 0
      vertex -53.2608 -52.2974 0
    endloop
  endfacet
  facet normal 0.194151 -0.980972 0
    outer loop
      vertex -53.2608 -52.2974 0
      vertex -53.2224 -52.2898 6
      vertex -53.2608 -52.2974 6
    endloop
  endfacet
  facet normal 0.194151 -0.980972 0
    outer loop
      vertex -53.2224 -52.2898 6
      vertex -53.2608 -52.2974 0
      vertex -53.2224 -52.2898 0
    endloop
  endfacet
  facet normal 0.323088 -0.946369 0
    outer loop
      vertex -53.2224 -52.2898 0
      vertex -53.1852 -52.2771 6
      vertex -53.2224 -52.2898 6
    endloop
  endfacet
  facet normal 0.323088 -0.946369 0
    outer loop
      vertex -53.1852 -52.2771 6
      vertex -53.2224 -52.2898 0
      vertex -53.1852 -52.2771 0
    endloop
  endfacet
  facet normal 0.441084 -0.897466 0
    outer loop
      vertex -53.1852 -52.2771 0
      vertex -53.15 -52.2598 6
      vertex -53.1852 -52.2771 6
    endloop
  endfacet
  facet normal 0.441084 -0.897466 0
    outer loop
      vertex -53.15 -52.2598 6
      vertex -53.1852 -52.2771 0
      vertex -53.15 -52.2598 0
    endloop
  endfacet
  facet normal 0.555877 -0.831265 0
    outer loop
      vertex -53.15 -52.2598 0
      vertex -53.1174 -52.238 6
      vertex -53.15 -52.2598 6
    endloop
  endfacet
  facet normal 0.555877 -0.831265 0
    outer loop
      vertex -53.1174 -52.238 6
      vertex -53.15 -52.2598 0
      vertex -53.1174 -52.238 0
    endloop
  endfacet
  facet normal 0.659766 -0.751471 0
    outer loop
      vertex -53.1174 -52.238 0
      vertex -53.0879 -52.2121 6
      vertex -53.1174 -52.238 6
    endloop
  endfacet
  facet normal 0.659766 -0.751471 0
    outer loop
      vertex -53.0879 -52.2121 6
      vertex -53.1174 -52.238 0
      vertex -53.0879 -52.2121 0
    endloop
  endfacet
  facet normal 0.751471 -0.659766 0
    outer loop
      vertex -53.0879 -52.2121 6
      vertex -53.062 -52.1826 0
      vertex -53.062 -52.1826 6
    endloop
  endfacet
  facet normal 0.751471 -0.659766 0
    outer loop
      vertex -53.062 -52.1826 0
      vertex -53.0879 -52.2121 6
      vertex -53.0879 -52.2121 0
    endloop
  endfacet
  facet normal 0.831265 -0.555877 0
    outer loop
      vertex -53.062 -52.1826 6
      vertex -53.0402 -52.15 0
      vertex -53.0402 -52.15 6
    endloop
  endfacet
  facet normal 0.831265 -0.555877 0
    outer loop
      vertex -53.0402 -52.15 0
      vertex -53.062 -52.1826 6
      vertex -53.062 -52.1826 0
    endloop
  endfacet
  facet normal 0.896455 -0.443134 0
    outer loop
      vertex -53.0402 -52.15 6
      vertex -53.0228 -52.1148 0
      vertex -53.0228 -52.1148 6
    endloop
  endfacet
  facet normal 0.896455 -0.443134 0
    outer loop
      vertex -53.0228 -52.1148 0
      vertex -53.0402 -52.15 6
      vertex -53.0402 -52.15 0
    endloop
  endfacet
  facet normal 0.947145 -0.320807 0
    outer loop
      vertex -53.0228 -52.1148 6
      vertex -53.0102 -52.0776 0
      vertex -53.0102 -52.0776 6
    endloop
  endfacet
  facet normal 0.947145 -0.320807 0
    outer loop
      vertex -53.0102 -52.0776 0
      vertex -53.0228 -52.1148 6
      vertex -53.0228 -52.1148 0
    endloop
  endfacet
  facet normal 0.981068 -0.193665 0
    outer loop
      vertex -53.0102 -52.0776 6
      vertex -53.0026 -52.0391 0
      vertex -53.0026 -52.0391 6
    endloop
  endfacet
  facet normal 0.981068 -0.193665 0
    outer loop
      vertex -53.0026 -52.0391 0
      vertex -53.0102 -52.0776 6
      vertex -53.0102 -52.0776 0
    endloop
  endfacet
  facet normal 0.997796 -0.0663496 0
    outer loop
      vertex -53.0026 -52.0391 6
      vertex -53 -52 0
      vertex -53 -52 6
    endloop
  endfacet
  facet normal 0.997796 -0.0663496 0
    outer loop
      vertex -53 -52 0
      vertex -53.0026 -52.0391 6
      vertex -53.0026 -52.0391 0
    endloop
  endfacet
  facet normal 1 -0 0
    outer loop
      vertex -53 -52 6
      vertex -53 -51.9 0
      vertex -53 -51.9 6
    endloop
  endfacet
  facet normal 1 0 0
    outer loop
      vertex -53 -51.9 0
      vertex -53 -52 6
      vertex -53 -52 0
    endloop
  endfacet
  facet normal 0.997808 0.0661811 0
    outer loop
      vertex -53 -51.9 6
      vertex -53.0026 -51.8608 0
      vertex -53.0026 -51.8608 6
    endloop
  endfacet
  facet normal 0.997808 0.0661811 0
    outer loop
      vertex -53.0026 -51.8608 0
      vertex -53 -51.9 6
      vertex -53 -51.9 0
    endloop
  endfacet
  facet normal 0.981068 0.193665 0
    outer loop
      vertex -53.0026 -51.8608 6
      vertex -53.0102 -51.8223 0
      vertex -53.0102 -51.8223 6
    endloop
  endfacet
  facet normal 0.981068 0.193665 0
    outer loop
      vertex -53.0102 -51.8223 0
      vertex -53.0026 -51.8608 6
      vertex -53.0026 -51.8608 0
    endloop
  endfacet
  facet normal 0.946882 0.321582 0
    outer loop
      vertex -53.0102 -51.8223 6
      vertex -53.0228 -51.7852 0
      vertex -53.0228 -51.7852 6
    endloop
  endfacet
  facet normal 0.946882 0.321582 0
    outer loop
      vertex -53.0228 -51.7852 0
      vertex -53.0102 -51.8223 6
      vertex -53.0102 -51.8223 0
    endloop
  endfacet
  facet normal 0.896455 0.443134 0
    outer loop
      vertex -53.0228 -51.7852 6
      vertex -53.0402 -51.75 0
      vertex -53.0402 -51.75 6
    endloop
  endfacet
  facet normal 0.896455 0.443134 0
    outer loop
      vertex -53.0402 -51.75 0
      vertex -53.0228 -51.7852 6
      vertex -53.0228 -51.7852 0
    endloop
  endfacet
  facet normal 0.831265 0.555877 0
    outer loop
      vertex -53.0402 -51.75 6
      vertex -53.062 -51.7174 0
      vertex -53.062 -51.7174 6
    endloop
  endfacet
  facet normal 0.831265 0.555877 0
    outer loop
      vertex -53.062 -51.7174 0
      vertex -53.0402 -51.75 6
      vertex -53.0402 -51.75 0
    endloop
  endfacet
  facet normal 0.751471 0.659766 0
    outer loop
      vertex -53.062 -51.7174 6
      vertex -53.0879 -51.6879 0
      vertex -53.0879 -51.6879 6
    endloop
  endfacet
  facet normal 0.751471 0.659766 0
    outer loop
      vertex -53.0879 -51.6879 0
      vertex -53.062 -51.7174 6
      vertex -53.062 -51.7174 0
    endloop
  endfacet
  facet normal 0.659766 0.751471 -0
    outer loop
      vertex -53.0879 -51.6879 0
      vertex -53.1174 -51.662 6
      vertex -53.0879 -51.6879 6
    endloop
  endfacet
  facet normal 0.659766 0.751471 0
    outer loop
      vertex -53.1174 -51.662 6
      vertex -53.0879 -51.6879 0
      vertex -53.1174 -51.662 0
    endloop
  endfacet
  facet normal 0.555877 0.831265 -0
    outer loop
      vertex -53.1174 -51.662 0
      vertex -53.15 -51.6402 6
      vertex -53.1174 -51.662 6
    endloop
  endfacet
  facet normal 0.555877 0.831265 0
    outer loop
      vertex -53.15 -51.6402 6
      vertex -53.1174 -51.662 0
      vertex -53.15 -51.6402 0
    endloop
  endfacet
  facet normal 0.443134 0.896455 -0
    outer loop
      vertex -53.15 -51.6402 0
      vertex -53.1852 -51.6228 6
      vertex -53.15 -51.6402 6
    endloop
  endfacet
  facet normal 0.443134 0.896455 0
    outer loop
      vertex -53.1852 -51.6228 6
      vertex -53.15 -51.6402 0
      vertex -53.1852 -51.6228 0
    endloop
  endfacet
  facet normal 0.320807 0.947145 -0
    outer loop
      vertex -53.1852 -51.6228 0
      vertex -53.2224 -51.6102 6
      vertex -53.1852 -51.6228 6
    endloop
  endfacet
  facet normal 0.320807 0.947145 0
    outer loop
      vertex -53.2224 -51.6102 6
      vertex -53.1852 -51.6228 0
      vertex -53.2224 -51.6102 0
    endloop
  endfacet
  facet normal 0.194151 0.980972 -0
    outer loop
      vertex -53.2224 -51.6102 0
      vertex -53.2608 -51.6026 6
      vertex -53.2224 -51.6102 6
    endloop
  endfacet
  facet normal 0.194151 0.980972 0
    outer loop
      vertex -53.2608 -51.6026 6
      vertex -53.2224 -51.6102 0
      vertex -53.2608 -51.6026 0
    endloop
  endfacet
  facet normal 0.0661811 0.997808 -0
    outer loop
      vertex -53.2608 -51.6026 0
      vertex -53.3 -51.6 6
      vertex -53.2608 -51.6026 6
    endloop
  endfacet
  facet normal 0.0661811 0.997808 0
    outer loop
      vertex -53.3 -51.6 6
      vertex -53.2608 -51.6026 0
      vertex -53.3 -51.6 0
    endloop
  endfacet
  facet normal 0 1 -0
    outer loop
      vertex -53.3 -51.6 0
      vertex -54.6 -51.6 6
      vertex -53.3 -51.6 6
    endloop
  endfacet
  facet normal 0 1 0
    outer loop
      vertex -54.6 -51.6 6
      vertex -53.3 -51.6 0
      vertex -54.6 -51.6 0
    endloop
  endfacet
  facet normal 1 -0 0
    outer loop
      vertex -54.6 -51.6 6
      vertex -54.6 -45.2 0
      vertex -54.6 -45.2 6
    endloop
  endfacet
  facet normal 1 0 0
    outer loop
      vertex -54.6 -45.2 0
      vertex -54.6 -51.6 6
      vertex -54.6 -51.6 0
    endloop
  endfacet
  facet normal 0 -1 0
    outer loop
      vertex -54.6 -45.2 0
      vertex -52.6 -45.2 6
      vertex -54.6 -45.2 6
    endloop
  endfacet
  facet normal 0 -1 -0
    outer loop
      vertex -52.6 -45.2 6
      vertex -54.6 -45.2 0
      vertex -52.6 -45.2 0
    endloop
  endfacet
  facet normal 1 -0 0
    outer loop
      vertex -52.6 -45.2 6
      vertex -52.6 -42 0
      vertex -52.6 -42 6
    endloop
  endfacet
  facet normal 1 0 0
    outer loop
      vertex -52.6 -42 0
      vertex -52.6 -45.2 6
      vertex -52.6 -45.2 0
    endloop
  endfacet
  facet normal 0.997861 -0.0653771 0
    outer loop
      vertex -52.6 -42 6
      vertex -52.5829 -41.739 0
      vertex -52.5829 -41.739 6
    endloop
  endfacet
  facet normal 0.997861 -0.0653771 0
    outer loop
      vertex -52.5829 -41.739 0
      vertex -52.6 -42 6
      vertex -52.6 -42 0
    endloop
  endfacet
  facet normal 0.980742 -0.195308 0
    outer loop
      vertex -52.5829 -41.739 6
      vertex -52.5318 -41.4824 0
      vertex -52.5318 -41.4824 6
    endloop
  endfacet
  facet normal 0.980742 -0.195308 0
    outer loop
      vertex -52.5318 -41.4824 0
      vertex -52.5829 -41.739 6
      vertex -52.5829 -41.739 0
    endloop
  endfacet
  facet normal 0.947066 -0.321039 0
    outer loop
      vertex -52.5318 -41.4824 6
      vertex -52.4478 -41.2346 0
      vertex -52.4478 -41.2346 6
    endloop
  endfacet
  facet normal 0.947066 -0.321039 0
    outer loop
      vertex -52.4478 -41.2346 0
      vertex -52.5318 -41.4824 6
      vertex -52.5318 -41.4824 0
    endloop
  endfacet
  facet normal 0.896709 -0.442621 0
    outer loop
      vertex -52.4478 -41.2346 6
      vertex -52.332 -41 0
      vertex -52.332 -41 6
    endloop
  endfacet
  facet normal 0.896709 -0.442621 0
    outer loop
      vertex -52.332 -41 0
      vertex -52.4478 -41.2346 6
      vertex -52.4478 -41.2346 0
    endloop
  endfacet
  facet normal 0.831521 -0.555494 0
    outer loop
      vertex -52.332 -41 6
      vertex -52.1867 -40.7825 0
      vertex -52.1867 -40.7825 6
    endloop
  endfacet
  facet normal 0.831521 -0.555494 0
    outer loop
      vertex -52.1867 -40.7825 0
      vertex -52.332 -41 6
      vertex -52.332 -41 0
    endloop
  endfacet
  facet normal 0.751842 -0.659343 0
    outer loop
      vertex -52.1867 -40.7825 6
      vertex -52.0142 -40.5858 0
      vertex -52.0142 -40.5858 6
    endloop
  endfacet
  facet normal 0.751842 -0.659343 0
    outer loop
      vertex -52.0142 -40.5858 0
      vertex -52.1867 -40.7825 6
      vertex -52.1867 -40.7825 0
    endloop
  endfacet
  facet normal 0.659343 -0.751842 0
    outer loop
      vertex -52.0142 -40.5858 0
      vertex -51.8175 -40.4133 6
      vertex -52.0142 -40.5858 6
    endloop
  endfacet
  facet normal 0.659343 -0.751842 0
    outer loop
      vertex -51.8175 -40.4133 6
      vertex -52.0142 -40.5858 0
      vertex -51.8175 -40.4133 0
    endloop
  endfacet
  facet normal 0.555758 -0.831344 0
    outer loop
      vertex -51.8175 -40.4133 0
      vertex -51.6 -40.2679 6
      vertex -51.8175 -40.4133 6
    endloop
  endfacet
  facet normal 0.555758 -0.831344 0
    outer loop
      vertex -51.6 -40.2679 6
      vertex -51.8175 -40.4133 0
      vertex -51.6 -40.2679 0
    endloop
  endfacet
  facet normal 0.442314 -0.89686 0
    outer loop
      vertex -51.6 -40.2679 0
      vertex -51.3654 -40.1522 6
      vertex -51.6 -40.2679 6
    endloop
  endfacet
  facet normal 0.442314 -0.89686 0
    outer loop
      vertex -51.3654 -40.1522 6
      vertex -51.6 -40.2679 0
      vertex -51.3654 -40.1522 0
    endloop
  endfacet
  facet normal 0.321382 -0.94695 0
    outer loop
      vertex -51.3654 -40.1522 0
      vertex -51.1176 -40.0681 6
      vertex -51.3654 -40.1522 6
    endloop
  endfacet
  facet normal 0.321382 -0.94695 0
    outer loop
      vertex -51.1176 -40.0681 6
      vertex -51.3654 -40.1522 0
      vertex -51.1176 -40.0681 0
    endloop
  endfacet
  facet normal 0.19494 -0.980815 0
    outer loop
      vertex -51.1176 -40.0681 0
      vertex -50.861 -40.0171 6
      vertex -51.1176 -40.0681 6
    endloop
  endfacet
  facet normal 0.19494 -0.980815 0
    outer loop
      vertex -50.861 -40.0171 6
      vertex -51.1176 -40.0681 0
      vertex -50.861 -40.0171 0
    endloop
  endfacet
  facet normal 0.0653771 -0.997861 0
    outer loop
      vertex -50.861 -40.0171 0
      vertex -50.6 -40 6
      vertex -50.861 -40.0171 6
    endloop
  endfacet
  facet normal 0.0653771 -0.997861 0
    outer loop
      vertex -50.6 -40 6
      vertex -50.861 -40.0171 0
      vertex -50.6 -40 0
    endloop
  endfacet
  facet normal 0 -1 0
    outer loop
      vertex -50.6 -40 0
      vertex -25 -40 6
      vertex -50.6 -40 6
    endloop
  endfacet
  facet normal 0 -1 -0
    outer loop
      vertex -25 -40 6
      vertex -50.6 -40 0
      vertex -25 -40 0
    endloop
  endfacet
  facet normal 1 -0 0
    outer loop
      vertex -25 -40 6
      vertex -25 -38 0
      vertex -25 -38 6
    endloop
  endfacet
  facet normal 1 0 0
    outer loop
      vertex -25 -38 0
      vertex -25 -40 6
      vertex -25 -40 0
    endloop
  endfacet
  facet normal 0 -1 0
    outer loop
      vertex -25 -38 0
      vertex -17.9 -38 6
      vertex -25 -38 6
    endloop
  endfacet
  facet normal 0 -1 -0
    outer loop
      vertex -17.9 -38 6
      vertex -25 -38 0
      vertex -17.9 -38 0
    endloop
  endfacet
  facet normal 0.707107 -0.707107 0
    outer loop
      vertex -17.9 -38 6
      vertex -17.4 -37.5 0
      vertex -17.4 -37.5 6
    endloop
  endfacet
  facet normal 0.707107 -0.707107 0
    outer loop
      vertex -17.4 -37.5 0
      vertex -17.9 -38 6
      vertex -17.9 -38 0
    endloop
  endfacet
  facet normal 1 -0 0
    outer loop
      vertex -17.4 -37.5 6
      vertex -17.4 -32.5 0
      vertex -17.4 -32.5 6
    endloop
  endfacet
  facet normal 1 0 0
    outer loop
      vertex -17.4 -32.5 0
      vertex -17.4 -37.5 6
      vertex -17.4 -37.5 0
    endloop
  endfacet
  facet normal 0.707107 0.707107 0
    outer loop
      vertex -17.4 -32.5 6
      vertex -17.9 -32 0
      vertex -17.9 -32 6
    endloop
  endfacet
  facet normal 0.707107 0.707107 0
    outer loop
      vertex -17.9 -32 0
      vertex -17.4 -32.5 6
      vertex -17.4 -32.5 0
    endloop
  endfacet
  facet normal -0.997836 0.0657577 0
    outer loop
      vertex -30.0086 -36.1305 0
      vertex -30 -36 6
      vertex -30 -36 0
    endloop
  endfacet
  facet normal -0.997836 0.0657577 0
    outer loop
      vertex -30 -36 6
      vertex -30.0086 -36.1305 0
      vertex -30.0086 -36.1305 6
    endloop
  endfacet
  facet normal -0.980815 0.19494 0
    outer loop
      vertex -30.0341 -36.2588 0
      vertex -30.0086 -36.1305 6
      vertex -30.0086 -36.1305 0
    endloop
  endfacet
  facet normal -0.980815 0.19494 0
    outer loop
      vertex -30.0086 -36.1305 6
      vertex -30.0341 -36.2588 0
      vertex -30.0341 -36.2588 6
    endloop
  endfacet
  facet normal -0.947066 0.321039 0
    outer loop
      vertex -30.0761 -36.3827 0
      vertex -30.0341 -36.2588 6
      vertex -30.0341 -36.2588 0
    endloop
  endfacet
  facet normal -0.947066 0.321039 0
    outer loop
      vertex -30.0341 -36.2588 6
      vertex -30.0761 -36.3827 0
      vertex -30.0761 -36.3827 6
    endloop
  endfacet
  facet normal -0.896709 0.442621 0
    outer loop
      vertex -30.134 -36.5 0
      vertex -30.0761 -36.3827 6
      vertex -30.0761 -36.3827 0
    endloop
  endfacet
  facet normal -0.896709 0.442621 0
    outer loop
      vertex -30.0761 -36.3827 6
      vertex -30.134 -36.5 0
      vertex -30.134 -36.5 6
    endloop
  endfacet
  facet normal -0.831815 0.555053 0
    outer loop
      vertex -30.2066 -36.6088 0
      vertex -30.134 -36.5 6
      vertex -30.134 -36.5 0
    endloop
  endfacet
  facet normal -0.831815 0.555053 0
    outer loop
      vertex -30.134 -36.5 6
      vertex -30.2066 -36.6088 0
      vertex -30.2066 -36.6088 6
    endloop
  endfacet
  facet normal -0.751486 0.659749 0
    outer loop
      vertex -30.2929 -36.7071 0
      vertex -30.2066 -36.6088 6
      vertex -30.2066 -36.6088 0
    endloop
  endfacet
  facet normal -0.751486 0.659749 0
    outer loop
      vertex -30.2066 -36.6088 6
      vertex -30.2929 -36.7071 0
      vertex -30.2929 -36.7071 6
    endloop
  endfacet
  facet normal -0.659749 0.751486 0
    outer loop
      vertex -30.2929 -36.7071 0
      vertex -30.3912 -36.7934 6
      vertex -30.2929 -36.7071 6
    endloop
  endfacet
  facet normal -0.659749 0.751486 0
    outer loop
      vertex -30.3912 -36.7934 6
      vertex -30.2929 -36.7071 0
      vertex -30.3912 -36.7934 0
    endloop
  endfacet
  facet normal -0.555053 0.831815 0
    outer loop
      vertex -30.3912 -36.7934 0
      vertex -30.5 -36.866 6
      vertex -30.3912 -36.7934 6
    endloop
  endfacet
  facet normal -0.555053 0.831815 0
    outer loop
      vertex -30.5 -36.866 6
      vertex -30.3912 -36.7934 0
      vertex -30.5 -36.866 0
    endloop
  endfacet
  facet normal -0.442621 0.896709 0
    outer loop
      vertex -30.5 -36.866 0
      vertex -30.6173 -36.9239 6
      vertex -30.5 -36.866 6
    endloop
  endfacet
  facet normal -0.442621 0.896709 0
    outer loop
      vertex -30.6173 -36.9239 6
      vertex -30.5 -36.866 0
      vertex -30.6173 -36.9239 0
    endloop
  endfacet
  facet normal -0.321039 0.947066 0
    outer loop
      vertex -30.6173 -36.9239 0
      vertex -30.7412 -36.9659 6
      vertex -30.6173 -36.9239 6
    endloop
  endfacet
  facet normal -0.321039 0.947066 0
    outer loop
      vertex -30.7412 -36.9659 6
      vertex -30.6173 -36.9239 0
      vertex -30.7412 -36.9659 0
    endloop
  endfacet
  facet normal -0.19494 0.980815 0
    outer loop
      vertex -30.7412 -36.9659 0
      vertex -30.8695 -36.9914 6
      vertex -30.7412 -36.9659 6
    endloop
  endfacet
  facet normal -0.19494 0.980815 0
    outer loop
      vertex -30.8695 -36.9914 6
      vertex -30.7412 -36.9659 0
      vertex -30.8695 -36.9914 0
    endloop
  endfacet
  facet normal -0.0657577 0.997836 0
    outer loop
      vertex -30.8695 -36.9914 0
      vertex -31 -37 6
      vertex -30.8695 -36.9914 6
    endloop
  endfacet
  facet normal -0.0657577 0.997836 0
    outer loop
      vertex -31 -37 6
      vertex -30.8695 -36.9914 0
      vertex -31 -37 0
    endloop
  endfacet
  facet normal 0 1 -0
    outer loop
      vertex -31 -37 0
      vertex -49 -37 6
      vertex -31 -37 6
    endloop
  endfacet
  facet normal 0 1 0
    outer loop
      vertex -49 -37 6
      vertex -31 -37 0
      vertex -49 -37 0
    endloop
  endfacet
  facet normal 0.0657577 0.997836 -0
    outer loop
      vertex -49 -37 0
      vertex -49.1305 -36.9914 6
      vertex -49 -37 6
    endloop
  endfacet
  facet normal 0.0657577 0.997836 0
    outer loop
      vertex -49.1305 -36.9914 6
      vertex -49 -37 0
      vertex -49.1305 -36.9914 0
    endloop
  endfacet
  facet normal 0.19494 0.980815 -0
    outer loop
      vertex -49.1305 -36.9914 0
      vertex -49.2588 -36.9659 6
      vertex -49.1305 -36.9914 6
    endloop
  endfacet
  facet normal 0.19494 0.980815 0
    outer loop
      vertex -49.2588 -36.9659 6
      vertex -49.1305 -36.9914 0
      vertex -49.2588 -36.9659 0
    endloop
  endfacet
  facet normal 0.321039 0.947066 -0
    outer loop
      vertex -49.2588 -36.9659 0
      vertex -49.3827 -36.9239 6
      vertex -49.2588 -36.9659 6
    endloop
  endfacet
  facet normal 0.321039 0.947066 0
    outer loop
      vertex -49.3827 -36.9239 6
      vertex -49.2588 -36.9659 0
      vertex -49.3827 -36.9239 0
    endloop
  endfacet
  facet normal 0.442621 0.896709 -0
    outer loop
      vertex -49.3827 -36.9239 0
      vertex -49.5 -36.866 6
      vertex -49.3827 -36.9239 6
    endloop
  endfacet
  facet normal 0.442621 0.896709 0
    outer loop
      vertex -49.5 -36.866 6
      vertex -49.3827 -36.9239 0
      vertex -49.5 -36.866 0
    endloop
  endfacet
  facet normal 0.555053 0.831815 -0
    outer loop
      vertex -49.5 -36.866 0
      vertex -49.6088 -36.7934 6
      vertex -49.5 -36.866 6
    endloop
  endfacet
  facet normal 0.555053 0.831815 0
    outer loop
      vertex -49.6088 -36.7934 6
      vertex -49.5 -36.866 0
      vertex -49.6088 -36.7934 0
    endloop
  endfacet
  facet normal 0.659749 0.751486 -0
    outer loop
      vertex -49.6088 -36.7934 0
      vertex -49.7071 -36.7071 6
      vertex -49.6088 -36.7934 6
    endloop
  endfacet
  facet normal 0.659749 0.751486 0
    outer loop
      vertex -49.7071 -36.7071 6
      vertex -49.6088 -36.7934 0
      vertex -49.7071 -36.7071 0
    endloop
  endfacet
  facet normal 0.751486 0.659749 0
    outer loop
      vertex -49.7071 -36.7071 6
      vertex -49.7934 -36.6088 0
      vertex -49.7934 -36.6088 6
    endloop
  endfacet
  facet normal 0.751486 0.659749 0
    outer loop
      vertex -49.7934 -36.6088 0
      vertex -49.7071 -36.7071 6
      vertex -49.7071 -36.7071 0
    endloop
  endfacet
  facet normal 0.831815 0.555053 0
    outer loop
      vertex -49.7934 -36.6088 6
      vertex -49.866 -36.5 0
      vertex -49.866 -36.5 6
    endloop
  endfacet
  facet normal 0.831815 0.555053 0
    outer loop
      vertex -49.866 -36.5 0
      vertex -49.7934 -36.6088 6
      vertex -49.7934 -36.6088 0
    endloop
  endfacet
  facet normal 0.896709 0.442621 0
    outer loop
      vertex -49.866 -36.5 6
      vertex -49.9239 -36.3827 0
      vertex -49.9239 -36.3827 6
    endloop
  endfacet
  facet normal 0.896709 0.442621 0
    outer loop
      vertex -49.9239 -36.3827 0
      vertex -49.866 -36.5 6
      vertex -49.866 -36.5 0
    endloop
  endfacet
  facet normal 0.947066 0.321039 0
    outer loop
      vertex -49.9239 -36.3827 6
      vertex -49.9659 -36.2588 0
      vertex -49.9659 -36.2588 6
    endloop
  endfacet
  facet normal 0.947066 0.321039 0
    outer loop
      vertex -49.9659 -36.2588 0
      vertex -49.9239 -36.3827 6
      vertex -49.9239 -36.3827 0
    endloop
  endfacet
  facet normal 0.980815 0.19494 0
    outer loop
      vertex -49.9659 -36.2588 6
      vertex -49.9914 -36.1305 0
      vertex -49.9914 -36.1305 6
    endloop
  endfacet
  facet normal 0.980815 0.19494 0
    outer loop
      vertex -49.9914 -36.1305 0
      vertex -49.9659 -36.2588 6
      vertex -49.9659 -36.2588 0
    endloop
  endfacet
  facet normal 0.997836 0.0657577 0
    outer loop
      vertex -49.9914 -36.1305 6
      vertex -50 -36 0
      vertex -50 -36 6
    endloop
  endfacet
  facet normal 0.997836 0.0657577 0
    outer loop
      vertex -50 -36 0
      vertex -49.9914 -36.1305 6
      vertex -49.9914 -36.1305 0
    endloop
  endfacet
  facet normal 1 -0 0
    outer loop
      vertex -50 -36 6
      vertex -50 -34 0
      vertex -50 -34 6
    endloop
  endfacet
  facet normal 1 0 0
    outer loop
      vertex -50 -34 0
      vertex -50 -36 6
      vertex -50 -36 0
    endloop
  endfacet
  facet normal 0.997836 -0.0657577 0
    outer loop
      vertex -50 -34 6
      vertex -49.9914 -33.8695 0
      vertex -49.9914 -33.8695 6
    endloop
  endfacet
  facet normal 0.997836 -0.0657577 0
    outer loop
      vertex -49.9914 -33.8695 0
      vertex -50 -34 6
      vertex -50 -34 0
    endloop
  endfacet
  facet normal 0.980815 -0.19494 0
    outer loop
      vertex -49.9914 -33.8695 6
      vertex -49.9659 -33.7412 0
      vertex -49.9659 -33.7412 6
    endloop
  endfacet
  facet normal 0.980815 -0.19494 0
    outer loop
      vertex -49.9659 -33.7412 0
      vertex -49.9914 -33.8695 6
      vertex -49.9914 -33.8695 0
    endloop
  endfacet
  facet normal 0.947066 -0.321039 0
    outer loop
      vertex -49.9659 -33.7412 6
      vertex -49.9239 -33.6173 0
      vertex -49.9239 -33.6173 6
    endloop
  endfacet
  facet normal 0.947066 -0.321039 0
    outer loop
      vertex -49.9239 -33.6173 0
      vertex -49.9659 -33.7412 6
      vertex -49.9659 -33.7412 0
    endloop
  endfacet
  facet normal 0.896709 -0.442621 0
    outer loop
      vertex -49.9239 -33.6173 6
      vertex -49.866 -33.5 0
      vertex -49.866 -33.5 6
    endloop
  endfacet
  facet normal 0.896709 -0.442621 0
    outer loop
      vertex -49.866 -33.5 0
      vertex -49.9239 -33.6173 6
      vertex -49.9239 -33.6173 0
    endloop
  endfacet
  facet normal 0.831815 -0.555053 0
    outer loop
      vertex -49.866 -33.5 6
      vertex -49.7934 -33.3912 0
      vertex -49.7934 -33.3912 6
    endloop
  endfacet
  facet normal 0.831815 -0.555053 0
    outer loop
      vertex -49.7934 -33.3912 0
      vertex -49.866 -33.5 6
      vertex -49.866 -33.5 0
    endloop
  endfacet
  facet normal 0.751486 -0.659749 0
    outer loop
      vertex -49.7934 -33.3912 6
      vertex -49.7071 -33.2929 0
      vertex -49.7071 -33.2929 6
    endloop
  endfacet
  facet normal 0.751486 -0.659749 0
    outer loop
      vertex -49.7071 -33.2929 0
      vertex -49.7934 -33.3912 6
      vertex -49.7934 -33.3912 0
    endloop
  endfacet
  facet normal 0.659749 -0.751486 0
    outer loop
      vertex -49.7071 -33.2929 0
      vertex -49.6088 -33.2066 6
      vertex -49.7071 -33.2929 6
    endloop
  endfacet
  facet normal 0.659749 -0.751486 0
    outer loop
      vertex -49.6088 -33.2066 6
      vertex -49.7071 -33.2929 0
      vertex -49.6088 -33.2066 0
    endloop
  endfacet
  facet normal 0.555053 -0.831815 0
    outer loop
      vertex -49.6088 -33.2066 0
      vertex -49.5 -33.134 6
      vertex -49.6088 -33.2066 6
    endloop
  endfacet
  facet normal 0.555053 -0.831815 0
    outer loop
      vertex -49.5 -33.134 6
      vertex -49.6088 -33.2066 0
      vertex -49.5 -33.134 0
    endloop
  endfacet
  facet normal 0.442621 -0.896709 0
    outer loop
      vertex -49.5 -33.134 0
      vertex -49.3827 -33.0761 6
      vertex -49.5 -33.134 6
    endloop
  endfacet
  facet normal 0.442621 -0.896709 0
    outer loop
      vertex -49.3827 -33.0761 6
      vertex -49.5 -33.134 0
      vertex -49.3827 -33.0761 0
    endloop
  endfacet
  facet normal 0.321039 -0.947066 0
    outer loop
      vertex -49.3827 -33.0761 0
      vertex -49.2588 -33.0341 6
      vertex -49.3827 -33.0761 6
    endloop
  endfacet
  facet normal 0.321039 -0.947066 0
    outer loop
      vertex -49.2588 -33.0341 6
      vertex -49.3827 -33.0761 0
      vertex -49.2588 -33.0341 0
    endloop
  endfacet
  facet normal 0.19494 -0.980815 0
    outer loop
      vertex -49.2588 -33.0341 0
      vertex -49.1305 -33.0086 6
      vertex -49.2588 -33.0341 6
    endloop
  endfacet
  facet normal 0.19494 -0.980815 0
    outer loop
      vertex -49.1305 -33.0086 6
      vertex -49.2588 -33.0341 0
      vertex -49.1305 -33.0086 0
    endloop
  endfacet
  facet normal 0.0657577 -0.997836 0
    outer loop
      vertex -49.1305 -33.0086 0
      vertex -49 -33 6
      vertex -49.1305 -33.0086 6
    endloop
  endfacet
  facet normal 0.0657577 -0.997836 0
    outer loop
      vertex -49 -33 6
      vertex -49.1305 -33.0086 0
      vertex -49 -33 0
    endloop
  endfacet
  facet normal 0 -1 0
    outer loop
      vertex -49 -33 0
      vertex -31 -33 6
      vertex -49 -33 6
    endloop
  endfacet
  facet normal 0 -1 -0
    outer loop
      vertex -31 -33 6
      vertex -49 -33 0
      vertex -31 -33 0
    endloop
  endfacet
  facet normal -0.0657577 -0.997836 0
    outer loop
      vertex -31 -33 0
      vertex -30.8695 -33.0086 6
      vertex -31 -33 6
    endloop
  endfacet
  facet normal -0.0657577 -0.997836 -0
    outer loop
      vertex -30.8695 -33.0086 6
      vertex -31 -33 0
      vertex -30.8695 -33.0086 0
    endloop
  endfacet
  facet normal -0.19494 -0.980815 0
    outer loop
      vertex -30.8695 -33.0086 0
      vertex -30.7412 -33.0341 6
      vertex -30.8695 -33.0086 6
    endloop
  endfacet
  facet normal -0.19494 -0.980815 -0
    outer loop
      vertex -30.7412 -33.0341 6
      vertex -30.8695 -33.0086 0
      vertex -30.7412 -33.0341 0
    endloop
  endfacet
  facet normal -0.321039 -0.947066 0
    outer loop
      vertex -30.7412 -33.0341 0
      vertex -30.6173 -33.0761 6
      vertex -30.7412 -33.0341 6
    endloop
  endfacet
  facet normal -0.321039 -0.947066 -0
    outer loop
      vertex -30.6173 -33.0761 6
      vertex -30.7412 -33.0341 0
      vertex -30.6173 -33.0761 0
    endloop
  endfacet
  facet normal -0.442621 -0.896709 0
    outer loop
      vertex -30.6173 -33.0761 0
      vertex -30.5 -33.134 6
      vertex -30.6173 -33.0761 6
    endloop
  endfacet
  facet normal -0.442621 -0.896709 -0
    outer loop
      vertex -30.5 -33.134 6
      vertex -30.6173 -33.0761 0
      vertex -30.5 -33.134 0
    endloop
  endfacet
  facet normal -0.555053 -0.831815 0
    outer loop
      vertex -30.5 -33.134 0
      vertex -30.3912 -33.2066 6
      vertex -30.5 -33.134 6
    endloop
  endfacet
  facet normal -0.555053 -0.831815 -0
    outer loop
      vertex -30.3912 -33.2066 6
      vertex -30.5 -33.134 0
      vertex -30.3912 -33.2066 0
    endloop
  endfacet
  facet normal -0.659749 -0.751486 0
    outer loop
      vertex -30.3912 -33.2066 0
      vertex -30.2929 -33.2929 6
      vertex -30.3912 -33.2066 6
    endloop
  endfacet
  facet normal -0.659749 -0.751486 -0
    outer loop
      vertex -30.2929 -33.2929 6
      vertex -30.3912 -33.2066 0
      vertex -30.2929 -33.2929 0
    endloop
  endfacet
  facet normal -0.751486 -0.659749 0
    outer loop
      vertex -30.2066 -33.3912 0
      vertex -30.2929 -33.2929 6
      vertex -30.2929 -33.2929 0
    endloop
  endfacet
  facet normal -0.751486 -0.659749 0
    outer loop
      vertex -30.2929 -33.2929 6
      vertex -30.2066 -33.3912 0
      vertex -30.2066 -33.3912 6
    endloop
  endfacet
  facet normal -0.831815 -0.555053 0
    outer loop
      vertex -30.134 -33.5 0
      vertex -30.2066 -33.3912 6
      vertex -30.2066 -33.3912 0
    endloop
  endfacet
  facet normal -0.831815 -0.555053 0
    outer loop
      vertex -30.2066 -33.3912 6
      vertex -30.134 -33.5 0
      vertex -30.134 -33.5 6
    endloop
  endfacet
  facet normal -0.896709 -0.442621 0
    outer loop
      vertex -30.0761 -33.6173 0
      vertex -30.134 -33.5 6
      vertex -30.134 -33.5 0
    endloop
  endfacet
  facet normal -0.896709 -0.442621 0
    outer loop
      vertex -30.134 -33.5 6
      vertex -30.0761 -33.6173 0
      vertex -30.0761 -33.6173 6
    endloop
  endfacet
  facet normal -0.947066 -0.321039 0
    outer loop
      vertex -30.0341 -33.7412 0
      vertex -30.0761 -33.6173 6
      vertex -30.0761 -33.6173 0
    endloop
  endfacet
  facet normal -0.947066 -0.321039 0
    outer loop
      vertex -30.0761 -33.6173 6
      vertex -30.0341 -33.7412 0
      vertex -30.0341 -33.7412 6
    endloop
  endfacet
  facet normal -0.980815 -0.19494 0
    outer loop
      vertex -30.0086 -33.8695 0
      vertex -30.0341 -33.7412 6
      vertex -30.0341 -33.7412 0
    endloop
  endfacet
  facet normal -0.980815 -0.19494 0
    outer loop
      vertex -30.0341 -33.7412 6
      vertex -30.0086 -33.8695 0
      vertex -30.0086 -33.8695 6
    endloop
  endfacet
  facet normal -0.997836 -0.0657577 0
    outer loop
      vertex -30 -34 0
      vertex -30.0086 -33.8695 6
      vertex -30.0086 -33.8695 0
    endloop
  endfacet
  facet normal -0.997836 -0.0657577 0
    outer loop
      vertex -30.0086 -33.8695 6
      vertex -30 -34 0
      vertex -30 -34 6
    endloop
  endfacet
  facet normal -1 0 0
    outer loop
      vertex -30 -36 0
      vertex -30 -34 6
      vertex -30 -34 0
    endloop
  endfacet
  facet normal -1 -0 0
    outer loop
      vertex -30 -34 6
      vertex -30 -36 0
      vertex -30 -36 6
    endloop
  endfacet
  facet normal 0 1 -0
    outer loop
      vertex -19.325 -36.725 0
      vertex -22.775 -36.725 6
      vertex -19.325 -36.725 6
    endloop
  endfacet
  facet normal 0 1 0
    outer loop
      vertex -22.775 -36.725 6
      vertex -19.325 -36.725 0
      vertex -22.775 -36.725 0
    endloop
  endfacet
  facet normal 1 -0 0
    outer loop
      vertex -22.775 -36.725 6
      vertex -22.775 -33.275 0
      vertex -22.775 -33.275 6
    endloop
  endfacet
  facet normal 1 0 0
    outer loop
      vertex -22.775 -33.275 0
      vertex -22.775 -36.725 6
      vertex -22.775 -36.725 0
    endloop
  endfacet
  facet normal 0 -1 0
    outer loop
      vertex -22.775 -33.275 0
      vertex -19.325 -33.275 6
      vertex -22.775 -33.275 6
    endloop
  endfacet
  facet normal 0 -1 -0
    outer loop
      vertex -19.325 -33.275 6
      vertex -22.775 -33.275 0
      vertex -19.325 -33.275 0
    endloop
  endfacet
  facet normal -1 0 0
    outer loop
      vertex -19.325 -36.725 0
      vertex -19.325 -33.275 6
      vertex -19.325 -33.275 0
    endloop
  endfacet
  facet normal -1 -0 0
    outer loop
      vertex -19.325 -33.275 6
      vertex -19.325 -36.725 0
      vertex -19.325 -36.725 6
    endloop
  endfacet
  facet normal 0 0 -1
    outer loop
      vertex 18.4042 -22.1128 0
      vertex 19.6 -20.9889 0
      vertex 18.6 -22.1 0
    endloop
  endfacet
  facet normal 0 0 -1
    outer loop
      vertex 18.2118 -22.1511 0
      vertex 19.6 -20.9889 0
      vertex 18.4042 -22.1128 0
    endloop
  endfacet
  facet normal 0 0 -1
    outer loop
      vertex 15.825 -17.2805 0
      vertex 19.6 -20.9889 0
      vertex 18.2118 -22.1511 0
    endloop
  endfacet
  facet normal 0 0 -1
    outer loop
      vertex 15.825 -17.2805 0
      vertex 18.2118 -22.1511 0
      vertex 18.026 -22.2142 0
    endloop
  endfacet
  facet normal 0 0 -1
    outer loop
      vertex 15.825 -17.2805 0
      vertex 18.026 -22.2142 0
      vertex 17.85 -22.301 0
    endloop
  endfacet
  facet normal 0 0 -1
    outer loop
      vertex 15.825 -17.2805 0
      vertex 17.85 -22.301 0
      vertex 17.6869 -22.41 0
    endloop
  endfacet
  facet normal 0 0 -1
    outer loop
      vertex 15.825 -17.2805 0
      vertex 17.6869 -22.41 0
      vertex 17.5393 -22.5393 0
    endloop
  endfacet
  facet normal 0 0 -1
    outer loop
      vertex 15.825 -17.2805 0
      vertex 17.5393 -22.5393 0
      vertex 17.41 -22.6869 0
    endloop
  endfacet
  facet normal 0 0 -1
    outer loop
      vertex 15.825 -17.2805 0
      vertex 17.41 -22.6869 0
      vertex 17.301 -22.85 0
    endloop
  endfacet
  facet normal 0 0 -1
    outer loop
      vertex 15.825 -17.2805 0
      vertex 17.301 -22.85 0
      vertex 17.2142 -23.026 0
    endloop
  endfacet
  facet normal 0 0 -1
    outer loop
      vertex 15.825 -17.2805 0
      vertex 17.2142 -23.026 0
      vertex 17.1511 -23.2118 0
    endloop
  endfacet
  facet normal 0 0 -1
    outer loop
      vertex 19.6 -20.9889 0
      vertex 15.825 -17.2805 0
      vertex 18.775 -17.2805 0
    endloop
  endfacet
  facet normal 0 0 -1
    outer loop
      vertex 14.8 -26.2 0
      vertex 17.1511 -23.2118 0
      vertex 17.1128 -23.4042 0
    endloop
  endfacet
  facet normal 0 0 -1
    outer loop
      vertex 14.8 -26.2 0
      vertex 17.1128 -23.4042 0
      vertex 17.1 -23.6 0
    endloop
  endfacet
  facet normal 0 0 -1
    outer loop
      vertex 21.3692 -24 0
      vertex 25.6 -23.9801 0
      vertex 25.6 -24 0
    endloop
  endfacet
  facet normal -0 0 -1
    outer loop
      vertex 25.6 -23.9801 0
      vertex 21.3692 -24 0
      vertex 25.1 -21.4 0
    endloop
  endfacet
  facet normal 0 0 -1
    outer loop
      vertex 20.0489 -23.9882 0
      vertex 21.3046 -24.3247 0
      vertex 21.1869 -24.6715 0
    endloop
  endfacet
  facet normal 0 0 -1
    outer loop
      vertex 19.9858 -24.174 0
      vertex 21.1869 -24.6715 0
      vertex 21.0249 -25 0
    endloop
  endfacet
  facet normal 0 0 -1
    outer loop
      vertex 19.899 -24.35 0
      vertex 21.0249 -25 0
      vertex 20.8214 -25.3045 0
    endloop
  endfacet
  facet normal 0 0 -1
    outer loop
      vertex 19.79 -24.5131 0
      vertex 20.8214 -25.3045 0
      vertex 20.5799 -25.5799 0
    endloop
  endfacet
  facet normal 0 0 -1
    outer loop
      vertex 21.3692 -24 0
      vertex 20.3289 -21.4 0
      vertex 25.1 -21.4 0
    endloop
  endfacet
  facet normal 0 0 -1
    outer loop
      vertex 21.0249 -25 0
      vertex 19.899 -24.35 0
      vertex 19.9858 -24.174 0
    endloop
  endfacet
  facet normal 0 0 -1
    outer loop
      vertex 19.6607 -24.6607 0
      vertex 20.5799 -25.5799 0
      vertex 20.3045 -25.8214 0
    endloop
  endfacet
  facet normal 0 0 -1
    outer loop
      vertex 20.0872 -23.4042 0
      vertex 21.3692 -24 0
      vertex 20.1 -23.6 0
    endloop
  endfacet
  facet normal 0 0 -1
    outer loop
      vertex 20.0489 -23.2118 0
      vertex 21.3692 -24 0
      vertex 20.0872 -23.4042 0
    endloop
  endfacet
  facet normal 0 0 -1
    outer loop
      vertex 21.3692 -24 0
      vertex 20.0872 -23.7958 0
      vertex 20.1 -23.6 0
    endloop
  endfacet
  facet normal 0 0 -1
    outer loop
      vertex 21.3692 -24 0
      vertex 20.0489 -23.9882 0
      vertex 20.0872 -23.7958 0
    endloop
  endfacet
  facet normal 0 0 -1
    outer loop
      vertex 19.5131 -24.79 0
      vertex 20.3045 -25.8214 0
      vertex 20 -26.0249 0
    endloop
  endfacet
  facet normal 0 0 -1
    outer loop
      vertex 21.3046 -24.3247 0
      vertex 20.0489 -23.9882 0
      vertex 21.3692 -24 0
    endloop
  endfacet
  facet normal 0 -0 -1
    outer loop
      vertex 20.0489 -23.9882 0
      vertex 21.1869 -24.6715 0
      vertex 19.9858 -24.174 0
    endloop
  endfacet
  facet normal 0 0 -1
    outer loop
      vertex 20.8214 -25.3045 0
      vertex 19.79 -24.5131 0
      vertex 19.899 -24.35 0
    endloop
  endfacet
  facet normal 0 0 -1
    outer loop
      vertex 19.35 -24.899 0
      vertex 20 -26.0249 0
      vertex 19.6715 -26.1869 0
    endloop
  endfacet
  facet normal 0 0 -1
    outer loop
      vertex 20.5799 -25.5799 0
      vertex 19.6607 -24.6607 0
      vertex 19.79 -24.5131 0
    endloop
  endfacet
  facet normal 0 0 -1
    outer loop
      vertex 20.3045 -25.8214 0
      vertex 19.5131 -24.79 0
      vertex 19.6607 -24.6607 0
    endloop
  endfacet
  facet normal 0 0 -1
    outer loop
      vertex 20 -26.0249 0
      vertex 19.35 -24.899 0
      vertex 19.5131 -24.79 0
    endloop
  endfacet
  facet normal 0 0 -1
    outer loop
      vertex 19.174 -24.9858 0
      vertex 19.6715 -26.1869 0
      vertex 19.3247 -26.3046 0
    endloop
  endfacet
  facet normal 0 0 -1
    outer loop
      vertex 19.6715 -26.1869 0
      vertex 19.174 -24.9858 0
      vertex 19.35 -24.899 0
    endloop
  endfacet
  facet normal 0 0 -1
    outer loop
      vertex 19.3247 -26.3046 0
      vertex 18.9882 -25.0489 0
      vertex 19.174 -24.9858 0
    endloop
  endfacet
  facet normal 0 0 -1
    outer loop
      vertex 18.9655 -26.376 0
      vertex 18.9882 -25.0489 0
      vertex 19.3247 -26.3046 0
    endloop
  endfacet
  facet normal 0 0 -1
    outer loop
      vertex 18.9655 -26.376 0
      vertex 18.7958 -25.0872 0
      vertex 18.9882 -25.0489 0
    endloop
  endfacet
  facet normal 0 0 -1
    outer loop
      vertex 18.6 -26.4 0
      vertex 18.7958 -25.0872 0
      vertex 18.9655 -26.376 0
    endloop
  endfacet
  facet normal 0 0 -1
    outer loop
      vertex 18.6 -26.4 0
      vertex 18.6 -25.1 0
      vertex 18.7958 -25.0872 0
    endloop
  endfacet
  facet normal 0 0 -1
    outer loop
      vertex 18.6 -26.4 0
      vertex 18.4042 -25.0872 0
      vertex 18.6 -25.1 0
    endloop
  endfacet
  facet normal 0 0 -1
    outer loop
      vertex 18.2345 -26.376 0
      vertex 18.4042 -25.0872 0
      vertex 18.6 -26.4 0
    endloop
  endfacet
  facet normal 0 0 -1
    outer loop
      vertex 18.2345 -26.376 0
      vertex 18.2118 -25.0489 0
      vertex 18.4042 -25.0872 0
    endloop
  endfacet
  facet normal 0 0 -1
    outer loop
      vertex 17.8753 -26.3046 0
      vertex 18.2118 -25.0489 0
      vertex 18.2345 -26.376 0
    endloop
  endfacet
  facet normal 0 0 -1
    outer loop
      vertex 17.5672 -26.2 0
      vertex 18.2118 -25.0489 0
      vertex 17.8753 -26.3046 0
    endloop
  endfacet
  facet normal -0 0 -1
    outer loop
      vertex 18.2118 -25.0489 0
      vertex 17.5672 -26.2 0
      vertex 18.026 -24.9858 0
    endloop
  endfacet
  facet normal -0 0 -1
    outer loop
      vertex 18.026 -24.9858 0
      vertex 17.5672 -26.2 0
      vertex 17.85 -24.899 0
    endloop
  endfacet
  facet normal -0 0 -1
    outer loop
      vertex 17.85 -24.899 0
      vertex 17.5672 -26.2 0
      vertex 17.6869 -24.79 0
    endloop
  endfacet
  facet normal 0 0 -1
    outer loop
      vertex 17.5672 -26.2 0
      vertex 17.5393 -24.6607 0
      vertex 17.6869 -24.79 0
    endloop
  endfacet
  facet normal 0 0 -1
    outer loop
      vertex 17.5672 -26.2 0
      vertex 17.41 -24.5131 0
      vertex 17.5393 -24.6607 0
    endloop
  endfacet
  facet normal 0 0 -1
    outer loop
      vertex 14.8 -26.2 0
      vertex 17.41 -24.5131 0
      vertex 17.5672 -26.2 0
    endloop
  endfacet
  facet normal -0 0 -1
    outer loop
      vertex 17.41 -24.5131 0
      vertex 14.8 -26.2 0
      vertex 17.301 -24.35 0
    endloop
  endfacet
  facet normal -0 0 -1
    outer loop
      vertex 17.301 -24.35 0
      vertex 14.8 -26.2 0
      vertex 17.2142 -24.174 0
    endloop
  endfacet
  facet normal -0 0 -1
    outer loop
      vertex 17.2142 -24.174 0
      vertex 14.8 -26.2 0
      vertex 17.1511 -23.9882 0
    endloop
  endfacet
  facet normal 0 0 -1
    outer loop
      vertex 14.8 -26.2 0
      vertex 17.1 -23.6 0
      vertex 17.1128 -23.7958 0
    endloop
  endfacet
  facet normal -0 0 -1
    outer loop
      vertex 17.1511 -23.9882 0
      vertex 14.8 -26.2 0
      vertex 17.1128 -23.7958 0
    endloop
  endfacet
  facet normal -0 0 -1
    outer loop
      vertex 17.1511 -23.2118 0
      vertex 14.8 -26.2 0
      vertex 15.825 -17.2805 0
    endloop
  endfacet
  facet normal 0 0 -1
    outer loop
      vertex 14.8 -15.5055 0
      vertex 15.825 -17.2805 0
      vertex 14.8 -26.2 0
    endloop
  endfacet
  facet normal 0 0 -1
    outer loop
      vertex 15.825 -17.2805 0
      vertex 14.8 -15.5055 0
      vertex 15.825 -14.4805 0
    endloop
  endfacet
  facet normal 0 0 -1
    outer loop
      vertex 33.7 -18.25 0
      vertex 35.2 -18.6 0
      vertex 35.2 -20.8 0
    endloop
  endfacet
  facet normal 0 0 -1
    outer loop
      vertex 35.2 -18.6 0
      vertex 34.0897 -18.025 0
      vertex 34.4 -17.8 0
    endloop
  endfacet
  facet normal -0 0 -1
    outer loop
      vertex 34.4 -17.8 0
      vertex 34.0897 -18.025 0
      vertex 34.15 -17.8 0
    endloop
  endfacet
  facet normal 0 0 -1
    outer loop
      vertex 35.2 -18.6 0
      vertex 33.925 -18.1897 0
      vertex 34.0897 -18.025 0
    endloop
  endfacet
  facet normal 0 0 -1
    outer loop
      vertex 35.2 -18.6 0
      vertex 33.7 -18.25 0
      vertex 33.925 -18.1897 0
    endloop
  endfacet
  facet normal 0 0 -1
    outer loop
      vertex 35.2 -20.8 0
      vertex 33.475 -18.1897 0
      vertex 33.7 -18.25 0
    endloop
  endfacet
  facet normal 0 0 -1
    outer loop
      vertex 31.925 -18.1897 0
      vertex 33.475 -18.1897 0
      vertex 35.2 -20.8 0
    endloop
  endfacet
  facet normal 0 0 -1
    outer loop
      vertex 33.3103 -18.025 0
      vertex 32.15 -17.8 0
      vertex 33.25 -17.8 0
    endloop
  endfacet
  facet normal 0 0 -1
    outer loop
      vertex 33.475 -18.1897 0
      vertex 31.925 -18.1897 0
      vertex 33.3103 -18.025 0
    endloop
  endfacet
  facet normal 0 0 -1
    outer loop
      vertex 33.3103 -18.025 0
      vertex 32.0897 -18.025 0
      vertex 32.15 -17.8 0
    endloop
  endfacet
  facet normal -0 0 -1
    outer loop
      vertex 33.3103 -18.025 0
      vertex 31.925 -18.1897 0
      vertex 32.0897 -18.025 0
    endloop
  endfacet
  facet normal 0 0 -1
    outer loop
      vertex 35.2 -20.8 0
      vertex 31.7 -18.25 0
      vertex 31.925 -18.1897 0
    endloop
  endfacet
  facet normal 0 0 -1
    outer loop
      vertex 27.2 -20.8 0
      vertex 31.7 -18.25 0
      vertex 35.2 -20.8 0
    endloop
  endfacet
  facet normal 0 0 -1
    outer loop
      vertex 31.3103 -18.025 0
      vertex 30.15 -17.8 0
      vertex 31.25 -17.8 0
    endloop
  endfacet
  facet normal 0 0 -1
    outer loop
      vertex 30.0897 -18.025 0
      vertex 31.3103 -18.025 0
      vertex 31.475 -18.1897 0
    endloop
  endfacet
  facet normal 0 -0 -1
    outer loop
      vertex 29.7 -18.25 0
      vertex 31.7 -18.25 0
      vertex 27.2 -20.8 0
    endloop
  endfacet
  facet normal 0 0 -1
    outer loop
      vertex 31.3103 -18.025 0
      vertex 30.0897 -18.025 0
      vertex 30.15 -17.8 0
    endloop
  endfacet
  facet normal 0 0 -1
    outer loop
      vertex 31.475 -18.1897 0
      vertex 29.925 -18.1897 0
      vertex 30.0897 -18.025 0
    endloop
  endfacet
  facet normal 0 0 -1
    outer loop
      vertex 31.7 -18.25 0
      vertex 29.7 -18.25 0
      vertex 31.475 -18.1897 0
    endloop
  endfacet
  facet normal -0 0 -1
    outer loop
      vertex 31.475 -18.1897 0
      vertex 29.7 -18.25 0
      vertex 29.925 -18.1897 0
    endloop
  endfacet
  facet normal 0 0 -1
    outer loop
      vertex 29.3103 -18.025 0
      vertex 28.3 -17.8 0
      vertex 29.25 -17.8 0
    endloop
  endfacet
  facet normal 0 0 -1
    outer loop
      vertex 29.475 -18.1897 0
      vertex 28.3 -17.8 0
      vertex 29.3103 -18.025 0
    endloop
  endfacet
  facet normal -0 0 -1
    outer loop
      vertex 29.7 -18.25 0
      vertex 27.2 -20.8 0
      vertex 29.475 -18.1897 0
    endloop
  endfacet
  facet normal -0 0 -1
    outer loop
      vertex 29.475 -18.1897 0
      vertex 27.2 -20.8 0
      vertex 28.3 -17.8 0
    endloop
  endfacet
  facet normal 0 0 -1
    outer loop
      vertex 25.1 -21.4 0
      vertex 27.2 -20.8 0
      vertex 25.6 -23.9801 0
    endloop
  endfacet
  facet normal -0 0 -1
    outer loop
      vertex 27.2 -20.8 0
      vertex 25.1 -21.4 0
      vertex 28.3 -17.8 0
    endloop
  endfacet
  facet normal 0 0 -1
    outer loop
      vertex 19.9858 -23.026 0
      vertex 21.3692 -24 0
      vertex 20.0489 -23.2118 0
    endloop
  endfacet
  facet normal 0 0 -1
    outer loop
      vertex 21.3692 -24 0
      vertex 19.9858 -23.026 0
      vertex 20.3289 -21.4 0
    endloop
  endfacet
  facet normal 0 0 -1
    outer loop
      vertex 19.899 -22.85 0
      vertex 20.3289 -21.4 0
      vertex 19.9858 -23.026 0
    endloop
  endfacet
  facet normal 0 0 -1
    outer loop
      vertex 19.79 -22.6869 0
      vertex 20.3289 -21.4 0
      vertex 19.899 -22.85 0
    endloop
  endfacet
  facet normal 0 0 -1
    outer loop
      vertex 19.6607 -22.5393 0
      vertex 20.3289 -21.4 0
      vertex 19.79 -22.6869 0
    endloop
  endfacet
  facet normal 0 0 -1
    outer loop
      vertex 19.5131 -22.41 0
      vertex 20.3289 -21.4 0
      vertex 19.6607 -22.5393 0
    endloop
  endfacet
  facet normal -0 0 -1
    outer loop
      vertex 20.3289 -21.4 0
      vertex 19.5131 -22.41 0
      vertex 20.3045 -21.3786 0
    endloop
  endfacet
  facet normal -0 0 -1
    outer loop
      vertex 20.3045 -21.3786 0
      vertex 19.5131 -22.41 0
      vertex 20 -21.1751 0
    endloop
  endfacet
  facet normal 0 0 -1
    outer loop
      vertex 19.35 -22.301 0
      vertex 20 -21.1751 0
      vertex 19.5131 -22.41 0
    endloop
  endfacet
  facet normal -0 0 -1
    outer loop
      vertex 20 -21.1751 0
      vertex 19.35 -22.301 0
      vertex 19.6715 -21.0131 0
    endloop
  endfacet
  facet normal 0 0 -1
    outer loop
      vertex 19.174 -22.2142 0
      vertex 19.6715 -21.0131 0
      vertex 19.35 -22.301 0
    endloop
  endfacet
  facet normal -0 0 -1
    outer loop
      vertex 19.6715 -21.0131 0
      vertex 19.174 -22.2142 0
      vertex 19.6 -20.9889 0
    endloop
  endfacet
  facet normal 0 0 -1
    outer loop
      vertex 18.9882 -22.1511 0
      vertex 19.6 -20.9889 0
      vertex 19.174 -22.2142 0
    endloop
  endfacet
  facet normal 0 0 -1
    outer loop
      vertex 18.7958 -22.1128 0
      vertex 19.6 -20.9889 0
      vertex 18.9882 -22.1511 0
    endloop
  endfacet
  facet normal 0 0 -1
    outer loop
      vertex 18.6 -22.1 0
      vertex 19.6 -20.9889 0
      vertex 18.7958 -22.1128 0
    endloop
  endfacet
  facet normal 0 0 -1
    outer loop
      vertex 19.6 -20.9889 0
      vertex 18.775 -17.2805 0
      vertex 19.6 -13.6055 0
    endloop
  endfacet
  facet normal 0 0 -1
    outer loop
      vertex 18.775 -14.3305 0
      vertex 19.6 -13.6055 0
      vertex 18.775 -17.2805 0
    endloop
  endfacet
  facet normal 0 0 -1
    outer loop
      vertex 18.775 -14.3305 0
      vertex 16.7 -13.6055 0
      vertex 19.6 -13.6055 0
    endloop
  endfacet
  facet normal 0 -0 -1
    outer loop
      vertex 16.7 -13.6055 0
      vertex 18.775 -14.3305 0
      vertex 15.975 -14.3305 0
    endloop
  endfacet
  facet normal 0 0 1
    outer loop
      vertex 15.825 -14.4805 5
      vertex 14.8 -15.5055 5
      vertex 15.825 -17.2805 5
    endloop
  endfacet
  facet normal -0 0 1
    outer loop
      vertex 18.775 -17.2805 5
      vertex 19.6 -20.9889 5
      vertex 19.6 -13.6055 5
    endloop
  endfacet
  facet normal -0 0 1
    outer loop
      vertex 15.825 -17.2805 5
      vertex 19.6 -20.9889 5
      vertex 18.775 -17.2805 5
    endloop
  endfacet
  facet normal 0 0 1
    outer loop
      vertex 19.6 -20.9889 5
      vertex 19.35 -22.301 5
      vertex 19.5131 -22.41 5
    endloop
  endfacet
  facet normal 0 0 1
    outer loop
      vertex 19.6 -20.9889 5
      vertex 19.174 -22.2142 5
      vertex 19.35 -22.301 5
    endloop
  endfacet
  facet normal 0 0 1
    outer loop
      vertex 19.6 -20.9889 5
      vertex 18.9882 -22.1511 5
      vertex 19.174 -22.2142 5
    endloop
  endfacet
  facet normal 0 0 1
    outer loop
      vertex 18.775 -17.2805 5
      vertex 19.6 -13.6055 5
      vertex 18.775 -14.3305 5
    endloop
  endfacet
  facet normal -0 0 1
    outer loop
      vertex 16.7 -13.6055 5
      vertex 18.775 -14.3305 5
      vertex 19.6 -13.6055 5
    endloop
  endfacet
  facet normal 0 0 1
    outer loop
      vertex 18.775 -14.3305 5
      vertex 16.7 -13.6055 5
      vertex 15.975 -14.3305 5
    endloop
  endfacet
  facet normal -0 0 1
    outer loop
      vertex 34.0897 -18.025 5
      vertex 35.2 -18.6 5
      vertex 34.4 -17.8 5
    endloop
  endfacet
  facet normal 0 0 1
    outer loop
      vertex 34.0897 -18.025 5
      vertex 34.4 -17.8 5
      vertex 34.15 -17.8 5
    endloop
  endfacet
  facet normal -0 0 1
    outer loop
      vertex 33.925 -18.1897 5
      vertex 35.2 -18.6 5
      vertex 34.0897 -18.025 5
    endloop
  endfacet
  facet normal -0 0 1
    outer loop
      vertex 33.7 -18.25 5
      vertex 35.2 -18.6 5
      vertex 33.925 -18.1897 5
    endloop
  endfacet
  facet normal 0 0 1
    outer loop
      vertex 35.2 -18.6 5
      vertex 33.7 -18.25 5
      vertex 35.2 -20.8 5
    endloop
  endfacet
  facet normal 0 0 1
    outer loop
      vertex 33.475 -18.1897 5
      vertex 35.2 -20.8 5
      vertex 33.7 -18.25 5
    endloop
  endfacet
  facet normal 0 0 1
    outer loop
      vertex 31.925 -18.1897 5
      vertex 33.475 -18.1897 5
      vertex 33.3103 -18.025 5
    endloop
  endfacet
  facet normal -0 0 1
    outer loop
      vertex 32.15 -17.8 5
      vertex 33.3103 -18.025 5
      vertex 33.25 -17.8 5
    endloop
  endfacet
  facet normal 0 0 1
    outer loop
      vertex 32.0897 -18.025 5
      vertex 33.3103 -18.025 5
      vertex 32.15 -17.8 5
    endloop
  endfacet
  facet normal 0 0 1
    outer loop
      vertex 31.925 -18.1897 5
      vertex 33.3103 -18.025 5
      vertex 32.0897 -18.025 5
    endloop
  endfacet
  facet normal 0 0 1
    outer loop
      vertex 33.475 -18.1897 5
      vertex 31.925 -18.1897 5
      vertex 35.2 -20.8 5
    endloop
  endfacet
  facet normal -0 0 1
    outer loop
      vertex 31.7 -18.25 5
      vertex 35.2 -20.8 5
      vertex 31.925 -18.1897 5
    endloop
  endfacet
  facet normal 0 0 1
    outer loop
      vertex 29.7 -18.25 5
      vertex 31.7 -18.25 5
      vertex 31.475 -18.1897 5
    endloop
  endfacet
  facet normal -0 0 1
    outer loop
      vertex 30.15 -17.8 5
      vertex 31.3103 -18.025 5
      vertex 31.25 -17.8 5
    endloop
  endfacet
  facet normal 0 0 1
    outer loop
      vertex 30.0897 -18.025 5
      vertex 31.3103 -18.025 5
      vertex 30.15 -17.8 5
    endloop
  endfacet
  facet normal 0 0 1
    outer loop
      vertex 31.3103 -18.025 5
      vertex 30.0897 -18.025 5
      vertex 31.475 -18.1897 5
    endloop
  endfacet
  facet normal 0 0 1
    outer loop
      vertex 29.925 -18.1897 5
      vertex 31.475 -18.1897 5
      vertex 30.0897 -18.025 5
    endloop
  endfacet
  facet normal 0 0 1
    outer loop
      vertex 29.7 -18.25 5
      vertex 31.475 -18.1897 5
      vertex 29.925 -18.1897 5
    endloop
  endfacet
  facet normal 0 0 1
    outer loop
      vertex 31.7 -18.25 5
      vertex 29.7 -18.25 5
      vertex 27.2 -20.8 5
    endloop
  endfacet
  facet normal 0 0 1
    outer loop
      vertex 27.2 -20.8 5
      vertex 29.7 -18.25 5
      vertex 29.475 -18.1897 5
    endloop
  endfacet
  facet normal -0 0 1
    outer loop
      vertex 28.3 -17.8 5
      vertex 29.3103 -18.025 5
      vertex 29.25 -17.8 5
    endloop
  endfacet
  facet normal 0 0 1
    outer loop
      vertex 28.3 -17.8 5
      vertex 29.475 -18.1897 5
      vertex 29.3103 -18.025 5
    endloop
  endfacet
  facet normal 0 0 1
    outer loop
      vertex 27.2 -20.8 5
      vertex 29.475 -18.1897 5
      vertex 28.3 -17.8 5
    endloop
  endfacet
  facet normal 0 0 1
    outer loop
      vertex 31.7 -18.25 5
      vertex 27.2 -20.8 5
      vertex 35.2 -20.8 5
    endloop
  endfacet
  facet normal 0 0 1
    outer loop
      vertex 25.1 -21.4 5
      vertex 27.2 -20.8 5
      vertex 28.3 -17.8 5
    endloop
  endfacet
  facet normal 0 0 1
    outer loop
      vertex 27.2 -20.8 5
      vertex 25.1 -21.4 5
      vertex 25.6 -23.9801 5
    endloop
  endfacet
  facet normal 0 0 1
    outer loop
      vertex 21.3692 -24 5
      vertex 25.6 -23.9801 5
      vertex 25.1 -21.4 5
    endloop
  endfacet
  facet normal 0 0 1
    outer loop
      vertex 25.6 -23.9801 5
      vertex 21.3692 -24 5
      vertex 25.6 -24 5
    endloop
  endfacet
  facet normal 0 0 1
    outer loop
      vertex 20.0489 -23.9882 5
      vertex 21.3046 -24.3247 5
      vertex 21.3692 -24 5
    endloop
  endfacet
  facet normal 0 0 1
    outer loop
      vertex 21.3046 -24.3247 5
      vertex 20.0489 -23.9882 5
      vertex 21.1869 -24.6715 5
    endloop
  endfacet
  facet normal 0 0 1
    outer loop
      vertex 21.1869 -24.6715 5
      vertex 19.9858 -24.174 5
      vertex 21.0249 -25 5
    endloop
  endfacet
  facet normal -0 0 1
    outer loop
      vertex 19.899 -24.35 5
      vertex 21.0249 -25 5
      vertex 19.9858 -24.174 5
    endloop
  endfacet
  facet normal -0 0 1
    outer loop
      vertex 20.3289 -21.4 5
      vertex 21.3692 -24 5
      vertex 25.1 -21.4 5
    endloop
  endfacet
  facet normal -0 0 1
    outer loop
      vertex 19.9858 -23.026 5
      vertex 21.3692 -24 5
      vertex 20.3289 -21.4 5
    endloop
  endfacet
  facet normal 0 0 1
    outer loop
      vertex 19.5131 -22.41 5
      vertex 20.3289 -21.4 5
      vertex 20.3045 -21.3786 5
    endloop
  endfacet
  facet normal -0 0 1
    outer loop
      vertex 20.0872 -23.7958 5
      vertex 21.3692 -24 5
      vertex 20.1 -23.6 5
    endloop
  endfacet
  facet normal -0 0 1
    outer loop
      vertex 20.0489 -23.9882 5
      vertex 21.3692 -24 5
      vertex 20.0872 -23.7958 5
    endloop
  endfacet
  facet normal 0 0 1
    outer loop
      vertex 21.3692 -24 5
      vertex 20.0872 -23.4042 5
      vertex 20.1 -23.6 5
    endloop
  endfacet
  facet normal 0 0 1
    outer loop
      vertex 21.3692 -24 5
      vertex 20.0489 -23.2118 5
      vertex 20.0872 -23.4042 5
    endloop
  endfacet
  facet normal 0 0 1
    outer loop
      vertex 19.5131 -22.41 5
      vertex 20.3045 -21.3786 5
      vertex 20 -21.1751 5
    endloop
  endfacet
  facet normal 0 0 1
    outer loop
      vertex 21.3692 -24 5
      vertex 19.9858 -23.026 5
      vertex 20.0489 -23.2118 5
    endloop
  endfacet
  facet normal 0 0 1
    outer loop
      vertex 20.3289 -21.4 5
      vertex 19.899 -22.85 5
      vertex 19.9858 -23.026 5
    endloop
  endfacet
  facet normal 0 0 1
    outer loop
      vertex 20.3289 -21.4 5
      vertex 19.79 -22.6869 5
      vertex 19.899 -22.85 5
    endloop
  endfacet
  facet normal 0 0 1
    outer loop
      vertex 19.5131 -22.41 5
      vertex 20 -21.1751 5
      vertex 19.6715 -21.0131 5
    endloop
  endfacet
  facet normal 0 0 1
    outer loop
      vertex 20.3289 -21.4 5
      vertex 19.6607 -22.5393 5
      vertex 19.79 -22.6869 5
    endloop
  endfacet
  facet normal 0 0 1
    outer loop
      vertex 19.5131 -22.41 5
      vertex 19.6715 -21.0131 5
      vertex 19.6 -20.9889 5
    endloop
  endfacet
  facet normal 0 0 1
    outer loop
      vertex 20.3289 -21.4 5
      vertex 19.5131 -22.41 5
      vertex 19.6607 -22.5393 5
    endloop
  endfacet
  facet normal 0 0 1
    outer loop
      vertex 21.1869 -24.6715 5
      vertex 20.0489 -23.9882 5
      vertex 19.9858 -24.174 5
    endloop
  endfacet
  facet normal 0 0 1
    outer loop
      vertex 21.0249 -25 5
      vertex 19.899 -24.35 5
      vertex 20.8214 -25.3045 5
    endloop
  endfacet
  facet normal -0 0 1
    outer loop
      vertex 19.79 -24.5131 5
      vertex 20.8214 -25.3045 5
      vertex 19.899 -24.35 5
    endloop
  endfacet
  facet normal 0 0 1
    outer loop
      vertex 20.8214 -25.3045 5
      vertex 19.79 -24.5131 5
      vertex 20.5799 -25.5799 5
    endloop
  endfacet
  facet normal -0 0 1
    outer loop
      vertex 19.6607 -24.6607 5
      vertex 20.5799 -25.5799 5
      vertex 19.79 -24.5131 5
    endloop
  endfacet
  facet normal 0 0 1
    outer loop
      vertex 20.5799 -25.5799 5
      vertex 19.6607 -24.6607 5
      vertex 20.3045 -25.8214 5
    endloop
  endfacet
  facet normal -0 0 1
    outer loop
      vertex 19.5131 -24.79 5
      vertex 20.3045 -25.8214 5
      vertex 19.6607 -24.6607 5
    endloop
  endfacet
  facet normal 0 0 1
    outer loop
      vertex 20.3045 -25.8214 5
      vertex 19.5131 -24.79 5
      vertex 20 -26.0249 5
    endloop
  endfacet
  facet normal -0 0 1
    outer loop
      vertex 19.35 -24.899 5
      vertex 20 -26.0249 5
      vertex 19.5131 -24.79 5
    endloop
  endfacet
  facet normal 0 0 1
    outer loop
      vertex 20 -26.0249 5
      vertex 19.35 -24.899 5
      vertex 19.6715 -26.1869 5
    endloop
  endfacet
  facet normal -0 0 1
    outer loop
      vertex 19.174 -24.9858 5
      vertex 19.6715 -26.1869 5
      vertex 19.35 -24.899 5
    endloop
  endfacet
  facet normal 0 0 1
    outer loop
      vertex 19.6715 -26.1869 5
      vertex 19.174 -24.9858 5
      vertex 19.3247 -26.3046 5
    endloop
  endfacet
  facet normal -0 0 1
    outer loop
      vertex 18.9882 -25.0489 5
      vertex 19.3247 -26.3046 5
      vertex 19.174 -24.9858 5
    endloop
  endfacet
  facet normal 0 0 1
    outer loop
      vertex 18.9882 -25.0489 5
      vertex 18.9655 -26.376 5
      vertex 19.3247 -26.3046 5
    endloop
  endfacet
  facet normal -0 0 1
    outer loop
      vertex 18.7958 -25.0872 5
      vertex 18.9655 -26.376 5
      vertex 18.9882 -25.0489 5
    endloop
  endfacet
  facet normal -0 0 1
    outer loop
      vertex 18.6 -25.1 5
      vertex 18.9655 -26.376 5
      vertex 18.7958 -25.0872 5
    endloop
  endfacet
  facet normal 0 0 1
    outer loop
      vertex 18.6 -25.1 5
      vertex 18.6 -26.4 5
      vertex 18.9655 -26.376 5
    endloop
  endfacet
  facet normal 0 0 1
    outer loop
      vertex 18.4042 -25.0872 5
      vertex 18.6 -26.4 5
      vertex 18.6 -25.1 5
    endloop
  endfacet
  facet normal 0 0 1
    outer loop
      vertex 18.4042 -25.0872 5
      vertex 18.2345 -26.376 5
      vertex 18.6 -26.4 5
    endloop
  endfacet
  facet normal 0 0 1
    outer loop
      vertex 18.2118 -25.0489 5
      vertex 18.2345 -26.376 5
      vertex 18.4042 -25.0872 5
    endloop
  endfacet
  facet normal 0 0 1
    outer loop
      vertex 17.5672 -26.2 5
      vertex 18.2118 -25.0489 5
      vertex 18.026 -24.9858 5
    endloop
  endfacet
  facet normal 0 0 1
    outer loop
      vertex 18.2118 -25.0489 5
      vertex 17.8753 -26.3046 5
      vertex 18.2345 -26.376 5
    endloop
  endfacet
  facet normal 0 0 1
    outer loop
      vertex 17.5672 -26.2 5
      vertex 18.026 -24.9858 5
      vertex 17.85 -24.899 5
    endloop
  endfacet
  facet normal 0 0 1
    outer loop
      vertex 17.5672 -26.2 5
      vertex 17.85 -24.899 5
      vertex 17.6869 -24.79 5
    endloop
  endfacet
  facet normal 0 0 1
    outer loop
      vertex 18.2118 -25.0489 5
      vertex 17.5672 -26.2 5
      vertex 17.8753 -26.3046 5
    endloop
  endfacet
  facet normal 0 0 1
    outer loop
      vertex 17.5393 -24.6607 5
      vertex 17.5672 -26.2 5
      vertex 17.6869 -24.79 5
    endloop
  endfacet
  facet normal 0 0 1
    outer loop
      vertex 17.41 -24.5131 5
      vertex 17.5672 -26.2 5
      vertex 17.5393 -24.6607 5
    endloop
  endfacet
  facet normal 0 0 1
    outer loop
      vertex 14.8 -26.2 5
      vertex 17.41 -24.5131 5
      vertex 17.301 -24.35 5
    endloop
  endfacet
  facet normal 0 0 1
    outer loop
      vertex 14.8 -26.2 5
      vertex 17.301 -24.35 5
      vertex 17.2142 -24.174 5
    endloop
  endfacet
  facet normal 0 0 1
    outer loop
      vertex 14.8 -26.2 5
      vertex 17.2142 -24.174 5
      vertex 17.1511 -23.9882 5
    endloop
  endfacet
  facet normal 0 0 1
    outer loop
      vertex 14.8 -26.2 5
      vertex 17.1511 -23.9882 5
      vertex 17.1128 -23.7958 5
    endloop
  endfacet
  facet normal 0 0 1
    outer loop
      vertex 17.1128 -23.4042 5
      vertex 14.8 -26.2 5
      vertex 17.1 -23.6 5
    endloop
  endfacet
  facet normal 0 0 1
    outer loop
      vertex 17.1 -23.6 5
      vertex 14.8 -26.2 5
      vertex 17.1128 -23.7958 5
    endloop
  endfacet
  facet normal 0 0 1
    outer loop
      vertex 14.8 -26.2 5
      vertex 15.825 -17.2805 5
      vertex 14.8 -15.5055 5
    endloop
  endfacet
  facet normal 0 0 1
    outer loop
      vertex 17.41 -24.5131 5
      vertex 14.8 -26.2 5
      vertex 17.5672 -26.2 5
    endloop
  endfacet
  facet normal 0 0 1
    outer loop
      vertex 19.6 -20.9889 5
      vertex 18.7958 -22.1128 5
      vertex 18.9882 -22.1511 5
    endloop
  endfacet
  facet normal 0 0 1
    outer loop
      vertex 19.6 -20.9889 5
      vertex 18.6 -22.1 5
      vertex 18.7958 -22.1128 5
    endloop
  endfacet
  facet normal 0 0 1
    outer loop
      vertex 19.6 -20.9889 5
      vertex 18.4042 -22.1128 5
      vertex 18.6 -22.1 5
    endloop
  endfacet
  facet normal 0 0 1
    outer loop
      vertex 19.6 -20.9889 5
      vertex 18.2118 -22.1511 5
      vertex 18.4042 -22.1128 5
    endloop
  endfacet
  facet normal 0 0 1
    outer loop
      vertex 19.6 -20.9889 5
      vertex 15.825 -17.2805 5
      vertex 18.2118 -22.1511 5
    endloop
  endfacet
  facet normal 0 0 1
    outer loop
      vertex 18.2118 -22.1511 5
      vertex 15.825 -17.2805 5
      vertex 18.026 -22.2142 5
    endloop
  endfacet
  facet normal 0 0 1
    outer loop
      vertex 18.026 -22.2142 5
      vertex 15.825 -17.2805 5
      vertex 17.85 -22.301 5
    endloop
  endfacet
  facet normal 0 0 1
    outer loop
      vertex 17.85 -22.301 5
      vertex 15.825 -17.2805 5
      vertex 17.6869 -22.41 5
    endloop
  endfacet
  facet normal 0 0 1
    outer loop
      vertex 17.6869 -22.41 5
      vertex 15.825 -17.2805 5
      vertex 17.5393 -22.5393 5
    endloop
  endfacet
  facet normal 0 0 1
    outer loop
      vertex 17.5393 -22.5393 5
      vertex 15.825 -17.2805 5
      vertex 17.41 -22.6869 5
    endloop
  endfacet
  facet normal 0 0 1
    outer loop
      vertex 17.41 -22.6869 5
      vertex 15.825 -17.2805 5
      vertex 17.301 -22.85 5
    endloop
  endfacet
  facet normal 0 0 1
    outer loop
      vertex 17.301 -22.85 5
      vertex 15.825 -17.2805 5
      vertex 17.2142 -23.026 5
    endloop
  endfacet
  facet normal 0 0 1
    outer loop
      vertex 17.1511 -23.2118 5
      vertex 14.8 -26.2 5
      vertex 17.1128 -23.4042 5
    endloop
  endfacet
  facet normal 0 0 1
    outer loop
      vertex 14.8 -26.2 5
      vertex 17.1511 -23.2118 5
      vertex 15.825 -17.2805 5
    endloop
  endfacet
  facet normal 0 0 1
    outer loop
      vertex 17.2142 -23.026 5
      vertex 15.825 -17.2805 5
      vertex 17.1511 -23.2118 5
    endloop
  endfacet
  facet normal 0.194961 -0.980811 0
    outer loop
      vertex 18.9655 -26.376 0
      vertex 19.3247 -26.3046 5
      vertex 18.9655 -26.376 5
    endloop
  endfacet
  facet normal 0.194961 -0.980811 0
    outer loop
      vertex 19.3247 -26.3046 5
      vertex 18.9655 -26.376 0
      vertex 19.3247 -26.3046 0
    endloop
  endfacet
  facet normal 0.321384 -0.946949 0
    outer loop
      vertex 19.3247 -26.3046 0
      vertex 19.6715 -26.1869 5
      vertex 19.3247 -26.3046 5
    endloop
  endfacet
  facet normal 0.321384 -0.946949 0
    outer loop
      vertex 19.6715 -26.1869 5
      vertex 19.3247 -26.3046 0
      vertex 19.6715 -26.1869 0
    endloop
  endfacet
  facet normal 0.442292 -0.896871 0
    outer loop
      vertex 19.6715 -26.1869 0
      vertex 20 -26.0249 5
      vertex 19.6715 -26.1869 5
    endloop
  endfacet
  facet normal 0.442292 -0.896871 0
    outer loop
      vertex 20 -26.0249 5
      vertex 19.6715 -26.1869 0
      vertex 20 -26.0249 0
    endloop
  endfacet
  facet normal 0.555645 -0.83142 0
    outer loop
      vertex 20 -26.0249 0
      vertex 20.3045 -25.8214 5
      vertex 20 -26.0249 5
    endloop
  endfacet
  facet normal 0.555645 -0.83142 0
    outer loop
      vertex 20.3045 -25.8214 5
      vertex 20 -26.0249 0
      vertex 20.3045 -25.8214 0
    endloop
  endfacet
  facet normal 0.659316 -0.751866 0
    outer loop
      vertex 20.3045 -25.8214 0
      vertex 20.5799 -25.5799 5
      vertex 20.3045 -25.8214 5
    endloop
  endfacet
  facet normal 0.659316 -0.751866 0
    outer loop
      vertex 20.5799 -25.5799 5
      vertex 20.3045 -25.8214 0
      vertex 20.5799 -25.5799 0
    endloop
  endfacet
  facet normal 0.751866 -0.659316 0
    outer loop
      vertex 20.5799 -25.5799 5
      vertex 20.8214 -25.3045 0
      vertex 20.8214 -25.3045 5
    endloop
  endfacet
  facet normal 0.751866 -0.659316 0
    outer loop
      vertex 20.8214 -25.3045 0
      vertex 20.5799 -25.5799 5
      vertex 20.5799 -25.5799 0
    endloop
  endfacet
  facet normal 0.83142 -0.555645 0
    outer loop
      vertex 20.8214 -25.3045 5
      vertex 21.0249 -25 0
      vertex 21.0249 -25 5
    endloop
  endfacet
  facet normal 0.83142 -0.555645 0
    outer loop
      vertex 21.0249 -25 0
      vertex 20.8214 -25.3045 5
      vertex 20.8214 -25.3045 0
    endloop
  endfacet
  facet normal 0.896871 -0.442292 0
    outer loop
      vertex 21.0249 -25 5
      vertex 21.1869 -24.6715 0
      vertex 21.1869 -24.6715 5
    endloop
  endfacet
  facet normal 0.896871 -0.442292 0
    outer loop
      vertex 21.1869 -24.6715 0
      vertex 21.0249 -25 5
      vertex 21.0249 -25 0
    endloop
  endfacet
  facet normal 0.946949 -0.321384 0
    outer loop
      vertex 21.1869 -24.6715 5
      vertex 21.3046 -24.3247 0
      vertex 21.3046 -24.3247 5
    endloop
  endfacet
  facet normal 0.946949 -0.321384 0
    outer loop
      vertex 21.3046 -24.3247 0
      vertex 21.1869 -24.6715 5
      vertex 21.1869 -24.6715 0
    endloop
  endfacet
  facet normal 0.980778 -0.195129 0
    outer loop
      vertex 21.3046 -24.3247 5
      vertex 21.3692 -24 0
      vertex 21.3692 -24 5
    endloop
  endfacet
  facet normal 0.980778 -0.195129 0
    outer loop
      vertex 21.3692 -24 0
      vertex 21.3046 -24.3247 5
      vertex 21.3046 -24.3247 0
    endloop
  endfacet
  facet normal 0 -1 0
    outer loop
      vertex 21.3692 -24 0
      vertex 25.6 -24 5
      vertex 21.3692 -24 5
    endloop
  endfacet
  facet normal 0 -1 -0
    outer loop
      vertex 25.6 -24 5
      vertex 21.3692 -24 0
      vertex 25.6 -24 0
    endloop
  endfacet
  facet normal 1 -0 0
    outer loop
      vertex 25.6 -24 5
      vertex 25.6 -23.9801 0
      vertex 25.6 -23.9801 5
    endloop
  endfacet
  facet normal 1 0 0
    outer loop
      vertex 25.6 -23.9801 0
      vertex 25.6 -24 5
      vertex 25.6 -24 0
    endloop
  endfacet
  facet normal 0.893306 -0.449448 0
    outer loop
      vertex 25.6 -23.9801 5
      vertex 27.2 -20.8 0
      vertex 27.2 -20.8 5
    endloop
  endfacet
  facet normal 0.893306 -0.449448 0
    outer loop
      vertex 27.2 -20.8 0
      vertex 25.6 -23.9801 5
      vertex 25.6 -23.9801 0
    endloop
  endfacet
  facet normal 0 -1 0
    outer loop
      vertex 27.2 -20.8 0
      vertex 35.2 -20.8 5
      vertex 27.2 -20.8 5
    endloop
  endfacet
  facet normal 0 -1 -0
    outer loop
      vertex 35.2 -20.8 5
      vertex 27.2 -20.8 0
      vertex 35.2 -20.8 0
    endloop
  endfacet
  facet normal 1 -0 0
    outer loop
      vertex 35.2 -20.8 5
      vertex 35.2 -18.6 0
      vertex 35.2 -18.6 5
    endloop
  endfacet
  facet normal 1 0 0
    outer loop
      vertex 35.2 -18.6 0
      vertex 35.2 -20.8 5
      vertex 35.2 -20.8 0
    endloop
  endfacet
  facet normal 0.707107 0.707107 0
    outer loop
      vertex 35.2 -18.6 5
      vertex 34.4 -17.8 0
      vertex 34.4 -17.8 5
    endloop
  endfacet
  facet normal 0.707107 0.707107 0
    outer loop
      vertex 34.4 -17.8 0
      vertex 35.2 -18.6 5
      vertex 35.2 -18.6 0
    endloop
  endfacet
  facet normal 0 1 -0
    outer loop
      vertex 34.4 -17.8 0
      vertex 34.15 -17.8 5
      vertex 34.4 -17.8 5
    endloop
  endfacet
  facet normal 0 1 0
    outer loop
      vertex 34.15 -17.8 5
      vertex 34.4 -17.8 0
      vertex 34.15 -17.8 0
    endloop
  endfacet
  facet normal -0.965914 0.258865 0
    outer loop
      vertex 34.0897 -18.025 0
      vertex 34.15 -17.8 5
      vertex 34.15 -17.8 0
    endloop
  endfacet
  facet normal -0.965914 0.258865 0
    outer loop
      vertex 34.15 -17.8 5
      vertex 34.0897 -18.025 0
      vertex 34.0897 -18.025 5
    endloop
  endfacet
  facet normal -0.707107 0.707107 0
    outer loop
      vertex 33.925 -18.1897 0
      vertex 34.0897 -18.025 5
      vertex 34.0897 -18.025 0
    endloop
  endfacet
  facet normal -0.707107 0.707107 0
    outer loop
      vertex 34.0897 -18.025 5
      vertex 33.925 -18.1897 0
      vertex 33.925 -18.1897 5
    endloop
  endfacet
  facet normal -0.258865 0.965914 0
    outer loop
      vertex 33.925 -18.1897 0
      vertex 33.7 -18.25 5
      vertex 33.925 -18.1897 5
    endloop
  endfacet
  facet normal -0.258865 0.965914 0
    outer loop
      vertex 33.7 -18.25 5
      vertex 33.925 -18.1897 0
      vertex 33.7 -18.25 0
    endloop
  endfacet
  facet normal 0.258865 0.965914 -0
    outer loop
      vertex 33.7 -18.25 0
      vertex 33.475 -18.1897 5
      vertex 33.7 -18.25 5
    endloop
  endfacet
  facet normal 0.258865 0.965914 0
    outer loop
      vertex 33.475 -18.1897 5
      vertex 33.7 -18.25 0
      vertex 33.475 -18.1897 0
    endloop
  endfacet
  facet normal 0.707107 0.707107 0
    outer loop
      vertex 33.475 -18.1897 5
      vertex 33.3103 -18.025 0
      vertex 33.3103 -18.025 5
    endloop
  endfacet
  facet normal 0.707107 0.707107 0
    outer loop
      vertex 33.3103 -18.025 0
      vertex 33.475 -18.1897 5
      vertex 33.475 -18.1897 0
    endloop
  endfacet
  facet normal 0.965914 0.258865 0
    outer loop
      vertex 33.3103 -18.025 5
      vertex 33.25 -17.8 0
      vertex 33.25 -17.8 5
    endloop
  endfacet
  facet normal 0.965914 0.258865 0
    outer loop
      vertex 33.25 -17.8 0
      vertex 33.3103 -18.025 5
      vertex 33.3103 -18.025 0
    endloop
  endfacet
  facet normal 0 1 -0
    outer loop
      vertex 33.25 -17.8 0
      vertex 32.15 -17.8 5
      vertex 33.25 -17.8 5
    endloop
  endfacet
  facet normal 0 1 0
    outer loop
      vertex 32.15 -17.8 5
      vertex 33.25 -17.8 0
      vertex 32.15 -17.8 0
    endloop
  endfacet
  facet normal -0.965914 0.258865 0
    outer loop
      vertex 32.0897 -18.025 0
      vertex 32.15 -17.8 5
      vertex 32.15 -17.8 0
    endloop
  endfacet
  facet normal -0.965914 0.258865 0
    outer loop
      vertex 32.15 -17.8 5
      vertex 32.0897 -18.025 0
      vertex 32.0897 -18.025 5
    endloop
  endfacet
  facet normal -0.707107 0.707107 0
    outer loop
      vertex 31.925 -18.1897 0
      vertex 32.0897 -18.025 5
      vertex 32.0897 -18.025 0
    endloop
  endfacet
  facet normal -0.707107 0.707107 0
    outer loop
      vertex 32.0897 -18.025 5
      vertex 31.925 -18.1897 0
      vertex 31.925 -18.1897 5
    endloop
  endfacet
  facet normal -0.258865 0.965914 0
    outer loop
      vertex 31.925 -18.1897 0
      vertex 31.7 -18.25 5
      vertex 31.925 -18.1897 5
    endloop
  endfacet
  facet normal -0.258865 0.965914 0
    outer loop
      vertex 31.7 -18.25 5
      vertex 31.925 -18.1897 0
      vertex 31.7 -18.25 0
    endloop
  endfacet
  facet normal 0.258865 0.965914 -0
    outer loop
      vertex 31.7 -18.25 0
      vertex 31.475 -18.1897 5
      vertex 31.7 -18.25 5
    endloop
  endfacet
  facet normal 0.258865 0.965914 0
    outer loop
      vertex 31.475 -18.1897 5
      vertex 31.7 -18.25 0
      vertex 31.475 -18.1897 0
    endloop
  endfacet
  facet normal 0.707107 0.707107 0
    outer loop
      vertex 31.475 -18.1897 5
      vertex 31.3103 -18.025 0
      vertex 31.3103 -18.025 5
    endloop
  endfacet
  facet normal 0.707107 0.707107 0
    outer loop
      vertex 31.3103 -18.025 0
      vertex 31.475 -18.1897 5
      vertex 31.475 -18.1897 0
    endloop
  endfacet
  facet normal 0.965914 0.258865 0
    outer loop
      vertex 31.3103 -18.025 5
      vertex 31.25 -17.8 0
      vertex 31.25 -17.8 5
    endloop
  endfacet
  facet normal 0.965914 0.258865 0
    outer loop
      vertex 31.25 -17.8 0
      vertex 31.3103 -18.025 5
      vertex 31.3103 -18.025 0
    endloop
  endfacet
  facet normal 0 1 -0
    outer loop
      vertex 31.25 -17.8 0
      vertex 30.15 -17.8 5
      vertex 31.25 -17.8 5
    endloop
  endfacet
  facet normal 0 1 0
    outer loop
      vertex 30.15 -17.8 5
      vertex 31.25 -17.8 0
      vertex 30.15 -17.8 0
    endloop
  endfacet
  facet normal -0.965914 0.258865 0
    outer loop
      vertex 30.0897 -18.025 0
      vertex 30.15 -17.8 5
      vertex 30.15 -17.8 0
    endloop
  endfacet
  facet normal -0.965914 0.258865 0
    outer loop
      vertex 30.15 -17.8 5
      vertex 30.0897 -18.025 0
      vertex 30.0897 -18.025 5
    endloop
  endfacet
  facet normal -0.707107 0.707107 0
    outer loop
      vertex 29.925 -18.1897 0
      vertex 30.0897 -18.025 5
      vertex 30.0897 -18.025 0
    endloop
  endfacet
  facet normal -0.707107 0.707107 0
    outer loop
      vertex 30.0897 -18.025 5
      vertex 29.925 -18.1897 0
      vertex 29.925 -18.1897 5
    endloop
  endfacet
  facet normal -0.258865 0.965914 0
    outer loop
      vertex 29.925 -18.1897 0
      vertex 29.7 -18.25 5
      vertex 29.925 -18.1897 5
    endloop
  endfacet
  facet normal -0.258865 0.965914 0
    outer loop
      vertex 29.7 -18.25 5
      vertex 29.925 -18.1897 0
      vertex 29.7 -18.25 0
    endloop
  endfacet
  facet normal 0.258865 0.965914 -0
    outer loop
      vertex 29.7 -18.25 0
      vertex 29.475 -18.1897 5
      vertex 29.7 -18.25 5
    endloop
  endfacet
  facet normal 0.258865 0.965914 0
    outer loop
      vertex 29.475 -18.1897 5
      vertex 29.7 -18.25 0
      vertex 29.475 -18.1897 0
    endloop
  endfacet
  facet normal 0.707107 0.707107 0
    outer loop
      vertex 29.475 -18.1897 5
      vertex 29.3103 -18.025 0
      vertex 29.3103 -18.025 5
    endloop
  endfacet
  facet normal 0.707107 0.707107 0
    outer loop
      vertex 29.3103 -18.025 0
      vertex 29.475 -18.1897 5
      vertex 29.475 -18.1897 0
    endloop
  endfacet
  facet normal 0.965914 0.258865 0
    outer loop
      vertex 29.3103 -18.025 5
      vertex 29.25 -17.8 0
      vertex 29.25 -17.8 5
    endloop
  endfacet
  facet normal 0.965914 0.258865 0
    outer loop
      vertex 29.25 -17.8 0
      vertex 29.3103 -18.025 5
      vertex 29.3103 -18.025 0
    endloop
  endfacet
  facet normal 0 1 -0
    outer loop
      vertex 29.25 -17.8 0
      vertex 28.3 -17.8 5
      vertex 29.25 -17.8 5
    endloop
  endfacet
  facet normal 0 1 0
    outer loop
      vertex 28.3 -17.8 5
      vertex 29.25 -17.8 0
      vertex 28.3 -17.8 0
    endloop
  endfacet
  facet normal -0.747409 0.664364 0
    outer loop
      vertex 25.1 -21.4 0
      vertex 28.3 -17.8 5
      vertex 28.3 -17.8 0
    endloop
  endfacet
  facet normal -0.747409 0.664364 0
    outer loop
      vertex 28.3 -17.8 5
      vertex 25.1 -21.4 0
      vertex 25.1 -21.4 5
    endloop
  endfacet
  facet normal 0 1 -0
    outer loop
      vertex 25.1 -21.4 0
      vertex 20.3289 -21.4 5
      vertex 25.1 -21.4 5
    endloop
  endfacet
  facet normal 0 1 0
    outer loop
      vertex 20.3289 -21.4 5
      vertex 25.1 -21.4 0
      vertex 20.3289 -21.4 0
    endloop
  endfacet
  facet normal 0.659377 0.751813 -0
    outer loop
      vertex 20.3289 -21.4 0
      vertex 20.3045 -21.3786 5
      vertex 20.3289 -21.4 5
    endloop
  endfacet
  facet normal 0.659377 0.751813 0
    outer loop
      vertex 20.3045 -21.3786 5
      vertex 20.3289 -21.4 0
      vertex 20.3045 -21.3786 0
    endloop
  endfacet
  facet normal 0.555645 0.83142 -0
    outer loop
      vertex 20.3045 -21.3786 0
      vertex 20 -21.1751 5
      vertex 20.3045 -21.3786 5
    endloop
  endfacet
  facet normal 0.555645 0.83142 0
    outer loop
      vertex 20 -21.1751 5
      vertex 20.3045 -21.3786 0
      vertex 20 -21.1751 0
    endloop
  endfacet
  facet normal 0.442292 0.896871 -0
    outer loop
      vertex 20 -21.1751 0
      vertex 19.6715 -21.0131 5
      vertex 20 -21.1751 5
    endloop
  endfacet
  facet normal 0.442292 0.896871 0
    outer loop
      vertex 19.6715 -21.0131 5
      vertex 20 -21.1751 0
      vertex 19.6715 -21.0131 0
    endloop
  endfacet
  facet normal 0.320596 0.947216 -0
    outer loop
      vertex 19.6715 -21.0131 0
      vertex 19.6 -20.9889 5
      vertex 19.6715 -21.0131 5
    endloop
  endfacet
  facet normal 0.320596 0.947216 0
    outer loop
      vertex 19.6 -20.9889 5
      vertex 19.6715 -21.0131 0
      vertex 19.6 -20.9889 0
    endloop
  endfacet
  facet normal 1 -0 0
    outer loop
      vertex 19.6 -20.9889 5
      vertex 19.6 -13.6055 0
      vertex 19.6 -13.6055 5
    endloop
  endfacet
  facet normal 1 0 0
    outer loop
      vertex 19.6 -13.6055 0
      vertex 19.6 -20.9889 5
      vertex 19.6 -20.9889 0
    endloop
  endfacet
  facet normal 0 1 -0
    outer loop
      vertex 19.6 -13.6055 0
      vertex 16.7 -13.6055 5
      vertex 19.6 -13.6055 5
    endloop
  endfacet
  facet normal 0 1 0
    outer loop
      vertex 16.7 -13.6055 5
      vertex 19.6 -13.6055 0
      vertex 16.7 -13.6055 0
    endloop
  endfacet
  facet normal -0.707107 0.707107 0
    outer loop
      vertex 15.975 -14.3305 0
      vertex 16.7 -13.6055 5
      vertex 16.7 -13.6055 0
    endloop
  endfacet
  facet normal -0.707107 0.707107 0
    outer loop
      vertex 16.7 -13.6055 5
      vertex 15.975 -14.3305 0
      vertex 15.975 -14.3305 5
    endloop
  endfacet
  facet normal 0 -1 0
    outer loop
      vertex 15.975 -14.3305 0
      vertex 18.775 -14.3305 5
      vertex 15.975 -14.3305 5
    endloop
  endfacet
  facet normal 0 -1 -0
    outer loop
      vertex 18.775 -14.3305 5
      vertex 15.975 -14.3305 0
      vertex 18.775 -14.3305 0
    endloop
  endfacet
  facet normal -1 0 0
    outer loop
      vertex 18.775 -17.2805 0
      vertex 18.775 -14.3305 5
      vertex 18.775 -14.3305 0
    endloop
  endfacet
  facet normal -1 -0 0
    outer loop
      vertex 18.775 -14.3305 5
      vertex 18.775 -17.2805 0
      vertex 18.775 -17.2805 5
    endloop
  endfacet
  facet normal 0 1 -0
    outer loop
      vertex 18.775 -17.2805 0
      vertex 15.825 -17.2805 5
      vertex 18.775 -17.2805 5
    endloop
  endfacet
  facet normal 0 1 0
    outer loop
      vertex 15.825 -17.2805 5
      vertex 18.775 -17.2805 0
      vertex 15.825 -17.2805 0
    endloop
  endfacet
  facet normal 1 -0 0
    outer loop
      vertex 15.825 -17.2805 5
      vertex 15.825 -14.4805 0
      vertex 15.825 -14.4805 5
    endloop
  endfacet
  facet normal 1 0 0
    outer loop
      vertex 15.825 -14.4805 0
      vertex 15.825 -17.2805 5
      vertex 15.825 -17.2805 0
    endloop
  endfacet
  facet normal -0.707107 0.707107 0
    outer loop
      vertex 14.8 -15.5055 0
      vertex 15.825 -14.4805 5
      vertex 15.825 -14.4805 0
    endloop
  endfacet
  facet normal -0.707107 0.707107 0
    outer loop
      vertex 15.825 -14.4805 5
      vertex 14.8 -15.5055 0
      vertex 14.8 -15.5055 5
    endloop
  endfacet
  facet normal -1 0 0
    outer loop
      vertex 14.8 -26.2 0
      vertex 14.8 -15.5055 5
      vertex 14.8 -15.5055 0
    endloop
  endfacet
  facet normal -1 -0 0
    outer loop
      vertex 14.8 -15.5055 5
      vertex 14.8 -26.2 0
      vertex 14.8 -26.2 5
    endloop
  endfacet
  facet normal 0 -1 0
    outer loop
      vertex 14.8 -26.2 0
      vertex 17.5672 -26.2 5
      vertex 14.8 -26.2 5
    endloop
  endfacet
  facet normal 0 -1 -0
    outer loop
      vertex 17.5672 -26.2 5
      vertex 14.8 -26.2 0
      vertex 17.5672 -26.2 0
    endloop
  endfacet
  facet normal -0.321478 -0.946917 0
    outer loop
      vertex 17.5672 -26.2 0
      vertex 17.8753 -26.3046 5
      vertex 17.5672 -26.2 5
    endloop
  endfacet
  facet normal -0.321478 -0.946917 -0
    outer loop
      vertex 17.8753 -26.3046 5
      vertex 17.5672 -26.2 0
      vertex 17.8753 -26.3046 0
    endloop
  endfacet
  facet normal -0.194961 -0.980811 0
    outer loop
      vertex 17.8753 -26.3046 0
      vertex 18.2345 -26.376 5
      vertex 17.8753 -26.3046 5
    endloop
  endfacet
  facet normal -0.194961 -0.980811 -0
    outer loop
      vertex 18.2345 -26.376 5
      vertex 17.8753 -26.3046 0
      vertex 18.2345 -26.376 0
    endloop
  endfacet
  facet normal -0.0655224 -0.997851 0
    outer loop
      vertex 18.2345 -26.376 0
      vertex 18.6 -26.4 5
      vertex 18.2345 -26.376 5
    endloop
  endfacet
  facet normal -0.0655224 -0.997851 -0
    outer loop
      vertex 18.6 -26.4 5
      vertex 18.2345 -26.376 0
      vertex 18.6 -26.4 0
    endloop
  endfacet
  facet normal 0.0655224 -0.997851 0
    outer loop
      vertex 18.6 -26.4 0
      vertex 18.9655 -26.376 5
      vertex 18.6 -26.4 5
    endloop
  endfacet
  facet normal 0.0655224 -0.997851 0
    outer loop
      vertex 18.9655 -26.376 5
      vertex 18.6 -26.4 0
      vertex 18.9655 -26.376 0
    endloop
  endfacet
  facet normal 0.195234 0.980757 -0
    outer loop
      vertex 18.4042 -25.0872 0
      vertex 18.2118 -25.0489 5
      vertex 18.4042 -25.0872 5
    endloop
  endfacet
  facet normal 0.195234 0.980757 0
    outer loop
      vertex 18.2118 -25.0489 5
      vertex 18.4042 -25.0872 0
      vertex 18.2118 -25.0489 0
    endloop
  endfacet
  facet normal 0.321574 0.946885 -0
    outer loop
      vertex 18.2118 -25.0489 0
      vertex 18.026 -24.9858 5
      vertex 18.2118 -25.0489 5
    endloop
  endfacet
  facet normal 0.321574 0.946885 0
    outer loop
      vertex 18.026 -24.9858 5
      vertex 18.2118 -25.0489 0
      vertex 18.026 -24.9858 0
    endloop
  endfacet
  facet normal 0.442315 0.89686 -0
    outer loop
      vertex 18.026 -24.9858 0
      vertex 17.85 -24.899 5
      vertex 18.026 -24.9858 5
    endloop
  endfacet
  facet normal 0.442315 0.89686 0
    outer loop
      vertex 17.85 -24.899 5
      vertex 18.026 -24.9858 0
      vertex 17.85 -24.899 0
    endloop
  endfacet
  facet normal 0.555641 0.831422 -0
    outer loop
      vertex 17.85 -24.899 0
      vertex 17.6869 -24.79 5
      vertex 17.85 -24.899 5
    endloop
  endfacet
  facet normal 0.555641 0.831422 0
    outer loop
      vertex 17.6869 -24.79 5
      vertex 17.85 -24.899 0
      vertex 17.6869 -24.79 0
    endloop
  endfacet
  facet normal 0.658937 0.752198 -0
    outer loop
      vertex 17.6869 -24.79 0
      vertex 17.5393 -24.6607 5
      vertex 17.6869 -24.79 5
    endloop
  endfacet
  facet normal 0.658937 0.752198 0
    outer loop
      vertex 17.5393 -24.6607 5
      vertex 17.6869 -24.79 0
      vertex 17.5393 -24.6607 0
    endloop
  endfacet
  facet normal 0.752198 0.658937 0
    outer loop
      vertex 17.5393 -24.6607 5
      vertex 17.41 -24.5131 0
      vertex 17.41 -24.5131 5
    endloop
  endfacet
  facet normal 0.752198 0.658937 0
    outer loop
      vertex 17.41 -24.5131 0
      vertex 17.5393 -24.6607 5
      vertex 17.5393 -24.6607 0
    endloop
  endfacet
  facet normal 0.831422 0.555641 0
    outer loop
      vertex 17.41 -24.5131 5
      vertex 17.301 -24.35 0
      vertex 17.301 -24.35 5
    endloop
  endfacet
  facet normal 0.831422 0.555641 0
    outer loop
      vertex 17.301 -24.35 0
      vertex 17.41 -24.5131 5
      vertex 17.41 -24.5131 0
    endloop
  endfacet
  facet normal 0.89686 0.442315 0
    outer loop
      vertex 17.301 -24.35 5
      vertex 17.2142 -24.174 0
      vertex 17.2142 -24.174 5
    endloop
  endfacet
  facet normal 0.89686 0.442315 0
    outer loop
      vertex 17.2142 -24.174 0
      vertex 17.301 -24.35 5
      vertex 17.301 -24.35 0
    endloop
  endfacet
  facet normal 0.946885 0.321574 0
    outer loop
      vertex 17.2142 -24.174 5
      vertex 17.1511 -23.9882 0
      vertex 17.1511 -23.9882 5
    endloop
  endfacet
  facet normal 0.946885 0.321574 0
    outer loop
      vertex 17.1511 -23.9882 0
      vertex 17.2142 -24.174 5
      vertex 17.2142 -24.174 0
    endloop
  endfacet
  facet normal 0.980757 0.195234 0
    outer loop
      vertex 17.1511 -23.9882 5
      vertex 17.1128 -23.7958 0
      vertex 17.1128 -23.7958 5
    endloop
  endfacet
  facet normal 0.980757 0.195234 0
    outer loop
      vertex 17.1128 -23.7958 0
      vertex 17.1511 -23.9882 5
      vertex 17.1511 -23.9882 0
    endloop
  endfacet
  facet normal 0.99787 0.0652336 0
    outer loop
      vertex 17.1128 -23.7958 5
      vertex 17.1 -23.6 0
      vertex 17.1 -23.6 5
    endloop
  endfacet
  facet normal 0.99787 0.0652336 0
    outer loop
      vertex 17.1 -23.6 0
      vertex 17.1128 -23.7958 5
      vertex 17.1128 -23.7958 0
    endloop
  endfacet
  facet normal 0.99787 -0.0652336 0
    outer loop
      vertex 17.1 -23.6 5
      vertex 17.1128 -23.4042 0
      vertex 17.1128 -23.4042 5
    endloop
  endfacet
  facet normal 0.99787 -0.0652336 0
    outer loop
      vertex 17.1128 -23.4042 0
      vertex 17.1 -23.6 5
      vertex 17.1 -23.6 0
    endloop
  endfacet
  facet normal 0.980757 -0.195234 0
    outer loop
      vertex 17.1128 -23.4042 5
      vertex 17.1511 -23.2118 0
      vertex 17.1511 -23.2118 5
    endloop
  endfacet
  facet normal 0.980757 -0.195234 0
    outer loop
      vertex 17.1511 -23.2118 0
      vertex 17.1128 -23.4042 5
      vertex 17.1128 -23.4042 0
    endloop
  endfacet
  facet normal 0.946885 -0.321574 0
    outer loop
      vertex 17.1511 -23.2118 5
      vertex 17.2142 -23.026 0
      vertex 17.2142 -23.026 5
    endloop
  endfacet
  facet normal 0.946885 -0.321574 0
    outer loop
      vertex 17.2142 -23.026 0
      vertex 17.1511 -23.2118 5
      vertex 17.1511 -23.2118 0
    endloop
  endfacet
  facet normal 0.89686 -0.442315 0
    outer loop
      vertex 17.2142 -23.026 5
      vertex 17.301 -22.85 0
      vertex 17.301 -22.85 5
    endloop
  endfacet
  facet normal 0.89686 -0.442315 0
    outer loop
      vertex 17.301 -22.85 0
      vertex 17.2142 -23.026 5
      vertex 17.2142 -23.026 0
    endloop
  endfacet
  facet normal 0.831422 -0.555641 0
    outer loop
      vertex 17.301 -22.85 5
      vertex 17.41 -22.6869 0
      vertex 17.41 -22.6869 5
    endloop
  endfacet
  facet normal 0.831422 -0.555641 0
    outer loop
      vertex 17.41 -22.6869 0
      vertex 17.301 -22.85 5
      vertex 17.301 -22.85 0
    endloop
  endfacet
  facet normal 0.752198 -0.658937 0
    outer loop
      vertex 17.41 -22.6869 5
      vertex 17.5393 -22.5393 0
      vertex 17.5393 -22.5393 5
    endloop
  endfacet
  facet normal 0.752198 -0.658937 0
    outer loop
      vertex 17.5393 -22.5393 0
      vertex 17.41 -22.6869 5
      vertex 17.41 -22.6869 0
    endloop
  endfacet
  facet normal 0.658937 -0.752198 0
    outer loop
      vertex 17.5393 -22.5393 0
      vertex 17.6869 -22.41 5
      vertex 17.5393 -22.5393 5
    endloop
  endfacet
  facet normal 0.658937 -0.752198 0
    outer loop
      vertex 17.6869 -22.41 5
      vertex 17.5393 -22.5393 0
      vertex 17.6869 -22.41 0
    endloop
  endfacet
  facet normal 0.555641 -0.831422 0
    outer loop
      vertex 17.6869 -22.41 0
      vertex 17.85 -22.301 5
      vertex 17.6869 -22.41 5
    endloop
  endfacet
  facet normal 0.555641 -0.831422 0
    outer loop
      vertex 17.85 -22.301 5
      vertex 17.6869 -22.41 0
      vertex 17.85 -22.301 0
    endloop
  endfacet
  facet normal 0.442315 -0.89686 0
    outer loop
      vertex 17.85 -22.301 0
      vertex 18.026 -22.2142 5
      vertex 17.85 -22.301 5
    endloop
  endfacet
  facet normal 0.442315 -0.89686 0
    outer loop
      vertex 18.026 -22.2142 5
      vertex 17.85 -22.301 0
      vertex 18.026 -22.2142 0
    endloop
  endfacet
  facet normal 0.321574 -0.946885 0
    outer loop
      vertex 18.026 -22.2142 0
      vertex 18.2118 -22.1511 5
      vertex 18.026 -22.2142 5
    endloop
  endfacet
  facet normal 0.321574 -0.946885 0
    outer loop
      vertex 18.2118 -22.1511 5
      vertex 18.026 -22.2142 0
      vertex 18.2118 -22.1511 0
    endloop
  endfacet
  facet normal 0.195234 -0.980757 0
    outer loop
      vertex 18.2118 -22.1511 0
      vertex 18.4042 -22.1128 5
      vertex 18.2118 -22.1511 5
    endloop
  endfacet
  facet normal 0.195234 -0.980757 0
    outer loop
      vertex 18.4042 -22.1128 5
      vertex 18.2118 -22.1511 0
      vertex 18.4042 -22.1128 0
    endloop
  endfacet
  facet normal 0.0652336 -0.99787 0
    outer loop
      vertex 18.4042 -22.1128 0
      vertex 18.6 -22.1 5
      vertex 18.4042 -22.1128 5
    endloop
  endfacet
  facet normal 0.0652336 -0.99787 0
    outer loop
      vertex 18.6 -22.1 5
      vertex 18.4042 -22.1128 0
      vertex 18.6 -22.1 0
    endloop
  endfacet
  facet normal -0.0652336 -0.99787 0
    outer loop
      vertex 18.6 -22.1 0
      vertex 18.7958 -22.1128 5
      vertex 18.6 -22.1 5
    endloop
  endfacet
  facet normal -0.0652336 -0.99787 -0
    outer loop
      vertex 18.7958 -22.1128 5
      vertex 18.6 -22.1 0
      vertex 18.7958 -22.1128 0
    endloop
  endfacet
  facet normal -0.195234 -0.980757 0
    outer loop
      vertex 18.7958 -22.1128 0
      vertex 18.9882 -22.1511 5
      vertex 18.7958 -22.1128 5
    endloop
  endfacet
  facet normal -0.195234 -0.980757 -0
    outer loop
      vertex 18.9882 -22.1511 5
      vertex 18.7958 -22.1128 0
      vertex 18.9882 -22.1511 0
    endloop
  endfacet
  facet normal -0.321574 -0.946885 0
    outer loop
      vertex 18.9882 -22.1511 0
      vertex 19.174 -22.2142 5
      vertex 18.9882 -22.1511 5
    endloop
  endfacet
  facet normal -0.321574 -0.946885 -0
    outer loop
      vertex 19.174 -22.2142 5
      vertex 18.9882 -22.1511 0
      vertex 19.174 -22.2142 0
    endloop
  endfacet
  facet normal -0.442315 -0.89686 0
    outer loop
      vertex 19.174 -22.2142 0
      vertex 19.35 -22.301 5
      vertex 19.174 -22.2142 5
    endloop
  endfacet
  facet normal -0.442315 -0.89686 -0
    outer loop
      vertex 19.35 -22.301 5
      vertex 19.174 -22.2142 0
      vertex 19.35 -22.301 0
    endloop
  endfacet
  facet normal -0.555641 -0.831422 0
    outer loop
      vertex 19.35 -22.301 0
      vertex 19.5131 -22.41 5
      vertex 19.35 -22.301 5
    endloop
  endfacet
  facet normal -0.555641 -0.831422 -0
    outer loop
      vertex 19.5131 -22.41 5
      vertex 19.35 -22.301 0
      vertex 19.5131 -22.41 0
    endloop
  endfacet
  facet normal -0.658937 -0.752198 0
    outer loop
      vertex 19.5131 -22.41 0
      vertex 19.6607 -22.5393 5
      vertex 19.5131 -22.41 5
    endloop
  endfacet
  facet normal -0.658937 -0.752198 -0
    outer loop
      vertex 19.6607 -22.5393 5
      vertex 19.5131 -22.41 0
      vertex 19.6607 -22.5393 0
    endloop
  endfacet
  facet normal -0.752198 -0.658937 0
    outer loop
      vertex 19.79 -22.6869 0
      vertex 19.6607 -22.5393 5
      vertex 19.6607 -22.5393 0
    endloop
  endfacet
  facet normal -0.752198 -0.658937 0
    outer loop
      vertex 19.6607 -22.5393 5
      vertex 19.79 -22.6869 0
      vertex 19.79 -22.6869 5
    endloop
  endfacet
  facet normal -0.831422 -0.555641 0
    outer loop
      vertex 19.899 -22.85 0
      vertex 19.79 -22.6869 5
      vertex 19.79 -22.6869 0
    endloop
  endfacet
  facet normal -0.831422 -0.555641 0
    outer loop
      vertex 19.79 -22.6869 5
      vertex 19.899 -22.85 0
      vertex 19.899 -22.85 5
    endloop
  endfacet
  facet normal -0.89686 -0.442315 0
    outer loop
      vertex 19.9858 -23.026 0
      vertex 19.899 -22.85 5
      vertex 19.899 -22.85 0
    endloop
  endfacet
  facet normal -0.89686 -0.442315 0
    outer loop
      vertex 19.899 -22.85 5
      vertex 19.9858 -23.026 0
      vertex 19.9858 -23.026 5
    endloop
  endfacet
  facet normal -0.946885 -0.321574 0
    outer loop
      vertex 20.0489 -23.2118 0
      vertex 19.9858 -23.026 5
      vertex 19.9858 -23.026 0
    endloop
  endfacet
  facet normal -0.946885 -0.321574 0
    outer loop
      vertex 19.9858 -23.026 5
      vertex 20.0489 -23.2118 0
      vertex 20.0489 -23.2118 5
    endloop
  endfacet
  facet normal -0.980757 -0.195234 0
    outer loop
      vertex 20.0872 -23.4042 0
      vertex 20.0489 -23.2118 5
      vertex 20.0489 -23.2118 0
    endloop
  endfacet
  facet normal -0.980757 -0.195234 0
    outer loop
      vertex 20.0489 -23.2118 5
      vertex 20.0872 -23.4042 0
      vertex 20.0872 -23.4042 5
    endloop
  endfacet
  facet normal -0.99787 -0.0652336 0
    outer loop
      vertex 20.1 -23.6 0
      vertex 20.0872 -23.4042 5
      vertex 20.0872 -23.4042 0
    endloop
  endfacet
  facet normal -0.99787 -0.0652336 0
    outer loop
      vertex 20.0872 -23.4042 5
      vertex 20.1 -23.6 0
      vertex 20.1 -23.6 5
    endloop
  endfacet
  facet normal -0.99787 0.0652336 0
    outer loop
      vertex 20.0872 -23.7958 0
      vertex 20.1 -23.6 5
      vertex 20.1 -23.6 0
    endloop
  endfacet
  facet normal -0.99787 0.0652336 0
    outer loop
      vertex 20.1 -23.6 5
      vertex 20.0872 -23.7958 0
      vertex 20.0872 -23.7958 5
    endloop
  endfacet
  facet normal -0.980757 0.195234 0
    outer loop
      vertex 20.0489 -23.9882 0
      vertex 20.0872 -23.7958 5
      vertex 20.0872 -23.7958 0
    endloop
  endfacet
  facet normal -0.980757 0.195234 0
    outer loop
      vertex 20.0872 -23.7958 5
      vertex 20.0489 -23.9882 0
      vertex 20.0489 -23.9882 5
    endloop
  endfacet
  facet normal -0.946885 0.321574 0
    outer loop
      vertex 19.9858 -24.174 0
      vertex 20.0489 -23.9882 5
      vertex 20.0489 -23.9882 0
    endloop
  endfacet
  facet normal -0.946885 0.321574 0
    outer loop
      vertex 20.0489 -23.9882 5
      vertex 19.9858 -24.174 0
      vertex 19.9858 -24.174 5
    endloop
  endfacet
  facet normal -0.89686 0.442315 0
    outer loop
      vertex 19.899 -24.35 0
      vertex 19.9858 -24.174 5
      vertex 19.9858 -24.174 0
    endloop
  endfacet
  facet normal -0.89686 0.442315 0
    outer loop
      vertex 19.9858 -24.174 5
      vertex 19.899 -24.35 0
      vertex 19.899 -24.35 5
    endloop
  endfacet
  facet normal -0.831422 0.555641 0
    outer loop
      vertex 19.79 -24.5131 0
      vertex 19.899 -24.35 5
      vertex 19.899 -24.35 0
    endloop
  endfacet
  facet normal -0.831422 0.555641 0
    outer loop
      vertex 19.899 -24.35 5
      vertex 19.79 -24.5131 0
      vertex 19.79 -24.5131 5
    endloop
  endfacet
  facet normal -0.752198 0.658937 0
    outer loop
      vertex 19.6607 -24.6607 0
      vertex 19.79 -24.5131 5
      vertex 19.79 -24.5131 0
    endloop
  endfacet
  facet normal -0.752198 0.658937 0
    outer loop
      vertex 19.79 -24.5131 5
      vertex 19.6607 -24.6607 0
      vertex 19.6607 -24.6607 5
    endloop
  endfacet
  facet normal -0.658937 0.752198 0
    outer loop
      vertex 19.6607 -24.6607 0
      vertex 19.5131 -24.79 5
      vertex 19.6607 -24.6607 5
    endloop
  endfacet
  facet normal -0.658937 0.752198 0
    outer loop
      vertex 19.5131 -24.79 5
      vertex 19.6607 -24.6607 0
      vertex 19.5131 -24.79 0
    endloop
  endfacet
  facet normal -0.555641 0.831422 0
    outer loop
      vertex 19.5131 -24.79 0
      vertex 19.35 -24.899 5
      vertex 19.5131 -24.79 5
    endloop
  endfacet
  facet normal -0.555641 0.831422 0
    outer loop
      vertex 19.35 -24.899 5
      vertex 19.5131 -24.79 0
      vertex 19.35 -24.899 0
    endloop
  endfacet
  facet normal -0.442315 0.89686 0
    outer loop
      vertex 19.35 -24.899 0
      vertex 19.174 -24.9858 5
      vertex 19.35 -24.899 5
    endloop
  endfacet
  facet normal -0.442315 0.89686 0
    outer loop
      vertex 19.174 -24.9858 5
      vertex 19.35 -24.899 0
      vertex 19.174 -24.9858 0
    endloop
  endfacet
  facet normal -0.321574 0.946885 0
    outer loop
      vertex 19.174 -24.9858 0
      vertex 18.9882 -25.0489 5
      vertex 19.174 -24.9858 5
    endloop
  endfacet
  facet normal -0.321574 0.946885 0
    outer loop
      vertex 18.9882 -25.0489 5
      vertex 19.174 -24.9858 0
      vertex 18.9882 -25.0489 0
    endloop
  endfacet
  facet normal -0.195234 0.980757 0
    outer loop
      vertex 18.9882 -25.0489 0
      vertex 18.7958 -25.0872 5
      vertex 18.9882 -25.0489 5
    endloop
  endfacet
  facet normal -0.195234 0.980757 0
    outer loop
      vertex 18.7958 -25.0872 5
      vertex 18.9882 -25.0489 0
      vertex 18.7958 -25.0872 0
    endloop
  endfacet
  facet normal -0.0652336 0.99787 0
    outer loop
      vertex 18.7958 -25.0872 0
      vertex 18.6 -25.1 5
      vertex 18.7958 -25.0872 5
    endloop
  endfacet
  facet normal -0.0652336 0.99787 0
    outer loop
      vertex 18.6 -25.1 5
      vertex 18.7958 -25.0872 0
      vertex 18.6 -25.1 0
    endloop
  endfacet
  facet normal 0.0652336 0.99787 -0
    outer loop
      vertex 18.6 -25.1 0
      vertex 18.4042 -25.0872 5
      vertex 18.6 -25.1 5
    endloop
  endfacet
  facet normal 0.0652336 0.99787 0
    outer loop
      vertex 18.4042 -25.0872 5
      vertex 18.6 -25.1 0
      vertex 18.4042 -25.0872 0
    endloop
  endfacet
endsolid OpenSCAD_Model
