solid OpenSCAD_Model
  facet normal 1 -0 0
    outer loop
      vertex 20.6 -17.6 1.6
      vertex 20.6 16.6402 0.4
      vertex 20.6 16.6402 1.6
    endloop
  endfacet
  facet normal 1 0 0
    outer loop
      vertex 20.6 16.6402 0.4
      vertex 20.6 -17.6 1.6
      vertex 20.6 -17.6 0.4
    endloop
  endfacet
  facet normal -0.997853 0.0654873 0
    outer loop
      vertex -20.6 17.6 0.4
      vertex -20.5743 17.9916 1.6
      vertex -20.5743 17.9916 0.4
    endloop
  endfacet
  facet normal -0.997853 0.0654873 0
    outer loop
      vertex -20.5743 17.9916 1.6
      vertex -20.6 17.6 0.4
      vertex -20.6 17.6 1.6
    endloop
  endfacet
  facet normal 0.194989 -0.980806 0
    outer loop
      vertex 17.9916 -20.5743 0.4
      vertex 18.3764 -20.4978 1.6
      vertex 17.9916 -20.5743 1.6
    endloop
  endfacet
  facet normal 0.194989 -0.980806 0
    outer loop
      vertex 18.3764 -20.4978 1.6
      vertex 17.9916 -20.5743 0.4
      vertex 18.3764 -20.4978 0.4
    endloop
  endfacet
  facet normal 0 0 1
    outer loop
      vertex 16.6402 20.6 1.6
      vertex 12.2329 18.8798 1.6
      vertex 13.5765 17.5362 1.6
    endloop
  endfacet
  facet normal 0 0 1
    outer loop
      vertex 12.2329 18.8798 1.6
      vertex 9.97245 18.0149 1.6
      vertex 9.98528 17.8191 1.6
    endloop
  endfacet
  facet normal -0 0 1
    outer loop
      vertex 8.87351 19.268 1.6
      vertex 12.2329 18.8798 1.6
      vertex 16.6402 20.6 1.6
    endloop
  endfacet
  facet normal 0 0 1
    outer loop
      vertex 12.2329 18.8798 1.6
      vertex 9.93417 18.2073 1.6
      vertex 9.97245 18.0149 1.6
    endloop
  endfacet
  facet normal 0 0 1
    outer loop
      vertex 12.2329 18.8798 1.6
      vertex 9.8711 18.3931 1.6
      vertex 9.93417 18.2073 1.6
    endloop
  endfacet
  facet normal 0 0 1
    outer loop
      vertex 12.2329 18.8798 1.6
      vertex 9.78432 18.5691 1.6
      vertex 9.8711 18.3931 1.6
    endloop
  endfacet
  facet normal 0 0 1
    outer loop
      vertex 12.2329 18.8798 1.6
      vertex 9.67531 18.7322 1.6
      vertex 9.78432 18.5691 1.6
    endloop
  endfacet
  facet normal 0 0 1
    outer loop
      vertex 12.2329 18.8798 1.6
      vertex 9.54594 18.8798 1.6
      vertex 9.67531 18.7322 1.6
    endloop
  endfacet
  facet normal 0 0 1
    outer loop
      vertex 12.2329 18.8798 1.6
      vertex 9.39842 19.0091 1.6
      vertex 9.54594 18.8798 1.6
    endloop
  endfacet
  facet normal 0 0 1
    outer loop
      vertex 12.2329 18.8798 1.6
      vertex 9.23528 19.1181 1.6
      vertex 9.39842 19.0091 1.6
    endloop
  endfacet
  facet normal 0 0 1
    outer loop
      vertex 12.2329 18.8798 1.6
      vertex 9.05931 19.2049 1.6
      vertex 9.23528 19.1181 1.6
    endloop
  endfacet
  facet normal 0 0 1
    outer loop
      vertex 12.2329 18.8798 1.6
      vertex 8.87351 19.268 1.6
      vertex 9.05931 19.2049 1.6
    endloop
  endfacet
  facet normal 0 0 1
    outer loop
      vertex 16.6402 20.6 1.6
      vertex 8.68107 19.3063 1.6
      vertex 8.87351 19.268 1.6
    endloop
  endfacet
  facet normal 0 0 1
    outer loop
      vertex 16.6402 20.6 1.6
      vertex 8.48528 19.3191 1.6
      vertex 8.68107 19.3063 1.6
    endloop
  endfacet
  facet normal 0 0 1
    outer loop
      vertex 16.6402 20.6 1.6
      vertex 8.28949 19.3063 1.6
      vertex 8.48528 19.3191 1.6
    endloop
  endfacet
  facet normal 0 0 1
    outer loop
      vertex 6.99812 18.0149 1.6
      vertex 5.51543 14.2836 1.6
      vertex 6.98528 17.8191 1.6
    endloop
  endfacet
  facet normal 0 0 1
    outer loop
      vertex -8.55599 13.5057 1.6
      vertex 6.99812 18.0149 1.6
      vertex 7.03639 18.2073 1.6
    endloop
  endfacet
  facet normal 0 0 1
    outer loop
      vertex -8.55599 13.5057 1.6
      vertex 7.03639 18.2073 1.6
      vertex 7.09946 18.3931 1.6
    endloop
  endfacet
  facet normal 0 0 1
    outer loop
      vertex 6.99812 18.0149 1.6
      vertex -8.55599 13.5057 1.6
      vertex 5.51543 14.2836 1.6
    endloop
  endfacet
  facet normal 0 0 1
    outer loop
      vertex -8.55599 13.5057 1.6
      vertex 7.09946 18.3931 1.6
      vertex 7.18624 18.5691 1.6
    endloop
  endfacet
  facet normal 0 0 1
    outer loop
      vertex -12.6641 17.1508 1.6
      vertex 7.18624 18.5691 1.6
      vertex 7.29525 18.7322 1.6
    endloop
  endfacet
  facet normal 0 0 1
    outer loop
      vertex 5.51543 14.2836 1.6
      vertex -5.16188 10.1116 1.6
      vertex -4.38406 4.38406 1.6
    endloop
  endfacet
  facet normal 0 0 1
    outer loop
      vertex -12.9401 17.4655 1.6
      vertex 7.29525 18.7322 1.6
      vertex 7.42462 18.8798 1.6
    endloop
  endfacet
  facet normal 0 0 1
    outer loop
      vertex -13.2548 17.7415 1.6
      vertex 7.42462 18.8798 1.6
      vertex 7.57214 19.0091 1.6
    endloop
  endfacet
  facet normal 0 0 1
    outer loop
      vertex 5.51543 14.2836 1.6
      vertex -8.55599 13.5057 1.6
      vertex -5.16188 10.1116 1.6
    endloop
  endfacet
  facet normal 0 0 1
    outer loop
      vertex -13.6028 17.9741 1.6
      vertex 7.57214 19.0091 1.6
      vertex 7.73528 19.1181 1.6
    endloop
  endfacet
  facet normal 0 0 1
    outer loop
      vertex -17.6 20.6 1.6
      vertex 7.73528 19.1181 1.6
      vertex 7.91126 19.2049 1.6
    endloop
  endfacet
  facet normal 0 0 1
    outer loop
      vertex 7.18624 18.5691 1.6
      vertex -12.6641 17.1508 1.6
      vertex -8.55599 13.5057 1.6
    endloop
  endfacet
  facet normal 0 0 1
    outer loop
      vertex -17.6 20.6 1.6
      vertex 7.91126 19.2049 1.6
      vertex 8.09705 19.268 1.6
    endloop
  endfacet
  facet normal 0 0 1
    outer loop
      vertex -8.55599 13.5057 1.6
      vertex -12.0302 15.6205 1.6
      vertex -12.0028 15.2028 1.6
    endloop
  endfacet
  facet normal 0 0 1
    outer loop
      vertex -17.6 20.6 1.6
      vertex 8.09705 19.268 1.6
      vertex 8.28949 19.3063 1.6
    endloop
  endfacet
  facet normal 0 0 1
    outer loop
      vertex -8.55599 13.5057 1.6
      vertex -12.1118 16.031 1.6
      vertex -12.0302 15.6205 1.6
    endloop
  endfacet
  facet normal 0 0 1
    outer loop
      vertex -8.55599 13.5057 1.6
      vertex -12.2464 16.4274 1.6
      vertex -12.1118 16.031 1.6
    endloop
  endfacet
  facet normal -0 0 1
    outer loop
      vertex -17.6 20.6 1.6
      vertex 8.28949 19.3063 1.6
      vertex 16.6402 20.6 1.6
    endloop
  endfacet
  facet normal 0 0 1
    outer loop
      vertex -8.55599 13.5057 1.6
      vertex -12.4315 16.8028 1.6
      vertex -12.2464 16.4274 1.6
    endloop
  endfacet
  facet normal 0 0 1
    outer loop
      vertex -8.55599 13.5057 1.6
      vertex -12.6641 17.1508 1.6
      vertex -12.4315 16.8028 1.6
    endloop
  endfacet
  facet normal 0 0 1
    outer loop
      vertex 7.29525 18.7322 1.6
      vertex -12.9401 17.4655 1.6
      vertex -12.6641 17.1508 1.6
    endloop
  endfacet
  facet normal 0 0 1
    outer loop
      vertex 7.42462 18.8798 1.6
      vertex -13.2548 17.7415 1.6
      vertex -12.9401 17.4655 1.6
    endloop
  endfacet
  facet normal 0 0 1
    outer loop
      vertex 7.57214 19.0091 1.6
      vertex -13.6028 17.9741 1.6
      vertex -13.2548 17.7415 1.6
    endloop
  endfacet
  facet normal 0 0 1
    outer loop
      vertex 7.73528 19.1181 1.6
      vertex -17.6 20.6 1.6
      vertex -13.6028 17.9741 1.6
    endloop
  endfacet
  facet normal 0 0 1
    outer loop
      vertex -13.6028 17.9741 1.6
      vertex -17.6 20.6 1.6
      vertex -13.9782 18.1592 1.6
    endloop
  endfacet
  facet normal 0 0 1
    outer loop
      vertex -13.9782 18.1592 1.6
      vertex -17.6 20.6 1.6
      vertex -14.3746 18.2938 1.6
    endloop
  endfacet
  facet normal 0 0 1
    outer loop
      vertex -14.3746 18.2938 1.6
      vertex -17.6 20.6 1.6
      vertex -16.8582 19.0628 1.6
    endloop
  endfacet
  facet normal 0 0 1
    outer loop
      vertex -16.8582 19.0628 1.6
      vertex -17.6 20.6 1.6
      vertex -17.0892 19.1087 1.6
    endloop
  endfacet
  facet normal 0 0 1
    outer loop
      vertex -17.0892 19.1087 1.6
      vertex -17.6 20.6 1.6
      vertex -17.3241 19.1241 1.6
    endloop
  endfacet
  facet normal 0 0 1
    outer loop
      vertex -17.6 20.6 1.6
      vertex -17.5591 19.1087 1.6
      vertex -17.3241 19.1241 1.6
    endloop
  endfacet
  facet normal -0 0 1
    outer loop
      vertex -17.9916 20.5743 1.6
      vertex -17.5591 19.1087 1.6
      vertex -17.6 20.6 1.6
    endloop
  endfacet
  facet normal 0 0 1
    outer loop
      vertex -17.5591 19.1087 1.6
      vertex -17.9916 20.5743 1.6
      vertex -17.79 19.0628 1.6
    endloop
  endfacet
  facet normal -0 0 1
    outer loop
      vertex -18.3764 20.4978 1.6
      vertex -17.79 19.0628 1.6
      vertex -17.9916 20.5743 1.6
    endloop
  endfacet
  facet normal 0 0 1
    outer loop
      vertex -17.79 19.0628 1.6
      vertex -18.3764 20.4978 1.6
      vertex -18.0129 18.9871 1.6
    endloop
  endfacet
  facet normal -0 0 1
    outer loop
      vertex -18.748 20.3716 1.6
      vertex -18.0129 18.9871 1.6
      vertex -18.3764 20.4978 1.6
    endloop
  endfacet
  facet normal 0 0 1
    outer loop
      vertex -18.0129 18.9871 1.6
      vertex -18.748 20.3716 1.6
      vertex -18.2241 18.883 1.6
    endloop
  endfacet
  facet normal -0 0 1
    outer loop
      vertex -19.1 20.1981 1.6
      vertex -18.2241 18.883 1.6
      vertex -18.748 20.3716 1.6
    endloop
  endfacet
  facet normal 0 0 1
    outer loop
      vertex -18.2241 18.883 1.6
      vertex -19.1 20.1981 1.6
      vertex -18.4199 18.7522 1.6
    endloop
  endfacet
  facet normal -0 0 1
    outer loop
      vertex -19.4263 19.9801 1.6
      vertex -18.4199 18.7522 1.6
      vertex -19.1 20.1981 1.6
    endloop
  endfacet
  facet normal 0 0 1
    outer loop
      vertex -18.4199 18.7522 1.6
      vertex -19.4263 19.9801 1.6
      vertex -18.5969 18.5969 1.6
    endloop
  endfacet
  facet normal -0 0 1
    outer loop
      vertex -19.7213 19.7213 1.6
      vertex -18.5969 18.5969 1.6
      vertex -19.4263 19.9801 1.6
    endloop
  endfacet
  facet normal -0 0 1
    outer loop
      vertex -19.9801 19.4263 1.6
      vertex -18.5969 18.5969 1.6
      vertex -19.7213 19.7213 1.6
    endloop
  endfacet
  facet normal 0 0 1
    outer loop
      vertex -18.5969 18.5969 1.6
      vertex -19.9801 19.4263 1.6
      vertex -18.7522 18.4199 1.6
    endloop
  endfacet
  facet normal -0 0 1
    outer loop
      vertex -20.1981 19.1 1.6
      vertex -18.7522 18.4199 1.6
      vertex -19.9801 19.4263 1.6
    endloop
  endfacet
  facet normal 0 0 1
    outer loop
      vertex -18.7522 18.4199 1.6
      vertex -20.1981 19.1 1.6
      vertex -18.883 18.2241 1.6
    endloop
  endfacet
  facet normal 0 0 1
    outer loop
      vertex -18.2938 -14.3746 1.6
      vertex -20.6 -17.6 1.6
      vertex -19.0628 -16.8582 1.6
    endloop
  endfacet
  facet normal -0 0 1
    outer loop
      vertex -20.3716 18.748 1.6
      vertex -18.883 18.2241 1.6
      vertex -20.1981 19.1 1.6
    endloop
  endfacet
  facet normal 0 0 1
    outer loop
      vertex 9.97245 17.6233 1.6
      vertex 12.2329 18.8798 1.6
      vertex 9.98528 17.8191 1.6
    endloop
  endfacet
  facet normal 0 0 1
    outer loop
      vertex 9.93417 17.4309 1.6
      vertex 12.2329 18.8798 1.6
      vertex 9.97245 17.6233 1.6
    endloop
  endfacet
  facet normal 0 0 1
    outer loop
      vertex 9.8711 17.2451 1.6
      vertex 12.2329 18.8798 1.6
      vertex 9.93417 17.4309 1.6
    endloop
  endfacet
  facet normal 0 0 1
    outer loop
      vertex 9.78432 17.0691 1.6
      vertex 12.2329 18.8798 1.6
      vertex 9.8711 17.2451 1.6
    endloop
  endfacet
  facet normal 0 0 1
    outer loop
      vertex 9.67531 16.9059 1.6
      vertex 12.2329 18.8798 1.6
      vertex 9.78432 17.0691 1.6
    endloop
  endfacet
  facet normal 0 0 1
    outer loop
      vertex 9.54594 16.7584 1.6
      vertex 12.2329 18.8798 1.6
      vertex 9.67531 16.9059 1.6
    endloop
  endfacet
  facet normal 0 0 1
    outer loop
      vertex 7.56604 14.2128 1.6
      vertex 9.54594 16.7584 1.6
      vertex 9.39842 16.6291 1.6
    endloop
  endfacet
  facet normal -0 0 1
    outer loop
      vertex 9.54594 16.7584 1.6
      vertex 7.56604 14.2128 1.6
      vertex 12.2329 18.8798 1.6
    endloop
  endfacet
  facet normal -0 0 1
    outer loop
      vertex 9.23528 16.5201 1.6
      vertex 7.56604 14.2128 1.6
      vertex 9.39842 16.6291 1.6
    endloop
  endfacet
  facet normal -0 0 1
    outer loop
      vertex 9.05931 16.4333 1.6
      vertex 7.56604 14.2128 1.6
      vertex 9.23528 16.5201 1.6
    endloop
  endfacet
  facet normal -0 0 1
    outer loop
      vertex 8.87351 16.3702 1.6
      vertex 7.56604 14.2128 1.6
      vertex 9.05931 16.4333 1.6
    endloop
  endfacet
  facet normal -0 0 1
    outer loop
      vertex 8.68107 16.3319 1.6
      vertex 7.56604 14.2128 1.6
      vertex 8.87351 16.3702 1.6
    endloop
  endfacet
  facet normal -0 0 1
    outer loop
      vertex 8.48528 16.3191 1.6
      vertex 7.56604 14.2128 1.6
      vertex 8.68107 16.3319 1.6
    endloop
  endfacet
  facet normal 0 0 1
    outer loop
      vertex 8.28949 16.3319 1.6
      vertex 7.56604 14.2128 1.6
      vertex 8.48528 16.3191 1.6
    endloop
  endfacet
  facet normal 0 0 1
    outer loop
      vertex 8.09705 16.3702 1.6
      vertex 7.56604 14.2128 1.6
      vertex 8.28949 16.3319 1.6
    endloop
  endfacet
  facet normal 0 0 1
    outer loop
      vertex 7.91126 16.4333 1.6
      vertex 7.56604 14.2128 1.6
      vertex 8.09705 16.3702 1.6
    endloop
  endfacet
  facet normal 0 0 1
    outer loop
      vertex 7.73528 16.5201 1.6
      vertex 7.56604 14.2128 1.6
      vertex 7.91126 16.4333 1.6
    endloop
  endfacet
  facet normal 0 0 1
    outer loop
      vertex 7.57214 16.6291 1.6
      vertex 7.56604 14.2128 1.6
      vertex 7.73528 16.5201 1.6
    endloop
  endfacet
  facet normal 0 0 1
    outer loop
      vertex 5.51543 14.2836 1.6
      vertex 7.57214 16.6291 1.6
      vertex 7.42462 16.7584 1.6
    endloop
  endfacet
  facet normal 0 0 1
    outer loop
      vertex 7.56604 14.2128 1.6
      vertex 7.9196 11.8794 1.6
      vertex 8.90955 12.8693 1.6
    endloop
  endfacet
  facet normal 0 0 1
    outer loop
      vertex 5.51543 14.2836 1.6
      vertex 7.42462 16.7584 1.6
      vertex 7.29525 16.9059 1.6
    endloop
  endfacet
  facet normal 0 0 1
    outer loop
      vertex 5.51543 14.2836 1.6
      vertex 7.29525 16.9059 1.6
      vertex 7.18624 17.0691 1.6
    endloop
  endfacet
  facet normal 0 0 1
    outer loop
      vertex 5.51543 14.2836 1.6
      vertex 7.18624 17.0691 1.6
      vertex 7.09946 17.2451 1.6
    endloop
  endfacet
  facet normal 0 0 1
    outer loop
      vertex 7.57214 16.6291 1.6
      vertex 5.51543 14.2836 1.6
      vertex 7.56604 14.2128 1.6
    endloop
  endfacet
  facet normal 0 0 1
    outer loop
      vertex 5.51543 14.2836 1.6
      vertex 7.09946 17.2451 1.6
      vertex 7.03639 17.4309 1.6
    endloop
  endfacet
  facet normal 0 0 1
    outer loop
      vertex 5.51543 14.2836 1.6
      vertex 7.03639 17.4309 1.6
      vertex 6.99812 17.6233 1.6
    endloop
  endfacet
  facet normal 0 0 1
    outer loop
      vertex 7.56604 14.2128 1.6
      vertex 5.51543 14.2836 1.6
      vertex 7.9196 11.8794 1.6
    endloop
  endfacet
  facet normal 0 0 1
    outer loop
      vertex 5.51543 14.2836 1.6
      vertex 6.99812 17.6233 1.6
      vertex 6.98528 17.8191 1.6
    endloop
  endfacet
  facet normal 0 0 1
    outer loop
      vertex -4.38406 4.38406 1.6
      vertex -7.77817 0 1.6
      vertex -3.88909 3.88909 1.6
    endloop
  endfacet
  facet normal -0 0 1
    outer loop
      vertex -10.1116 5.16188 1.6
      vertex -4.38406 4.38406 1.6
      vertex -5.16188 10.1116 1.6
    endloop
  endfacet
  facet normal 0 0 1
    outer loop
      vertex -4.38406 4.38406 1.6
      vertex -10.1116 5.16188 1.6
      vertex -7.77817 0 1.6
    endloop
  endfacet
  facet normal 0 0 1
    outer loop
      vertex -5.10885 -2.66933 1.6
      vertex -7.77817 0 1.6
      vertex -5.81595 -3.37644 1.6
    endloop
  endfacet
  facet normal 0 0 1
    outer loop
      vertex 0 -7.77817 1.6
      vertex -12.0302 -14.7851 1.6
      vertex -12.0028 -15.2028 1.6
    endloop
  endfacet
  facet normal 0 0 1
    outer loop
      vertex -7.77817 0 1.6
      vertex -12.1118 -14.3746 1.6
      vertex -12.0302 -14.7851 1.6
    endloop
  endfacet
  facet normal 0 0 1
    outer loop
      vertex -7.77817 0 1.6
      vertex -12.2464 -13.9782 1.6
      vertex -12.1118 -14.3746 1.6
    endloop
  endfacet
  facet normal 0 0 1
    outer loop
      vertex -7.77817 0 1.6
      vertex -12.4315 -13.6028 1.6
      vertex -12.2464 -13.9782 1.6
    endloop
  endfacet
  facet normal 0 0 1
    outer loop
      vertex -7.77817 0 1.6
      vertex -12.6641 -13.2548 1.6
      vertex -12.4315 -13.6028 1.6
    endloop
  endfacet
  facet normal 0 0 1
    outer loop
      vertex -7.77817 0 1.6
      vertex -12.9401 -12.9401 1.6
      vertex -12.6641 -13.2548 1.6
    endloop
  endfacet
  facet normal 0 0 1
    outer loop
      vertex -7.77817 0 1.6
      vertex -13.2548 -12.6641 1.6
      vertex -12.9401 -12.9401 1.6
    endloop
  endfacet
  facet normal 0 0 1
    outer loop
      vertex -16.031 -12.1118 1.6
      vertex -10.1116 5.16188 1.6
      vertex -13.5057 8.55599 1.6
    endloop
  endfacet
  facet normal -0 0 1
    outer loop
      vertex -13.9782 12.2464 1.6
      vertex -13.5057 8.55599 1.6
      vertex -13.6028 12.4315 1.6
    endloop
  endfacet
  facet normal 0 0 1
    outer loop
      vertex -7.77817 0 1.6
      vertex -13.6028 -12.4315 1.6
      vertex -13.2548 -12.6641 1.6
    endloop
  endfacet
  facet normal -0 0 1
    outer loop
      vertex -14.3746 12.1118 1.6
      vertex -13.5057 8.55599 1.6
      vertex -13.9782 12.2464 1.6
    endloop
  endfacet
  facet normal 0 0 1
    outer loop
      vertex -7.77817 0 1.6
      vertex -13.9782 -12.2464 1.6
      vertex -13.6028 -12.4315 1.6
    endloop
  endfacet
  facet normal -0 0 1
    outer loop
      vertex -14.7851 12.0302 1.6
      vertex -13.5057 8.55599 1.6
      vertex -14.3746 12.1118 1.6
    endloop
  endfacet
  facet normal 0 0 1
    outer loop
      vertex -7.77817 0 1.6
      vertex -14.3746 -12.1118 1.6
      vertex -13.9782 -12.2464 1.6
    endloop
  endfacet
  facet normal -0 0 1
    outer loop
      vertex -15.2028 12.0028 1.6
      vertex -13.5057 8.55599 1.6
      vertex -14.7851 12.0302 1.6
    endloop
  endfacet
  facet normal 0 0 1
    outer loop
      vertex -7.77817 0 1.6
      vertex -14.7851 -12.0302 1.6
      vertex -14.3746 -12.1118 1.6
    endloop
  endfacet
  facet normal 0 0 1
    outer loop
      vertex -15.6205 12.0302 1.6
      vertex -13.5057 8.55599 1.6
      vertex -15.2028 12.0028 1.6
    endloop
  endfacet
  facet normal 0 0 1
    outer loop
      vertex -7.77817 0 1.6
      vertex -15.2028 -12.0028 1.6
      vertex -14.7851 -12.0302 1.6
    endloop
  endfacet
  facet normal 0 0 1
    outer loop
      vertex -16.031 12.1118 1.6
      vertex -13.5057 8.55599 1.6
      vertex -15.6205 12.0302 1.6
    endloop
  endfacet
  facet normal 0 0 1
    outer loop
      vertex -7.77817 0 1.6
      vertex -15.6205 -12.0302 1.6
      vertex -15.2028 -12.0028 1.6
    endloop
  endfacet
  facet normal 0 0 1
    outer loop
      vertex -16.4274 12.2464 1.6
      vertex -13.5057 8.55599 1.6
      vertex -16.031 12.1118 1.6
    endloop
  endfacet
  facet normal 0 0 1
    outer loop
      vertex -7.77817 0 1.6
      vertex -16.031 -12.1118 1.6
      vertex -15.6205 -12.0302 1.6
    endloop
  endfacet
  facet normal 0 0 1
    outer loop
      vertex -16.8028 12.4315 1.6
      vertex -13.5057 8.55599 1.6
      vertex -16.4274 12.2464 1.6
    endloop
  endfacet
  facet normal 0 0 1
    outer loop
      vertex -13.5057 8.55599 1.6
      vertex -16.4274 -12.2464 1.6
      vertex -16.031 -12.1118 1.6
    endloop
  endfacet
  facet normal 0 0 1
    outer loop
      vertex -17.1508 12.6641 1.6
      vertex -13.5057 8.55599 1.6
      vertex -16.8028 12.4315 1.6
    endloop
  endfacet
  facet normal 0 0 1
    outer loop
      vertex -13.5057 8.55599 1.6
      vertex -16.8028 -12.4315 1.6
      vertex -16.4274 -12.2464 1.6
    endloop
  endfacet
  facet normal 0 0 1
    outer loop
      vertex -17.1508 -12.6641 1.6
      vertex -13.5057 8.55599 1.6
      vertex -17.1508 12.6641 1.6
    endloop
  endfacet
  facet normal 0 0 1
    outer loop
      vertex -13.5057 8.55599 1.6
      vertex -17.1508 -12.6641 1.6
      vertex -16.8028 -12.4315 1.6
    endloop
  endfacet
  facet normal 0 0 1
    outer loop
      vertex -17.4655 12.9401 1.6
      vertex -17.1508 -12.6641 1.6
      vertex -17.1508 12.6641 1.6
    endloop
  endfacet
  facet normal 0 0 1
    outer loop
      vertex -17.4655 12.9401 1.6
      vertex -17.4655 -12.9401 1.6
      vertex -17.1508 -12.6641 1.6
    endloop
  endfacet
  facet normal 0 0 1
    outer loop
      vertex -17.7415 13.2548 1.6
      vertex -17.4655 -12.9401 1.6
      vertex -17.4655 12.9401 1.6
    endloop
  endfacet
  facet normal 0 0 1
    outer loop
      vertex -17.7415 13.2548 1.6
      vertex -17.7415 -13.2548 1.6
      vertex -17.4655 -12.9401 1.6
    endloop
  endfacet
  facet normal 0 0 1
    outer loop
      vertex -17.9741 13.6028 1.6
      vertex -17.7415 -13.2548 1.6
      vertex -17.7415 13.2548 1.6
    endloop
  endfacet
  facet normal 0 0 1
    outer loop
      vertex -17.9741 13.6028 1.6
      vertex -17.9741 -13.6028 1.6
      vertex -17.7415 -13.2548 1.6
    endloop
  endfacet
  facet normal 0 0 1
    outer loop
      vertex -20.6 17.6 1.6
      vertex -17.9741 13.6028 1.6
      vertex -18.1592 13.9782 1.6
    endloop
  endfacet
  facet normal 0 0 1
    outer loop
      vertex -17.9741 13.6028 1.6
      vertex -20.6 17.6 1.6
      vertex -17.9741 -13.6028 1.6
    endloop
  endfacet
  facet normal 0 0 1
    outer loop
      vertex -20.6 17.6 1.6
      vertex -18.1592 13.9782 1.6
      vertex -18.2938 14.3746 1.6
    endloop
  endfacet
  facet normal 0 0 1
    outer loop
      vertex -20.6 -17.6 1.6
      vertex -17.9741 -13.6028 1.6
      vertex -20.6 17.6 1.6
    endloop
  endfacet
  facet normal 0 0 1
    outer loop
      vertex -20.6 17.6 1.6
      vertex -18.2938 14.3746 1.6
      vertex -19.0628 16.8582 1.6
    endloop
  endfacet
  facet normal 0 0 1
    outer loop
      vertex -17.9741 -13.6028 1.6
      vertex -20.6 -17.6 1.6
      vertex -18.1592 -13.9782 1.6
    endloop
  endfacet
  facet normal 0 0 1
    outer loop
      vertex -20.6 17.6 1.6
      vertex -19.0628 16.8582 1.6
      vertex -19.1087 17.0892 1.6
    endloop
  endfacet
  facet normal 0 0 1
    outer loop
      vertex -18.1592 -13.9782 1.6
      vertex -20.6 -17.6 1.6
      vertex -18.2938 -14.3746 1.6
    endloop
  endfacet
  facet normal 0 0 1
    outer loop
      vertex -19.1087 17.5591 1.6
      vertex -20.6 17.6 1.6
      vertex -19.1241 17.3241 1.6
    endloop
  endfacet
  facet normal 0 0 1
    outer loop
      vertex -19.1241 17.3241 1.6
      vertex -20.6 17.6 1.6
      vertex -19.1087 17.0892 1.6
    endloop
  endfacet
  facet normal -0 0 1
    outer loop
      vertex -12.0302 14.7851 1.6
      vertex -8.55599 13.5057 1.6
      vertex -12.0028 15.2028 1.6
    endloop
  endfacet
  facet normal -0 0 1
    outer loop
      vertex -12.1118 14.3746 1.6
      vertex -8.55599 13.5057 1.6
      vertex -12.0302 14.7851 1.6
    endloop
  endfacet
  facet normal -0 0 1
    outer loop
      vertex -12.2464 13.9782 1.6
      vertex -8.55599 13.5057 1.6
      vertex -12.1118 14.3746 1.6
    endloop
  endfacet
  facet normal -0 0 1
    outer loop
      vertex -12.4315 13.6028 1.6
      vertex -8.55599 13.5057 1.6
      vertex -12.2464 13.9782 1.6
    endloop
  endfacet
  facet normal 0 0 1
    outer loop
      vertex -12.6641 13.2548 1.6
      vertex -8.55599 13.5057 1.6
      vertex -12.4315 13.6028 1.6
    endloop
  endfacet
  facet normal 0 0 1
    outer loop
      vertex -12.9401 12.9401 1.6
      vertex -8.55599 13.5057 1.6
      vertex -12.6641 13.2548 1.6
    endloop
  endfacet
  facet normal 0 0 1
    outer loop
      vertex -13.5057 8.55599 1.6
      vertex -12.9401 12.9401 1.6
      vertex -13.2548 12.6641 1.6
    endloop
  endfacet
  facet normal -0 0 1
    outer loop
      vertex -12.9401 12.9401 1.6
      vertex -13.5057 8.55599 1.6
      vertex -8.55599 13.5057 1.6
    endloop
  endfacet
  facet normal 0 -0 1
    outer loop
      vertex -13.5057 8.55599 1.6
      vertex -13.2548 12.6641 1.6
      vertex -13.6028 12.4315 1.6
    endloop
  endfacet
  facet normal -0 0 1
    outer loop
      vertex 17.9741 -13.6028 1.6
      vertex 20.6 -17.6 1.6
      vertex 19.1181 7.73528 1.6
    endloop
  endfacet
  facet normal 0 0 1
    outer loop
      vertex 20.6 -17.6 1.6
      vertex 19.1087 -17.0892 1.6
      vertex 19.1241 -17.3241 1.6
    endloop
  endfacet
  facet normal 0 0 1
    outer loop
      vertex 20.6 -17.6 1.6
      vertex 19.0628 -16.8582 1.6
      vertex 19.1087 -17.0892 1.6
    endloop
  endfacet
  facet normal 0 0 1
    outer loop
      vertex 17.9741 -13.6028 1.6
      vertex 19.1181 7.73528 1.6
      vertex 19.0091 7.57214 1.6
    endloop
  endfacet
  facet normal 0 0 1
    outer loop
      vertex 17.7415 -13.2548 1.6
      vertex 19.0091 7.57214 1.6
      vertex 18.8798 7.42462 1.6
    endloop
  endfacet
  facet normal 0 0 1
    outer loop
      vertex 17.4655 -12.9401 1.6
      vertex 18.8798 7.42462 1.6
      vertex 18.7322 7.29525 1.6
    endloop
  endfacet
  facet normal 0 0 1
    outer loop
      vertex 17.4655 -12.9401 1.6
      vertex 18.7322 7.29525 1.6
      vertex 18.5691 7.18624 1.6
    endloop
  endfacet
  facet normal 0 0 1
    outer loop
      vertex 13.5057 -8.55599 1.6
      vertex 18.5691 7.18624 1.6
      vertex 18.3931 7.09946 1.6
    endloop
  endfacet
  facet normal 0 0 1
    outer loop
      vertex 20.6 -17.6 1.6
      vertex 18.2938 -14.3746 1.6
      vertex 19.0628 -16.8582 1.6
    endloop
  endfacet
  facet normal 0 0 1
    outer loop
      vertex 13.5057 -8.55599 1.6
      vertex 18.3931 7.09946 1.6
      vertex 18.2073 7.03639 1.6
    endloop
  endfacet
  facet normal 0 0 1
    outer loop
      vertex 20.6 -17.6 1.6
      vertex 18.1592 -13.9782 1.6
      vertex 18.2938 -14.3746 1.6
    endloop
  endfacet
  facet normal 0 0 1
    outer loop
      vertex 13.5057 -8.55599 1.6
      vertex 18.2073 7.03639 1.6
      vertex 18.0149 6.99812 1.6
    endloop
  endfacet
  facet normal 0 0 1
    outer loop
      vertex 20.6 -17.6 1.6
      vertex 17.9741 -13.6028 1.6
      vertex 18.1592 -13.9782 1.6
    endloop
  endfacet
  facet normal 0 0 1
    outer loop
      vertex 14.2836 5.51543 1.6
      vertex 18.0149 6.99812 1.6
      vertex 17.8191 6.98528 1.6
    endloop
  endfacet
  facet normal 0 0 1
    outer loop
      vertex 19.0091 7.57214 1.6
      vertex 17.7415 -13.2548 1.6
      vertex 17.9741 -13.6028 1.6
    endloop
  endfacet
  facet normal 0 0 1
    outer loop
      vertex 14.2836 5.51543 1.6
      vertex 17.8191 6.98528 1.6
      vertex 17.6233 6.99812 1.6
    endloop
  endfacet
  facet normal 0 0 1
    outer loop
      vertex 18.8798 7.42462 1.6
      vertex 17.4655 -12.9401 1.6
      vertex 17.7415 -13.2548 1.6
    endloop
  endfacet
  facet normal 0 0 1
    outer loop
      vertex 14.2836 5.51543 1.6
      vertex 17.6233 6.99812 1.6
      vertex 17.4309 7.03639 1.6
    endloop
  endfacet
  facet normal 0 0 1
    outer loop
      vertex 14.2836 5.51543 1.6
      vertex 17.4309 7.03639 1.6
      vertex 17.2451 7.09946 1.6
    endloop
  endfacet
  facet normal 0 0 1
    outer loop
      vertex 18.5691 7.18624 1.6
      vertex 17.1508 -12.6641 1.6
      vertex 17.4655 -12.9401 1.6
    endloop
  endfacet
  facet normal 0 0 1
    outer loop
      vertex 14.2836 5.51543 1.6
      vertex 17.2451 7.09946 1.6
      vertex 17.0691 7.18624 1.6
    endloop
  endfacet
  facet normal 0 0 1
    outer loop
      vertex 14.2836 5.51543 1.6
      vertex 17.0691 7.18624 1.6
      vertex 16.9059 7.29525 1.6
    endloop
  endfacet
  facet normal 0 0 1
    outer loop
      vertex 18.5691 7.18624 1.6
      vertex 13.5057 -8.55599 1.6
      vertex 17.1508 -12.6641 1.6
    endloop
  endfacet
  facet normal 0 0 1
    outer loop
      vertex 14.2836 5.51543 1.6
      vertex 16.9059 7.29525 1.6
      vertex 16.7584 7.42462 1.6
    endloop
  endfacet
  facet normal 0 0 1
    outer loop
      vertex 14.2836 5.51543 1.6
      vertex 16.7584 7.42462 1.6
      vertex 16.6291 7.57214 1.6
    endloop
  endfacet
  facet normal 0 0 1
    outer loop
      vertex 14.2128 7.56604 1.6
      vertex 16.6291 7.57214 1.6
      vertex 16.5201 7.73528 1.6
    endloop
  endfacet
  facet normal 0 0 1
    outer loop
      vertex 14.2128 7.56604 1.6
      vertex 16.5201 7.73528 1.6
      vertex 16.4333 7.91126 1.6
    endloop
  endfacet
  facet normal 0 0 1
    outer loop
      vertex 18.0149 6.99812 1.6
      vertex 14.2836 5.51543 1.6
      vertex 13.5057 -8.55599 1.6
    endloop
  endfacet
  facet normal 0 0 1
    outer loop
      vertex 14.2128 7.56604 1.6
      vertex 16.4333 7.91126 1.6
      vertex 16.3702 8.09705 1.6
    endloop
  endfacet
  facet normal 0 0 1
    outer loop
      vertex 14.2128 7.56604 1.6
      vertex 16.3702 8.09705 1.6
      vertex 16.3319 8.28949 1.6
    endloop
  endfacet
  facet normal 0 0 1
    outer loop
      vertex 14.2128 7.56604 1.6
      vertex 16.3319 8.28949 1.6
      vertex 16.3191 8.48528 1.6
    endloop
  endfacet
  facet normal 0 0 1
    outer loop
      vertex 17.1508 -12.6641 1.6
      vertex 13.5057 -8.55599 1.6
      vertex 16.8028 -12.4315 1.6
    endloop
  endfacet
  facet normal -0 0 1
    outer loop
      vertex 19.3063 8.28949 1.6
      vertex 20.6 -17.6 1.6
      vertex 20.6 16.6402 1.6
    endloop
  endfacet
  facet normal -0 0 1
    outer loop
      vertex 19.268 8.09705 1.6
      vertex 20.6 -17.6 1.6
      vertex 19.3063 8.28949 1.6
    endloop
  endfacet
  facet normal -0 0 1
    outer loop
      vertex 19.2049 7.91126 1.6
      vertex 20.6 -17.6 1.6
      vertex 19.268 8.09705 1.6
    endloop
  endfacet
  facet normal -0 0 1
    outer loop
      vertex 19.1181 7.73528 1.6
      vertex 20.6 -17.6 1.6
      vertex 19.2049 7.91126 1.6
    endloop
  endfacet
  facet normal -0 0 1
    outer loop
      vertex 19.1087 -17.5591 1.6
      vertex 20.6 -17.6 1.6
      vertex 19.1241 -17.3241 1.6
    endloop
  endfacet
  facet normal 0 0 1
    outer loop
      vertex 20.6 -17.6 1.6
      vertex 19.1087 -17.5591 1.6
      vertex 20.5743 -17.9916 1.6
    endloop
  endfacet
  facet normal -0 0 1
    outer loop
      vertex 19.0628 -17.79 1.6
      vertex 20.5743 -17.9916 1.6
      vertex 19.1087 -17.5591 1.6
    endloop
  endfacet
  facet normal 0 0 1
    outer loop
      vertex 19.3063 8.28949 1.6
      vertex 20.6 16.6402 1.6
      vertex 19.3191 8.48528 1.6
    endloop
  endfacet
  facet normal 0 0 1
    outer loop
      vertex 20.6 16.6402 1.6
      vertex 19.3063 8.68107 1.6
      vertex 19.3191 8.48528 1.6
    endloop
  endfacet
  facet normal 0 0 1
    outer loop
      vertex 20.6 16.6402 1.6
      vertex 19.268 8.87351 1.6
      vertex 19.3063 8.68107 1.6
    endloop
  endfacet
  facet normal -0 0 1
    outer loop
      vertex 18.8798 12.2329 1.6
      vertex 19.268 8.87351 1.6
      vertex 20.6 16.6402 1.6
    endloop
  endfacet
  facet normal 0 0 1
    outer loop
      vertex 19.268 8.87351 1.6
      vertex 18.8798 12.2329 1.6
      vertex 19.2049 9.05931 1.6
    endloop
  endfacet
  facet normal 0 0 1
    outer loop
      vertex 19.2049 9.05931 1.6
      vertex 18.8798 12.2329 1.6
      vertex 19.1181 9.23528 1.6
    endloop
  endfacet
  facet normal 0 0 1
    outer loop
      vertex 19.1181 9.23528 1.6
      vertex 18.8798 12.2329 1.6
      vertex 19.0091 9.39842 1.6
    endloop
  endfacet
  facet normal 0 -0 1
    outer loop
      vertex 18.8798 12.2329 1.6
      vertex 20.6 16.6402 1.6
      vertex 17.5362 13.5765 1.6
    endloop
  endfacet
  facet normal 0 0 1
    outer loop
      vertex 20.5743 -17.9916 1.6
      vertex 19.0628 -17.79 1.6
      vertex 20.4978 -18.3764 1.6
    endloop
  endfacet
  facet normal 0 0 1
    outer loop
      vertex 20.4978 -18.3764 1.6
      vertex 18.9871 -18.0129 1.6
      vertex 20.3716 -18.748 1.6
    endloop
  endfacet
  facet normal -0 0 1
    outer loop
      vertex 18.9871 -18.0129 1.6
      vertex 20.4978 -18.3764 1.6
      vertex 19.0628 -17.79 1.6
    endloop
  endfacet
  facet normal -0 0 1
    outer loop
      vertex 18.883 -18.2241 1.6
      vertex 20.3716 -18.748 1.6
      vertex 18.9871 -18.0129 1.6
    endloop
  endfacet
  facet normal 0 0 1
    outer loop
      vertex 20.3716 -18.748 1.6
      vertex 18.883 -18.2241 1.6
      vertex 20.1981 -19.1 1.6
    endloop
  endfacet
  facet normal -0 0 1
    outer loop
      vertex 18.7522 -18.4199 1.6
      vertex 20.1981 -19.1 1.6
      vertex 18.883 -18.2241 1.6
    endloop
  endfacet
  facet normal 0 0 1
    outer loop
      vertex 20.1981 -19.1 1.6
      vertex 18.7522 -18.4199 1.6
      vertex 19.9801 -19.4263 1.6
    endloop
  endfacet
  facet normal -0 0 1
    outer loop
      vertex 18.5969 -18.5969 1.6
      vertex 19.9801 -19.4263 1.6
      vertex 18.7522 -18.4199 1.6
    endloop
  endfacet
  facet normal 0 0 1
    outer loop
      vertex 19.9801 -19.4263 1.6
      vertex 18.5969 -18.5969 1.6
      vertex 19.7213 -19.7213 1.6
    endloop
  endfacet
  facet normal 0 0 1
    outer loop
      vertex 19.7213 -19.7213 1.6
      vertex 18.5969 -18.5969 1.6
      vertex 19.4263 -19.9801 1.6
    endloop
  endfacet
  facet normal -0 0 1
    outer loop
      vertex 18.4199 -18.7522 1.6
      vertex 19.4263 -19.9801 1.6
      vertex 18.5969 -18.5969 1.6
    endloop
  endfacet
  facet normal 0 0 1
    outer loop
      vertex 19.4263 -19.9801 1.6
      vertex 18.4199 -18.7522 1.6
      vertex 19.1 -20.1981 1.6
    endloop
  endfacet
  facet normal -0 0 1
    outer loop
      vertex 18.2241 -18.883 1.6
      vertex 19.1 -20.1981 1.6
      vertex 18.4199 -18.7522 1.6
    endloop
  endfacet
  facet normal 0 0 1
    outer loop
      vertex 19.1 -20.1981 1.6
      vertex 18.2241 -18.883 1.6
      vertex 18.748 -20.3716 1.6
    endloop
  endfacet
  facet normal -0 0 1
    outer loop
      vertex 18.0129 -18.9871 1.6
      vertex 18.748 -20.3716 1.6
      vertex 18.2241 -18.883 1.6
    endloop
  endfacet
  facet normal 0 0 1
    outer loop
      vertex 18.748 -20.3716 1.6
      vertex 18.0129 -18.9871 1.6
      vertex 18.3764 -20.4978 1.6
    endloop
  endfacet
  facet normal -0 0 1
    outer loop
      vertex 17.79 -19.0628 1.6
      vertex 18.3764 -20.4978 1.6
      vertex 18.0129 -18.9871 1.6
    endloop
  endfacet
  facet normal 0 0 1
    outer loop
      vertex 18.3764 -20.4978 1.6
      vertex 17.79 -19.0628 1.6
      vertex 17.9916 -20.5743 1.6
    endloop
  endfacet
  facet normal -0 0 1
    outer loop
      vertex 17.5591 -19.1087 1.6
      vertex 17.9916 -20.5743 1.6
      vertex 17.79 -19.0628 1.6
    endloop
  endfacet
  facet normal 0 0 1
    outer loop
      vertex 17.9916 -20.5743 1.6
      vertex 17.5591 -19.1087 1.6
      vertex 17.6 -20.6 1.6
    endloop
  endfacet
  facet normal -0 0 1
    outer loop
      vertex 17.3241 -19.1241 1.6
      vertex 17.6 -20.6 1.6
      vertex 17.5591 -19.1087 1.6
    endloop
  endfacet
  facet normal 0 0 1
    outer loop
      vertex 17.0892 -19.1087 1.6
      vertex 17.6 -20.6 1.6
      vertex 17.3241 -19.1241 1.6
    endloop
  endfacet
  facet normal 0 0 1
    outer loop
      vertex 16.8582 -19.0628 1.6
      vertex 17.6 -20.6 1.6
      vertex 17.0892 -19.1087 1.6
    endloop
  endfacet
  facet normal 0 0 1
    outer loop
      vertex 14.3746 -18.2938 1.6
      vertex 17.6 -20.6 1.6
      vertex 16.8582 -19.0628 1.6
    endloop
  endfacet
  facet normal 0 0 1
    outer loop
      vertex 13.9782 -18.1592 1.6
      vertex 17.6 -20.6 1.6
      vertex 14.3746 -18.2938 1.6
    endloop
  endfacet
  facet normal 0 0 1
    outer loop
      vertex 13.6028 -17.9741 1.6
      vertex 17.6 -20.6 1.6
      vertex 13.9782 -18.1592 1.6
    endloop
  endfacet
  facet normal 0 0 1
    outer loop
      vertex 8.55599 -13.5057 1.6
      vertex 12.0302 -15.6205 1.6
      vertex 12.0028 -15.2028 1.6
    endloop
  endfacet
  facet normal 0 0 1
    outer loop
      vertex 8.55599 -13.5057 1.6
      vertex 12.1118 -16.031 1.6
      vertex 12.0302 -15.6205 1.6
    endloop
  endfacet
  facet normal 0 0 1
    outer loop
      vertex 8.55599 -13.5057 1.6
      vertex 12.2464 -16.4274 1.6
      vertex 12.1118 -16.031 1.6
    endloop
  endfacet
  facet normal 0 0 1
    outer loop
      vertex 8.55599 -13.5057 1.6
      vertex 12.4315 -16.8028 1.6
      vertex 12.2464 -16.4274 1.6
    endloop
  endfacet
  facet normal 0 0 1
    outer loop
      vertex 8.55599 -13.5057 1.6
      vertex 12.6641 -17.1508 1.6
      vertex 12.4315 -16.8028 1.6
    endloop
  endfacet
  facet normal 0 0 1
    outer loop
      vertex -12.6641 -17.1508 1.6
      vertex 12.6641 -17.1508 1.6
      vertex 8.55599 -13.5057 1.6
    endloop
  endfacet
  facet normal 0 0 1
    outer loop
      vertex 0 -7.77817 1.6
      vertex 4.38406 -4.38406 1.6
      vertex 3.88909 -3.88909 1.6
    endloop
  endfacet
  facet normal 0 0 1
    outer loop
      vertex 4.38406 -4.38406 1.6
      vertex 0 -7.77817 1.6
      vertex 5.16188 -10.1116 1.6
    endloop
  endfacet
  facet normal 0 0 1
    outer loop
      vertex -12.1118 -16.031 1.6
      vertex 5.16188 -10.1116 1.6
      vertex 0 -7.77817 1.6
    endloop
  endfacet
  facet normal 0 0 1
    outer loop
      vertex 5.16188 -10.1116 1.6
      vertex -12.1118 -16.031 1.6
      vertex 8.55599 -13.5057 1.6
    endloop
  endfacet
  facet normal 0 0 1
    outer loop
      vertex -12.4315 -16.8028 1.6
      vertex 8.55599 -13.5057 1.6
      vertex -12.2464 -16.4274 1.6
    endloop
  endfacet
  facet normal -0 0 1
    outer loop
      vertex -3.37644 -5.81595 1.6
      vertex 0 -7.77817 1.6
      vertex -2.66933 -5.10885 1.6
    endloop
  endfacet
  facet normal 0 0 1
    outer loop
      vertex -12.0302 -14.7851 1.6
      vertex 0 -7.77817 1.6
      vertex -3.37644 -5.81595 1.6
    endloop
  endfacet
  facet normal 0 0 1
    outer loop
      vertex -16.031 -12.1118 1.6
      vertex -7.77817 0 1.6
      vertex -10.1116 5.16188 1.6
    endloop
  endfacet
  facet normal 0 0 1
    outer loop
      vertex -12.0302 -14.7851 1.6
      vertex -5.81595 -3.37644 1.6
      vertex -7.77817 0 1.6
    endloop
  endfacet
  facet normal 0 0 1
    outer loop
      vertex -12.0302 -14.7851 1.6
      vertex -3.37644 -5.81595 1.6
      vertex -5.81595 -3.37644 1.6
    endloop
  endfacet
  facet normal 0 0 1
    outer loop
      vertex 0 -7.77817 1.6
      vertex -12.0028 -15.2028 1.6
      vertex -12.0302 -15.6205 1.6
    endloop
  endfacet
  facet normal 0 0 1
    outer loop
      vertex -12.1118 -16.031 1.6
      vertex 0 -7.77817 1.6
      vertex -12.0302 -15.6205 1.6
    endloop
  endfacet
  facet normal 0 0 1
    outer loop
      vertex 8.55599 -13.5057 1.6
      vertex -12.1118 -16.031 1.6
      vertex -12.2464 -16.4274 1.6
    endloop
  endfacet
  facet normal 0 0 1
    outer loop
      vertex -12.6641 -17.1508 1.6
      vertex 8.55599 -13.5057 1.6
      vertex -12.4315 -16.8028 1.6
    endloop
  endfacet
  facet normal 0 0 1
    outer loop
      vertex 12.6641 -17.1508 1.6
      vertex -12.6641 -17.1508 1.6
      vertex 12.9401 -17.4655 1.6
    endloop
  endfacet
  facet normal 0 0 1
    outer loop
      vertex -12.9401 -17.4655 1.6
      vertex 12.9401 -17.4655 1.6
      vertex -12.6641 -17.1508 1.6
    endloop
  endfacet
  facet normal 0 0 1
    outer loop
      vertex 12.9401 -17.4655 1.6
      vertex -12.9401 -17.4655 1.6
      vertex 13.2548 -17.7415 1.6
    endloop
  endfacet
  facet normal 0 0 1
    outer loop
      vertex -13.2548 -17.7415 1.6
      vertex 13.2548 -17.7415 1.6
      vertex -12.9401 -17.4655 1.6
    endloop
  endfacet
  facet normal 0 0 1
    outer loop
      vertex 13.2548 -17.7415 1.6
      vertex -13.2548 -17.7415 1.6
      vertex 13.6028 -17.9741 1.6
    endloop
  endfacet
  facet normal 0 0 1
    outer loop
      vertex -13.6028 -17.9741 1.6
      vertex 13.6028 -17.9741 1.6
      vertex -13.2548 -17.7415 1.6
    endloop
  endfacet
  facet normal 0 0 1
    outer loop
      vertex 13.6028 -17.9741 1.6
      vertex -13.6028 -17.9741 1.6
      vertex 17.6 -20.6 1.6
    endloop
  endfacet
  facet normal 0 0 1
    outer loop
      vertex -17.6 -20.6 1.6
      vertex -13.6028 -17.9741 1.6
      vertex -13.9782 -18.1592 1.6
    endloop
  endfacet
  facet normal 0 0 1
    outer loop
      vertex -17.6 -20.6 1.6
      vertex -13.9782 -18.1592 1.6
      vertex -14.3746 -18.2938 1.6
    endloop
  endfacet
  facet normal 0 0 1
    outer loop
      vertex -17.6 -20.6 1.6
      vertex -14.3746 -18.2938 1.6
      vertex -16.8582 -19.0628 1.6
    endloop
  endfacet
  facet normal 0 0 1
    outer loop
      vertex -17.6 -20.6 1.6
      vertex -16.8582 -19.0628 1.6
      vertex -17.0892 -19.1087 1.6
    endloop
  endfacet
  facet normal 0 0 1
    outer loop
      vertex -17.6 -20.6 1.6
      vertex -17.0892 -19.1087 1.6
      vertex -17.3241 -19.1241 1.6
    endloop
  endfacet
  facet normal 0 0 1
    outer loop
      vertex -13.6028 -17.9741 1.6
      vertex -17.6 -20.6 1.6
      vertex 17.6 -20.6 1.6
    endloop
  endfacet
  facet normal 0 0 1
    outer loop
      vertex -17.5591 -19.1087 1.6
      vertex -17.6 -20.6 1.6
      vertex -17.3241 -19.1241 1.6
    endloop
  endfacet
  facet normal 0 0 1
    outer loop
      vertex -17.9916 -20.5743 1.6
      vertex -17.5591 -19.1087 1.6
      vertex -17.79 -19.0628 1.6
    endloop
  endfacet
  facet normal 0 0 1
    outer loop
      vertex -17.5591 -19.1087 1.6
      vertex -17.9916 -20.5743 1.6
      vertex -17.6 -20.6 1.6
    endloop
  endfacet
  facet normal 0 0 1
    outer loop
      vertex -18.3764 -20.4978 1.6
      vertex -17.79 -19.0628 1.6
      vertex -18.0129 -18.9871 1.6
    endloop
  endfacet
  facet normal 0 0 1
    outer loop
      vertex -18.748 -20.3716 1.6
      vertex -18.0129 -18.9871 1.6
      vertex -18.2241 -18.883 1.6
    endloop
  endfacet
  facet normal 0 0 1
    outer loop
      vertex -17.79 -19.0628 1.6
      vertex -18.3764 -20.4978 1.6
      vertex -17.9916 -20.5743 1.6
    endloop
  endfacet
  facet normal 0 0 1
    outer loop
      vertex -19.1 -20.1981 1.6
      vertex -18.2241 -18.883 1.6
      vertex -18.4199 -18.7522 1.6
    endloop
  endfacet
  facet normal 0 0 1
    outer loop
      vertex -19.4263 -19.9801 1.6
      vertex -18.4199 -18.7522 1.6
      vertex -18.5969 -18.5969 1.6
    endloop
  endfacet
  facet normal 0 0 1
    outer loop
      vertex -18.0129 -18.9871 1.6
      vertex -18.748 -20.3716 1.6
      vertex -18.3764 -20.4978 1.6
    endloop
  endfacet
  facet normal 0 0 1
    outer loop
      vertex -19.9801 -19.4263 1.6
      vertex -18.5969 -18.5969 1.6
      vertex -18.7522 -18.4199 1.6
    endloop
  endfacet
  facet normal 0 0 1
    outer loop
      vertex -20.1981 -19.1 1.6
      vertex -18.7522 -18.4199 1.6
      vertex -18.883 -18.2241 1.6
    endloop
  endfacet
  facet normal 0 0 1
    outer loop
      vertex -20.3716 -18.748 1.6
      vertex -18.883 -18.2241 1.6
      vertex -18.9871 -18.0129 1.6
    endloop
  endfacet
  facet normal 0 0 1
    outer loop
      vertex -20.4978 -18.3764 1.6
      vertex -18.9871 -18.0129 1.6
      vertex -19.0628 -17.79 1.6
    endloop
  endfacet
  facet normal 0 0 1
    outer loop
      vertex -18.2241 -18.883 1.6
      vertex -19.1 -20.1981 1.6
      vertex -18.748 -20.3716 1.6
    endloop
  endfacet
  facet normal 0 0 1
    outer loop
      vertex -20.5743 -17.9916 1.6
      vertex -19.0628 -17.79 1.6
      vertex -19.1087 -17.5591 1.6
    endloop
  endfacet
  facet normal 0 0 1
    outer loop
      vertex -20.6 -17.6 1.6
      vertex -19.1087 -17.5591 1.6
      vertex -19.1241 -17.3241 1.6
    endloop
  endfacet
  facet normal 0 0 1
    outer loop
      vertex -18.4199 -18.7522 1.6
      vertex -19.4263 -19.9801 1.6
      vertex -19.1 -20.1981 1.6
    endloop
  endfacet
  facet normal 0 0 1
    outer loop
      vertex -19.0628 -16.8582 1.6
      vertex -20.6 -17.6 1.6
      vertex -19.1087 -17.0892 1.6
    endloop
  endfacet
  facet normal 0 0 1
    outer loop
      vertex -18.883 18.2241 1.6
      vertex -20.3716 18.748 1.6
      vertex -18.9871 18.0129 1.6
    endloop
  endfacet
  facet normal 0 0 1
    outer loop
      vertex -19.1087 -17.0892 1.6
      vertex -20.6 -17.6 1.6
      vertex -19.1241 -17.3241 1.6
    endloop
  endfacet
  facet normal -0 0 1
    outer loop
      vertex -20.4978 18.3764 1.6
      vertex -18.9871 18.0129 1.6
      vertex -20.3716 18.748 1.6
    endloop
  endfacet
  facet normal 0 0 1
    outer loop
      vertex -19.1087 -17.5591 1.6
      vertex -20.6 -17.6 1.6
      vertex -20.5743 -17.9916 1.6
    endloop
  endfacet
  facet normal 0 0 1
    outer loop
      vertex -18.9871 18.0129 1.6
      vertex -20.4978 18.3764 1.6
      vertex -19.0628 17.79 1.6
    endloop
  endfacet
  facet normal 0 0 1
    outer loop
      vertex -18.5969 -18.5969 1.6
      vertex -19.7213 -19.7213 1.6
      vertex -19.4263 -19.9801 1.6
    endloop
  endfacet
  facet normal -0 0 1
    outer loop
      vertex -20.5743 17.9916 1.6
      vertex -19.0628 17.79 1.6
      vertex -20.4978 18.3764 1.6
    endloop
  endfacet
  facet normal 0 0 1
    outer loop
      vertex -18.5969 -18.5969 1.6
      vertex -19.9801 -19.4263 1.6
      vertex -19.7213 -19.7213 1.6
    endloop
  endfacet
  facet normal 0 0 1
    outer loop
      vertex -19.0628 17.79 1.6
      vertex -20.5743 17.9916 1.6
      vertex -19.1087 17.5591 1.6
    endloop
  endfacet
  facet normal 0 0 1
    outer loop
      vertex -18.7522 -18.4199 1.6
      vertex -20.1981 -19.1 1.6
      vertex -19.9801 -19.4263 1.6
    endloop
  endfacet
  facet normal 0 0 1
    outer loop
      vertex -19.1087 17.5591 1.6
      vertex -20.5743 17.9916 1.6
      vertex -20.6 17.6 1.6
    endloop
  endfacet
  facet normal 0 0 1
    outer loop
      vertex -18.883 -18.2241 1.6
      vertex -20.3716 -18.748 1.6
      vertex -20.1981 -19.1 1.6
    endloop
  endfacet
  facet normal 0 0 1
    outer loop
      vertex -18.9871 -18.0129 1.6
      vertex -20.4978 -18.3764 1.6
      vertex -20.3716 -18.748 1.6
    endloop
  endfacet
  facet normal 0 0 1
    outer loop
      vertex -19.0628 -17.79 1.6
      vertex -20.5743 -17.9916 1.6
      vertex -20.4978 -18.3764 1.6
    endloop
  endfacet
  facet normal 0 0 1
    outer loop
      vertex 18.8798 12.2329 1.6
      vertex 18.8798 9.54594 1.6
      vertex 19.0091 9.39842 1.6
    endloop
  endfacet
  facet normal 0 0 1
    outer loop
      vertex 18.8798 12.2329 1.6
      vertex 18.7322 9.67531 1.6
      vertex 18.8798 9.54594 1.6
    endloop
  endfacet
  facet normal 0 0 1
    outer loop
      vertex 18.8798 12.2329 1.6
      vertex 18.5691 9.78432 1.6
      vertex 18.7322 9.67531 1.6
    endloop
  endfacet
  facet normal 0 0 1
    outer loop
      vertex 18.8798 12.2329 1.6
      vertex 18.3931 9.8711 1.6
      vertex 18.5691 9.78432 1.6
    endloop
  endfacet
  facet normal 0 0 1
    outer loop
      vertex 18.8798 12.2329 1.6
      vertex 18.2073 9.93417 1.6
      vertex 18.3931 9.8711 1.6
    endloop
  endfacet
  facet normal 0 0 1
    outer loop
      vertex 18.8798 12.2329 1.6
      vertex 18.0149 9.97245 1.6
      vertex 18.2073 9.93417 1.6
    endloop
  endfacet
  facet normal 0 0 1
    outer loop
      vertex 18.8798 12.2329 1.6
      vertex 17.8191 9.98528 1.6
      vertex 18.0149 9.97245 1.6
    endloop
  endfacet
  facet normal 0 0 1
    outer loop
      vertex 18.8798 12.2329 1.6
      vertex 17.6233 9.97245 1.6
      vertex 17.8191 9.98528 1.6
    endloop
  endfacet
  facet normal 0 0 1
    outer loop
      vertex 18.8798 12.2329 1.6
      vertex 17.4309 9.93417 1.6
      vertex 17.6233 9.97245 1.6
    endloop
  endfacet
  facet normal 0 0 1
    outer loop
      vertex 18.8798 12.2329 1.6
      vertex 17.2451 9.8711 1.6
      vertex 17.4309 9.93417 1.6
    endloop
  endfacet
  facet normal 0 0 1
    outer loop
      vertex 18.8798 12.2329 1.6
      vertex 17.0691 9.78432 1.6
      vertex 17.2451 9.8711 1.6
    endloop
  endfacet
  facet normal 0 0 1
    outer loop
      vertex 18.8798 12.2329 1.6
      vertex 16.9059 9.67531 1.6
      vertex 17.0691 9.78432 1.6
    endloop
  endfacet
  facet normal 0 0 1
    outer loop
      vertex 18.8798 12.2329 1.6
      vertex 16.7584 9.54594 1.6
      vertex 16.9059 9.67531 1.6
    endloop
  endfacet
  facet normal 0 0 1
    outer loop
      vertex 14.2128 7.56604 1.6
      vertex 16.7584 9.54594 1.6
      vertex 18.8798 12.2329 1.6
    endloop
  endfacet
  facet normal 0 0 1
    outer loop
      vertex 16.8028 -12.4315 1.6
      vertex 13.5057 -8.55599 1.6
      vertex 16.4274 -12.2464 1.6
    endloop
  endfacet
  facet normal 0 0 1
    outer loop
      vertex 16.4274 -12.2464 1.6
      vertex 13.5057 -8.55599 1.6
      vertex 16.031 -12.1118 1.6
    endloop
  endfacet
  facet normal 0 0 1
    outer loop
      vertex 15.6205 -12.0302 1.6
      vertex 13.5057 -8.55599 1.6
      vertex 15.2028 -12.0028 1.6
    endloop
  endfacet
  facet normal 0 0 1
    outer loop
      vertex 14.2128 7.56604 1.6
      vertex 16.3191 8.48528 1.6
      vertex 16.3319 8.68107 1.6
    endloop
  endfacet
  facet normal 0 0 1
    outer loop
      vertex 15.2028 -12.0028 1.6
      vertex 13.5057 -8.55599 1.6
      vertex 14.7851 -12.0302 1.6
    endloop
  endfacet
  facet normal 0 0 1
    outer loop
      vertex 16.031 -12.1118 1.6
      vertex 13.5057 -8.55599 1.6
      vertex 15.6205 -12.0302 1.6
    endloop
  endfacet
  facet normal 0 0 1
    outer loop
      vertex 14.2128 7.56604 1.6
      vertex 16.3319 8.68107 1.6
      vertex 16.3702 8.87351 1.6
    endloop
  endfacet
  facet normal 0 0 1
    outer loop
      vertex 14.2128 7.56604 1.6
      vertex 16.3702 8.87351 1.6
      vertex 16.4333 9.05931 1.6
    endloop
  endfacet
  facet normal 0 0 1
    outer loop
      vertex 14.2128 7.56604 1.6
      vertex 16.4333 9.05931 1.6
      vertex 16.5201 9.23528 1.6
    endloop
  endfacet
  facet normal 0 0 1
    outer loop
      vertex 16.7584 9.54594 1.6
      vertex 14.2128 7.56604 1.6
      vertex 16.6291 9.39842 1.6
    endloop
  endfacet
  facet normal 0 0 1
    outer loop
      vertex 14.2128 7.56604 1.6
      vertex 16.5201 9.23528 1.6
      vertex 16.6291 9.39842 1.6
    endloop
  endfacet
  facet normal 0 0 1
    outer loop
      vertex 16.6291 7.57214 1.6
      vertex 14.2128 7.56604 1.6
      vertex 14.2836 5.51543 1.6
    endloop
  endfacet
  facet normal -0 0 1
    outer loop
      vertex 11.8794 7.9196 1.6
      vertex 14.2128 7.56604 1.6
      vertex 12.8693 8.90955 1.6
    endloop
  endfacet
  facet normal 0 0 1
    outer loop
      vertex 14.2128 7.56604 1.6
      vertex 11.8794 7.9196 1.6
      vertex 14.2836 5.51543 1.6
    endloop
  endfacet
  facet normal 0 0 1
    outer loop
      vertex 14.7851 -12.0302 1.6
      vertex 13.5057 -8.55599 1.6
      vertex 14.3746 -12.1118 1.6
    endloop
  endfacet
  facet normal 0 0 1
    outer loop
      vertex 14.3746 -12.1118 1.6
      vertex 13.5057 -8.55599 1.6
      vertex 13.9782 -12.2464 1.6
    endloop
  endfacet
  facet normal 0 0 1
    outer loop
      vertex 13.9782 -12.2464 1.6
      vertex 13.5057 -8.55599 1.6
      vertex 13.6028 -12.4315 1.6
    endloop
  endfacet
  facet normal 0 0 1
    outer loop
      vertex 14.2836 5.51543 1.6
      vertex 10.1116 -5.16188 1.6
      vertex 13.5057 -8.55599 1.6
    endloop
  endfacet
  facet normal -0 0 1
    outer loop
      vertex 4.38406 -4.38406 1.6
      vertex 10.1116 -5.16188 1.6
      vertex 14.2836 5.51543 1.6
    endloop
  endfacet
  facet normal 0 0 1
    outer loop
      vertex 10.1116 -5.16188 1.6
      vertex 4.38406 -4.38406 1.6
      vertex 5.16188 -10.1116 1.6
    endloop
  endfacet
  facet normal 0 0 1
    outer loop
      vertex 13.5057 -8.55599 1.6
      vertex 13.2548 -12.6641 1.6
      vertex 13.6028 -12.4315 1.6
    endloop
  endfacet
  facet normal 0 0 1
    outer loop
      vertex 13.5057 -8.55599 1.6
      vertex 12.9401 -12.9401 1.6
      vertex 13.2548 -12.6641 1.6
    endloop
  endfacet
  facet normal 0 0 1
    outer loop
      vertex 8.55599 -13.5057 1.6
      vertex 12.9401 -12.9401 1.6
      vertex 13.5057 -8.55599 1.6
    endloop
  endfacet
  facet normal 0 0 1
    outer loop
      vertex 12.9401 -12.9401 1.6
      vertex 8.55599 -13.5057 1.6
      vertex 12.6641 -13.2548 1.6
    endloop
  endfacet
  facet normal 0 0 1
    outer loop
      vertex 12.6641 -13.2548 1.6
      vertex 8.55599 -13.5057 1.6
      vertex 12.4315 -13.6028 1.6
    endloop
  endfacet
  facet normal 0 0 1
    outer loop
      vertex 12.4315 -13.6028 1.6
      vertex 8.55599 -13.5057 1.6
      vertex 12.2464 -13.9782 1.6
    endloop
  endfacet
  facet normal 0 0 1
    outer loop
      vertex 12.0302 -14.7851 1.6
      vertex 8.55599 -13.5057 1.6
      vertex 12.0028 -15.2028 1.6
    endloop
  endfacet
  facet normal 0 0 1
    outer loop
      vertex 12.1118 -14.3746 1.6
      vertex 8.55599 -13.5057 1.6
      vertex 12.0302 -14.7851 1.6
    endloop
  endfacet
  facet normal 0 0 1
    outer loop
      vertex 12.2464 -13.9782 1.6
      vertex 8.55599 -13.5057 1.6
      vertex 12.1118 -14.3746 1.6
    endloop
  endfacet
  facet normal 0.896961 -0.44211 0
    outer loop
      vertex 20.1981 -19.1 1.6
      vertex 20.3716 -18.748 0.4
      vertex 20.3716 -18.748 1.6
    endloop
  endfacet
  facet normal 0.896961 -0.44211 0
    outer loop
      vertex 20.3716 -18.748 0.4
      vertex 20.1981 -19.1 1.6
      vertex 20.1981 -19.1 0.4
    endloop
  endfacet
  facet normal 0.751724 -0.659478 0
    outer loop
      vertex 19.7213 -19.7213 1.6
      vertex 19.9801 -19.4263 0.4
      vertex 19.9801 -19.4263 1.6
    endloop
  endfacet
  facet normal 0.751724 -0.659478 0
    outer loop
      vertex 19.9801 -19.4263 0.4
      vertex 19.7213 -19.7213 1.6
      vertex 19.7213 -19.7213 0.4
    endloop
  endfacet
  facet normal -0.321574 -0.946885 0
    outer loop
      vertex -18.748 -20.3716 0.4
      vertex -18.3764 -20.4978 1.6
      vertex -18.748 -20.3716 1.6
    endloop
  endfacet
  facet normal -0.321574 -0.946885 -0
    outer loop
      vertex -18.3764 -20.4978 1.6
      vertex -18.748 -20.3716 0.4
      vertex -18.3764 -20.4978 0.4
    endloop
  endfacet
  facet normal -0.44211 0.896961 0
    outer loop
      vertex -18.748 20.3716 0.4
      vertex -19.1 20.1981 1.6
      vertex -18.748 20.3716 1.6
    endloop
  endfacet
  facet normal -0.44211 0.896961 0
    outer loop
      vertex -19.1 20.1981 1.6
      vertex -18.748 20.3716 0.4
      vertex -19.1 20.1981 0.4
    endloop
  endfacet
  facet normal 0.831501 -0.555523 0
    outer loop
      vertex 19.9801 -19.4263 1.6
      vertex 20.1981 -19.1 0.4
      vertex 20.1981 -19.1 1.6
    endloop
  endfacet
  facet normal 0.831501 -0.555523 0
    outer loop
      vertex 20.1981 -19.1 0.4
      vertex 19.9801 -19.4263 1.6
      vertex 19.9801 -19.4263 0.4
    endloop
  endfacet
  facet normal -0.751724 -0.659478 0
    outer loop
      vertex -19.7213 -19.7213 0.4
      vertex -19.9801 -19.4263 1.6
      vertex -19.9801 -19.4263 0.4
    endloop
  endfacet
  facet normal -0.751724 -0.659478 0
    outer loop
      vertex -19.9801 -19.4263 1.6
      vertex -19.7213 -19.7213 0.4
      vertex -19.7213 -19.7213 1.6
    endloop
  endfacet
  facet normal 0.44211 -0.896961 0
    outer loop
      vertex 18.748 -20.3716 0.4
      vertex 19.1 -20.1981 1.6
      vertex 18.748 -20.3716 1.6
    endloop
  endfacet
  facet normal 0.44211 -0.896961 0
    outer loop
      vertex 19.1 -20.1981 1.6
      vertex 18.748 -20.3716 0.4
      vertex 19.1 -20.1981 0.4
    endloop
  endfacet
  facet normal -0.896961 0.44211 0
    outer loop
      vertex -20.3716 18.748 0.4
      vertex -20.1981 19.1 1.6
      vertex -20.1981 19.1 0.4
    endloop
  endfacet
  facet normal -0.896961 0.44211 0
    outer loop
      vertex -20.1981 19.1 1.6
      vertex -20.3716 18.748 0.4
      vertex -20.3716 18.748 1.6
    endloop
  endfacet
  facet normal 0 -1 0
    outer loop
      vertex -17.6 -20.6 0.4
      vertex 17.6 -20.6 1.6
      vertex -17.6 -20.6 1.6
    endloop
  endfacet
  facet normal 0 -1 -0
    outer loop
      vertex 17.6 -20.6 1.6
      vertex -17.6 -20.6 0.4
      vertex 17.6 -20.6 0.4
    endloop
  endfacet
  facet normal -0.896961 -0.44211 0
    outer loop
      vertex -20.1981 -19.1 0.4
      vertex -20.3716 -18.748 1.6
      vertex -20.3716 -18.748 0.4
    endloop
  endfacet
  facet normal -0.896961 -0.44211 0
    outer loop
      vertex -20.3716 -18.748 1.6
      vertex -20.1981 -19.1 0.4
      vertex -20.1981 -19.1 1.6
    endloop
  endfacet
  facet normal 0.321574 -0.946885 0
    outer loop
      vertex 18.3764 -20.4978 0.4
      vertex 18.748 -20.3716 1.6
      vertex 18.3764 -20.4978 1.6
    endloop
  endfacet
  facet normal 0.321574 -0.946885 0
    outer loop
      vertex 18.748 -20.3716 1.6
      vertex 18.3764 -20.4978 0.4
      vertex 18.748 -20.3716 0.4
    endloop
  endfacet
  facet normal 0.946885 -0.321574 0
    outer loop
      vertex 20.3716 -18.748 1.6
      vertex 20.4978 -18.3764 0.4
      vertex 20.4978 -18.3764 1.6
    endloop
  endfacet
  facet normal 0.946885 -0.321574 0
    outer loop
      vertex 20.4978 -18.3764 0.4
      vertex 20.3716 -18.748 1.6
      vertex 20.3716 -18.748 0.4
    endloop
  endfacet
  facet normal 0.997853 -0.0654873 0
    outer loop
      vertex 20.5743 -17.9916 1.6
      vertex 20.6 -17.6 0.4
      vertex 20.6 -17.6 1.6
    endloop
  endfacet
  facet normal 0.997853 -0.0654873 0
    outer loop
      vertex 20.6 -17.6 0.4
      vertex 20.5743 -17.9916 1.6
      vertex 20.5743 -17.9916 0.4
    endloop
  endfacet
  facet normal -0.194989 0.980806 0
    outer loop
      vertex -17.9916 20.5743 0.4
      vertex -18.3764 20.4978 1.6
      vertex -17.9916 20.5743 1.6
    endloop
  endfacet
  facet normal -0.194989 0.980806 0
    outer loop
      vertex -18.3764 20.4978 1.6
      vertex -17.9916 20.5743 0.4
      vertex -18.3764 20.4978 0.4
    endloop
  endfacet
  facet normal -0.831501 0.555523 0
    outer loop
      vertex -20.1981 19.1 0.4
      vertex -19.9801 19.4263 1.6
      vertex -19.9801 19.4263 0.4
    endloop
  endfacet
  facet normal -0.831501 0.555523 0
    outer loop
      vertex -19.9801 19.4263 1.6
      vertex -20.1981 19.1 0.4
      vertex -20.1981 19.1 1.6
    endloop
  endfacet
  facet normal -0.555523 0.831501 0
    outer loop
      vertex -19.1 20.1981 0.4
      vertex -19.4263 19.9801 1.6
      vertex -19.1 20.1981 1.6
    endloop
  endfacet
  facet normal -0.555523 0.831501 0
    outer loop
      vertex -19.4263 19.9801 1.6
      vertex -19.1 20.1981 0.4
      vertex -19.4263 19.9801 0.4
    endloop
  endfacet
  facet normal 0 1 -0
    outer loop
      vertex 16.6402 20.6 0.4
      vertex -17.6 20.6 1.6
      vertex 16.6402 20.6 1.6
    endloop
  endfacet
  facet normal 0 1 0
    outer loop
      vertex -17.6 20.6 1.6
      vertex 16.6402 20.6 0.4
      vertex -17.6 20.6 0.4
    endloop
  endfacet
  facet normal -0.659478 -0.751724 0
    outer loop
      vertex -19.7213 -19.7213 0.4
      vertex -19.4263 -19.9801 1.6
      vertex -19.7213 -19.7213 1.6
    endloop
  endfacet
  facet normal -0.659478 -0.751724 -0
    outer loop
      vertex -19.4263 -19.9801 1.6
      vertex -19.7213 -19.7213 0.4
      vertex -19.4263 -19.9801 0.4
    endloop
  endfacet
  facet normal -1 0 0
    outer loop
      vertex -20.6 -17.6 0.4
      vertex -20.6 17.6 1.6
      vertex -20.6 17.6 0.4
    endloop
  endfacet
  facet normal -1 -0 0
    outer loop
      vertex -20.6 17.6 1.6
      vertex -20.6 -17.6 0.4
      vertex -20.6 -17.6 1.6
    endloop
  endfacet
  facet normal 0.980806 -0.194989 0
    outer loop
      vertex 20.4978 -18.3764 1.6
      vertex 20.5743 -17.9916 0.4
      vertex 20.5743 -17.9916 1.6
    endloop
  endfacet
  facet normal 0.980806 -0.194989 0
    outer loop
      vertex 20.5743 -17.9916 0.4
      vertex 20.4978 -18.3764 1.6
      vertex 20.4978 -18.3764 0.4
    endloop
  endfacet
  facet normal -0.946885 -0.321574 0
    outer loop
      vertex -20.3716 -18.748 0.4
      vertex -20.4978 -18.3764 1.6
      vertex -20.4978 -18.3764 0.4
    endloop
  endfacet
  facet normal -0.946885 -0.321574 0
    outer loop
      vertex -20.4978 -18.3764 1.6
      vertex -20.3716 -18.748 0.4
      vertex -20.3716 -18.748 1.6
    endloop
  endfacet
  facet normal -0.44211 -0.896961 0
    outer loop
      vertex -19.1 -20.1981 0.4
      vertex -18.748 -20.3716 1.6
      vertex -19.1 -20.1981 1.6
    endloop
  endfacet
  facet normal -0.44211 -0.896961 -0
    outer loop
      vertex -18.748 -20.3716 1.6
      vertex -19.1 -20.1981 0.4
      vertex -18.748 -20.3716 0.4
    endloop
  endfacet
  facet normal -0.555523 -0.831501 0
    outer loop
      vertex -19.4263 -19.9801 0.4
      vertex -19.1 -20.1981 1.6
      vertex -19.4263 -19.9801 1.6
    endloop
  endfacet
  facet normal -0.555523 -0.831501 -0
    outer loop
      vertex -19.1 -20.1981 1.6
      vertex -19.4263 -19.9801 0.4
      vertex -19.1 -20.1981 0.4
    endloop
  endfacet
  facet normal -0.997853 -0.0654873 0
    outer loop
      vertex -20.5743 -17.9916 0.4
      vertex -20.6 -17.6 1.6
      vertex -20.6 -17.6 0.4
    endloop
  endfacet
  facet normal -0.997853 -0.0654873 0
    outer loop
      vertex -20.6 -17.6 1.6
      vertex -20.5743 -17.9916 0.4
      vertex -20.5743 -17.9916 1.6
    endloop
  endfacet
  facet normal -0.980806 -0.194989 0
    outer loop
      vertex -20.4978 -18.3764 0.4
      vertex -20.5743 -17.9916 1.6
      vertex -20.5743 -17.9916 0.4
    endloop
  endfacet
  facet normal -0.980806 -0.194989 0
    outer loop
      vertex -20.5743 -17.9916 1.6
      vertex -20.4978 -18.3764 0.4
      vertex -20.4978 -18.3764 1.6
    endloop
  endfacet
  facet normal -0.194989 -0.980806 0
    outer loop
      vertex -18.3764 -20.4978 0.4
      vertex -17.9916 -20.5743 1.6
      vertex -18.3764 -20.4978 1.6
    endloop
  endfacet
  facet normal -0.194989 -0.980806 -0
    outer loop
      vertex -17.9916 -20.5743 1.6
      vertex -18.3764 -20.4978 0.4
      vertex -17.9916 -20.5743 0.4
    endloop
  endfacet
  facet normal -0.321574 0.946885 0
    outer loop
      vertex -18.3764 20.4978 0.4
      vertex -18.748 20.3716 1.6
      vertex -18.3764 20.4978 1.6
    endloop
  endfacet
  facet normal -0.321574 0.946885 0
    outer loop
      vertex -18.748 20.3716 1.6
      vertex -18.3764 20.4978 0.4
      vertex -18.748 20.3716 0.4
    endloop
  endfacet
  facet normal -0.946885 0.321574 0
    outer loop
      vertex -20.4978 18.3764 0.4
      vertex -20.3716 18.748 1.6
      vertex -20.3716 18.748 0.4
    endloop
  endfacet
  facet normal -0.946885 0.321574 0
    outer loop
      vertex -20.3716 18.748 1.6
      vertex -20.4978 18.3764 0.4
      vertex -20.4978 18.3764 1.6
    endloop
  endfacet
  facet normal -0.751724 0.659478 0
    outer loop
      vertex -19.9801 19.4263 0.4
      vertex -19.7213 19.7213 1.6
      vertex -19.7213 19.7213 0.4
    endloop
  endfacet
  facet normal -0.751724 0.659478 0
    outer loop
      vertex -19.7213 19.7213 1.6
      vertex -19.9801 19.4263 0.4
      vertex -19.9801 19.4263 1.6
    endloop
  endfacet
  facet normal -0.980806 0.194989 0
    outer loop
      vertex -20.5743 17.9916 0.4
      vertex -20.4978 18.3764 1.6
      vertex -20.4978 18.3764 0.4
    endloop
  endfacet
  facet normal -0.980806 0.194989 0
    outer loop
      vertex -20.4978 18.3764 1.6
      vertex -20.5743 17.9916 0.4
      vertex -20.5743 17.9916 1.6
    endloop
  endfacet
  facet normal -0.659478 0.751724 0
    outer loop
      vertex -19.4263 19.9801 0.4
      vertex -19.7213 19.7213 1.6
      vertex -19.4263 19.9801 1.6
    endloop
  endfacet
  facet normal -0.659478 0.751724 0
    outer loop
      vertex -19.7213 19.7213 1.6
      vertex -19.4263 19.9801 0.4
      vertex -19.7213 19.7213 0.4
    endloop
  endfacet
  facet normal 0 0 -1
    outer loop
      vertex 20.0013 -18.5946 0.4
      vertex 20.3716 -18.748 0.4
      vertex 20.1981 -19.1 0.4
    endloop
  endfacet
  facet normal 0 0 -1
    outer loop
      vertex 20.3716 -18.748 0.4
      vertex 20.1769 -17.9392 0.4
      vertex 20.2 -17.5868 0.4
    endloop
  endfacet
  facet normal 0 0 -1
    outer loop
      vertex 20.3716 -18.748 0.4
      vertex 20.1105 -18.2727 0.4
      vertex 20.1769 -17.9392 0.4
    endloop
  endfacet
  facet normal 0 0 -1
    outer loop
      vertex 20.3716 -18.748 0.4
      vertex 20.0013 -18.5946 0.4
      vertex 20.1105 -18.2727 0.4
    endloop
  endfacet
  facet normal 0 0 -1
    outer loop
      vertex 19.8509 -18.8995 0.4
      vertex 20.1981 -19.1 0.4
      vertex 19.9801 -19.4263 0.4
    endloop
  endfacet
  facet normal 0 0 -1
    outer loop
      vertex 20.1981 -19.1 0.4
      vertex 19.8509 -18.8995 0.4
      vertex 20.0013 -18.5946 0.4
    endloop
  endfacet
  facet normal 0 0 -1
    outer loop
      vertex 19.662 -19.1823 0.4
      vertex 19.9801 -19.4263 0.4
      vertex 19.7213 -19.7213 0.4
    endloop
  endfacet
  facet normal 0 0 -1
    outer loop
      vertex 19.9801 -19.4263 0.4
      vertex 19.662 -19.1823 0.4
      vertex 19.8509 -18.8995 0.4
    endloop
  endfacet
  facet normal 0 0 -1
    outer loop
      vertex 19.7213 -19.7213 0.4
      vertex 19.4379 -19.4379 0.4
      vertex 19.662 -19.1823 0.4
    endloop
  endfacet
  facet normal 0 0 -1
    outer loop
      vertex 19.4263 -19.9801 0.4
      vertex 19.4379 -19.4379 0.4
      vertex 19.7213 -19.7213 0.4
    endloop
  endfacet
  facet normal 0 0 -1
    outer loop
      vertex 19.4263 -19.9801 0.4
      vertex 19.1823 -19.662 0.4
      vertex 19.4379 -19.4379 0.4
    endloop
  endfacet
  facet normal 0 0 -1
    outer loop
      vertex 19.1 -20.1981 0.4
      vertex 19.1823 -19.662 0.4
      vertex 19.4263 -19.9801 0.4
    endloop
  endfacet
  facet normal 0 0 -1
    outer loop
      vertex 19.1 -20.1981 0.4
      vertex 18.8995 -19.8509 0.4
      vertex 19.1823 -19.662 0.4
    endloop
  endfacet
  facet normal 0 0 -1
    outer loop
      vertex 18.748 -20.3716 0.4
      vertex 18.8995 -19.8509 0.4
      vertex 19.1 -20.1981 0.4
    endloop
  endfacet
  facet normal 0 0 -1
    outer loop
      vertex 18.748 -20.3716 0.4
      vertex 18.5946 -20.0013 0.4
      vertex 18.8995 -19.8509 0.4
    endloop
  endfacet
  facet normal 0 0 -1
    outer loop
      vertex 18.3764 -20.4978 0.4
      vertex 18.5946 -20.0013 0.4
      vertex 18.748 -20.3716 0.4
    endloop
  endfacet
  facet normal 0 0 -1
    outer loop
      vertex 18.3764 -20.4978 0.4
      vertex 18.2727 -20.1105 0.4
      vertex 18.5946 -20.0013 0.4
    endloop
  endfacet
  facet normal 0 0 -1
    outer loop
      vertex 17.9916 -20.5743 0.4
      vertex 18.2727 -20.1105 0.4
      vertex 18.3764 -20.4978 0.4
    endloop
  endfacet
  facet normal 0 0 -1
    outer loop
      vertex 17.9916 -20.5743 0.4
      vertex 17.9392 -20.1769 0.4
      vertex 18.2727 -20.1105 0.4
    endloop
  endfacet
  facet normal 0 0 -1
    outer loop
      vertex 17.6 -20.6 0.4
      vertex 17.9392 -20.1769 0.4
      vertex 17.9916 -20.5743 0.4
    endloop
  endfacet
  facet normal 0 0 -1
    outer loop
      vertex 17.6 -20.6 0.4
      vertex 17.5868 -20.2 0.4
      vertex 17.9392 -20.1769 0.4
    endloop
  endfacet
  facet normal 0 0 -1
    outer loop
      vertex 17.6 -20.6 0.4
      vertex -17.5868 -20.2 0.4
      vertex 17.5868 -20.2 0.4
    endloop
  endfacet
  facet normal 0 0 -1
    outer loop
      vertex -17.6 -20.6 0.4
      vertex -17.5868 -20.2 0.4
      vertex 17.6 -20.6 0.4
    endloop
  endfacet
  facet normal 0 0 -1
    outer loop
      vertex -17.6 -20.6 0.4
      vertex -17.9392 -20.1769 0.4
      vertex -17.5868 -20.2 0.4
    endloop
  endfacet
  facet normal 0 0 -1
    outer loop
      vertex -17.9916 -20.5743 0.4
      vertex -17.9392 -20.1769 0.4
      vertex -17.6 -20.6 0.4
    endloop
  endfacet
  facet normal 0 0 -1
    outer loop
      vertex -17.9916 -20.5743 0.4
      vertex -18.2727 -20.1105 0.4
      vertex -17.9392 -20.1769 0.4
    endloop
  endfacet
  facet normal 0 0 -1
    outer loop
      vertex -18.3764 -20.4978 0.4
      vertex -18.2727 -20.1105 0.4
      vertex -17.9916 -20.5743 0.4
    endloop
  endfacet
  facet normal 0 0 -1
    outer loop
      vertex -18.3764 -20.4978 0.4
      vertex -18.5946 -20.0013 0.4
      vertex -18.2727 -20.1105 0.4
    endloop
  endfacet
  facet normal 0 0 -1
    outer loop
      vertex -18.748 -20.3716 0.4
      vertex -18.5946 -20.0013 0.4
      vertex -18.3764 -20.4978 0.4
    endloop
  endfacet
  facet normal 0 0 -1
    outer loop
      vertex -18.748 -20.3716 0.4
      vertex -18.8995 -19.8509 0.4
      vertex -18.5946 -20.0013 0.4
    endloop
  endfacet
  facet normal 0 0 -1
    outer loop
      vertex -19.1 -20.1981 0.4
      vertex -18.8995 -19.8509 0.4
      vertex -18.748 -20.3716 0.4
    endloop
  endfacet
  facet normal 0 0 -1
    outer loop
      vertex -19.1 -20.1981 0.4
      vertex -19.1823 -19.662 0.4
      vertex -18.8995 -19.8509 0.4
    endloop
  endfacet
  facet normal 0 0 -1
    outer loop
      vertex -19.4263 -19.9801 0.4
      vertex -19.1823 -19.662 0.4
      vertex -19.1 -20.1981 0.4
    endloop
  endfacet
  facet normal 0 0 -1
    outer loop
      vertex -19.4263 -19.9801 0.4
      vertex -19.4379 -19.4379 0.4
      vertex -19.1823 -19.662 0.4
    endloop
  endfacet
  facet normal 0 0 -1
    outer loop
      vertex -19.7213 -19.7213 0.4
      vertex -19.4379 -19.4379 0.4
      vertex -19.4263 -19.9801 0.4
    endloop
  endfacet
  facet normal -0 0 -1
    outer loop
      vertex -19.4379 -19.4379 0.4
      vertex -19.7213 -19.7213 0.4
      vertex -19.662 -19.1823 0.4
    endloop
  endfacet
  facet normal 0 0 -1
    outer loop
      vertex -19.9801 -19.4263 0.4
      vertex -19.662 -19.1823 0.4
      vertex -19.7213 -19.7213 0.4
    endloop
  endfacet
  facet normal -0 0 -1
    outer loop
      vertex -19.662 -19.1823 0.4
      vertex -19.9801 -19.4263 0.4
      vertex -19.8509 -18.8995 0.4
    endloop
  endfacet
  facet normal 0 0 -1
    outer loop
      vertex -20.1981 -19.1 0.4
      vertex -19.8509 -18.8995 0.4
      vertex -19.9801 -19.4263 0.4
    endloop
  endfacet
  facet normal -0 0 -1
    outer loop
      vertex -19.8509 -18.8995 0.4
      vertex -20.1981 -19.1 0.4
      vertex -20.0013 -18.5946 0.4
    endloop
  endfacet
  facet normal 0 0 -1
    outer loop
      vertex -20.3716 -18.748 0.4
      vertex -20.0013 -18.5946 0.4
      vertex -20.1981 -19.1 0.4
    endloop
  endfacet
  facet normal -0 0 -1
    outer loop
      vertex -20.0013 -18.5946 0.4
      vertex -20.3716 -18.748 0.4
      vertex -20.1105 -18.2727 0.4
    endloop
  endfacet
  facet normal 0 0 -1
    outer loop
      vertex -20.4978 -18.3764 0.4
      vertex -20.1105 -18.2727 0.4
      vertex -20.3716 -18.748 0.4
    endloop
  endfacet
  facet normal 0 0 -1
    outer loop
      vertex -20.5743 -17.9916 0.4
      vertex -20.1769 -17.9392 0.4
      vertex -20.4978 -18.3764 0.4
    endloop
  endfacet
  facet normal -0 0 -1
    outer loop
      vertex -20.1105 -18.2727 0.4
      vertex -20.4978 -18.3764 0.4
      vertex -20.1769 -17.9392 0.4
    endloop
  endfacet
  facet normal 0 0 -1
    outer loop
      vertex 20.2 -17.5868 0.4
      vertex 20.6 -17.6 0.4
      vertex 20.5743 -17.9916 0.4
    endloop
  endfacet
  facet normal 0 0 -1
    outer loop
      vertex 20.2 -17.5868 0.4
      vertex 20.5743 -17.9916 0.4
      vertex 20.4978 -18.3764 0.4
    endloop
  endfacet
  facet normal 0 0 -1
    outer loop
      vertex 20.2 -17.5868 0.4
      vertex 20.4978 -18.3764 0.4
      vertex 20.3716 -18.748 0.4
    endloop
  endfacet
  facet normal 0 0 -1
    outer loop
      vertex 20.2 16.2402 0.4
      vertex 20.6 -17.6 0.4
      vertex 20.2 -17.5868 0.4
    endloop
  endfacet
  facet normal 0 0 -1
    outer loop
      vertex 20.6 -17.6 0.4
      vertex 20.2 16.2402 0.4
      vertex 20.6 16.6402 0.4
    endloop
  endfacet
  facet normal 0 0 -1
    outer loop
      vertex -17.6 20.6 0.4
      vertex 16.2402 20.2 0.4
      vertex -17.5868 20.2 0.4
    endloop
  endfacet
  facet normal 0 0 -1
    outer loop
      vertex 16.2402 20.2 0.4
      vertex -17.6 20.6 0.4
      vertex 16.6402 20.6 0.4
    endloop
  endfacet
  facet normal 0 0 -1
    outer loop
      vertex -17.9392 20.1769 0.4
      vertex -17.6 20.6 0.4
      vertex -17.5868 20.2 0.4
    endloop
  endfacet
  facet normal 0 0 -1
    outer loop
      vertex -17.9392 20.1769 0.4
      vertex -17.9916 20.5743 0.4
      vertex -17.6 20.6 0.4
    endloop
  endfacet
  facet normal 0 0 -1
    outer loop
      vertex -18.2727 20.1105 0.4
      vertex -17.9916 20.5743 0.4
      vertex -17.9392 20.1769 0.4
    endloop
  endfacet
  facet normal 0 0 -1
    outer loop
      vertex -18.2727 20.1105 0.4
      vertex -18.3764 20.4978 0.4
      vertex -17.9916 20.5743 0.4
    endloop
  endfacet
  facet normal 0 0 -1
    outer loop
      vertex -18.5946 20.0013 0.4
      vertex -18.3764 20.4978 0.4
      vertex -18.2727 20.1105 0.4
    endloop
  endfacet
  facet normal 0 0 -1
    outer loop
      vertex -18.5946 20.0013 0.4
      vertex -18.748 20.3716 0.4
      vertex -18.3764 20.4978 0.4
    endloop
  endfacet
  facet normal 0 0 -1
    outer loop
      vertex -18.8995 19.8509 0.4
      vertex -18.748 20.3716 0.4
      vertex -18.5946 20.0013 0.4
    endloop
  endfacet
  facet normal 0 0 -1
    outer loop
      vertex -18.8995 19.8509 0.4
      vertex -19.1 20.1981 0.4
      vertex -18.748 20.3716 0.4
    endloop
  endfacet
  facet normal 0 0 -1
    outer loop
      vertex -19.1823 19.662 0.4
      vertex -19.1 20.1981 0.4
      vertex -18.8995 19.8509 0.4
    endloop
  endfacet
  facet normal 0 0 -1
    outer loop
      vertex -19.1823 19.662 0.4
      vertex -19.4263 19.9801 0.4
      vertex -19.1 20.1981 0.4
    endloop
  endfacet
  facet normal 0 0 -1
    outer loop
      vertex -19.4379 19.4379 0.4
      vertex -19.4263 19.9801 0.4
      vertex -19.1823 19.662 0.4
    endloop
  endfacet
  facet normal 0 0 -1
    outer loop
      vertex -19.7213 19.7213 0.4
      vertex -19.4379 19.4379 0.4
      vertex -19.662 19.1823 0.4
    endloop
  endfacet
  facet normal 0 0 -1
    outer loop
      vertex -19.4379 19.4379 0.4
      vertex -19.7213 19.7213 0.4
      vertex -19.4263 19.9801 0.4
    endloop
  endfacet
  facet normal 0 0 -1
    outer loop
      vertex -19.9801 19.4263 0.4
      vertex -19.662 19.1823 0.4
      vertex -19.8509 18.8995 0.4
    endloop
  endfacet
  facet normal 0 0 -1
    outer loop
      vertex -19.662 19.1823 0.4
      vertex -19.9801 19.4263 0.4
      vertex -19.7213 19.7213 0.4
    endloop
  endfacet
  facet normal 0 0 -1
    outer loop
      vertex -20.1981 19.1 0.4
      vertex -19.8509 18.8995 0.4
      vertex -20.0013 18.5946 0.4
    endloop
  endfacet
  facet normal 0 0 -1
    outer loop
      vertex -20.3716 18.748 0.4
      vertex -20.0013 18.5946 0.4
      vertex -20.1105 18.2727 0.4
    endloop
  endfacet
  facet normal 0 0 -1
    outer loop
      vertex -20.4978 18.3764 0.4
      vertex -20.1105 18.2727 0.4
      vertex -20.1769 17.9392 0.4
    endloop
  endfacet
  facet normal 0 0 -1
    outer loop
      vertex -19.8509 18.8995 0.4
      vertex -20.1981 19.1 0.4
      vertex -19.9801 19.4263 0.4
    endloop
  endfacet
  facet normal 0 0 -1
    outer loop
      vertex -20.6 17.6 0.4
      vertex -20.1769 17.9392 0.4
      vertex -20.2 17.5868 0.4
    endloop
  endfacet
  facet normal -0 0 -1
    outer loop
      vertex -20.2 -17.5868 0.4
      vertex -20.6 -17.6 0.4
      vertex -20.2 17.5868 0.4
    endloop
  endfacet
  facet normal 0 0 -1
    outer loop
      vertex -20.6 17.6 0.4
      vertex -20.2 17.5868 0.4
      vertex -20.6 -17.6 0.4
    endloop
  endfacet
  facet normal 0 0 -1
    outer loop
      vertex -20.6 -17.6 0.4
      vertex -20.1769 -17.9392 0.4
      vertex -20.5743 -17.9916 0.4
    endloop
  endfacet
  facet normal -0 0 -1
    outer loop
      vertex -20.1769 17.9392 0.4
      vertex -20.6 17.6 0.4
      vertex -20.5743 17.9916 0.4
    endloop
  endfacet
  facet normal 0 0 -1
    outer loop
      vertex -20.1769 -17.9392 0.4
      vertex -20.6 -17.6 0.4
      vertex -20.2 -17.5868 0.4
    endloop
  endfacet
  facet normal 0 0 -1
    outer loop
      vertex -20.0013 18.5946 0.4
      vertex -20.3716 18.748 0.4
      vertex -20.1981 19.1 0.4
    endloop
  endfacet
  facet normal 0 0 -1
    outer loop
      vertex -20.1105 18.2727 0.4
      vertex -20.4978 18.3764 0.4
      vertex -20.3716 18.748 0.4
    endloop
  endfacet
  facet normal 0 0 -1
    outer loop
      vertex -20.1769 17.9392 0.4
      vertex -20.5743 17.9916 0.4
      vertex -20.4978 18.3764 0.4
    endloop
  endfacet
  facet normal 0.555523 -0.831501 0
    outer loop
      vertex 19.1 -20.1981 0.4
      vertex 19.4263 -19.9801 1.6
      vertex 19.1 -20.1981 1.6
    endloop
  endfacet
  facet normal 0.555523 -0.831501 0
    outer loop
      vertex 19.4263 -19.9801 1.6
      vertex 19.1 -20.1981 0.4
      vertex 19.4263 -19.9801 0.4
    endloop
  endfacet
  facet normal -0.831501 -0.555523 0
    outer loop
      vertex -19.9801 -19.4263 0.4
      vertex -20.1981 -19.1 1.6
      vertex -20.1981 -19.1 0.4
    endloop
  endfacet
  facet normal -0.831501 -0.555523 0
    outer loop
      vertex -20.1981 -19.1 1.6
      vertex -19.9801 -19.4263 0.4
      vertex -19.9801 -19.4263 1.6
    endloop
  endfacet
  facet normal 0.659478 -0.751724 0
    outer loop
      vertex 19.4263 -19.9801 0.4
      vertex 19.7213 -19.7213 1.6
      vertex 19.4263 -19.9801 1.6
    endloop
  endfacet
  facet normal 0.659478 -0.751724 0
    outer loop
      vertex 19.7213 -19.7213 1.6
      vertex 19.4263 -19.9801 0.4
      vertex 19.7213 -19.7213 0.4
    endloop
  endfacet
  facet normal -0.0654873 0.997853 0
    outer loop
      vertex -17.6 20.6 0.4
      vertex -17.9916 20.5743 1.6
      vertex -17.6 20.6 1.6
    endloop
  endfacet
  facet normal -0.0654873 0.997853 0
    outer loop
      vertex -17.9916 20.5743 1.6
      vertex -17.6 20.6 0.4
      vertex -17.9916 20.5743 0.4
    endloop
  endfacet
  facet normal -0.0654873 -0.997853 0
    outer loop
      vertex -17.9916 -20.5743 0.4
      vertex -17.6 -20.6 1.6
      vertex -17.9916 -20.5743 1.6
    endloop
  endfacet
  facet normal -0.0654873 -0.997853 -0
    outer loop
      vertex -17.6 -20.6 1.6
      vertex -17.9916 -20.5743 0.4
      vertex -17.6 -20.6 0.4
    endloop
  endfacet
  facet normal 0.0654873 -0.997853 0
    outer loop
      vertex 17.6 -20.6 0.4
      vertex 17.9916 -20.5743 1.6
      vertex 17.6 -20.6 1.6
    endloop
  endfacet
  facet normal 0.0654873 -0.997853 0
    outer loop
      vertex 17.9916 -20.5743 1.6
      vertex 17.6 -20.6 0.4
      vertex 17.9916 -20.5743 0.4
    endloop
  endfacet
  facet normal 0.195268 -0.98075 0
    outer loop
      vertex 17.9392 -20.1769 0
      vertex 18.2727 -20.1105 0.4
      vertex 17.9392 -20.1769 0.4
    endloop
  endfacet
  facet normal 0.195268 -0.98075 0
    outer loop
      vertex 18.2727 -20.1105 0.4
      vertex 17.9392 -20.1769 0
      vertex 18.2727 -20.1105 0
    endloop
  endfacet
  facet normal -0.75192 -0.659254 0
    outer loop
      vertex -19.4379 -19.4379 0
      vertex -19.662 -19.1823 0.4
      vertex -19.662 -19.1823 0
    endloop
  endfacet
  facet normal -0.75192 -0.659254 0
    outer loop
      vertex -19.662 -19.1823 0.4
      vertex -19.4379 -19.4379 0
      vertex -19.4379 -19.4379 0.4
    endloop
  endfacet
  facet normal 0.98075 -0.195268 0
    outer loop
      vertex 20.1105 -18.2727 0.4
      vertex 20.1769 -17.9392 0
      vertex 20.1769 -17.9392 0.4
    endloop
  endfacet
  facet normal 0.98075 -0.195268 0
    outer loop
      vertex 20.1769 -17.9392 0
      vertex 20.1105 -18.2727 0.4
      vertex 20.1105 -18.2727 0
    endloop
  endfacet
  facet normal -0.997858 0.0654101 0
    outer loop
      vertex -20.2 17.5868 0
      vertex -20.1769 17.9392 0.4
      vertex -20.1769 17.9392 0
    endloop
  endfacet
  facet normal -0.997858 0.0654101 0
    outer loop
      vertex -20.1769 17.9392 0.4
      vertex -20.2 17.5868 0
      vertex -20.2 17.5868 0.4
    endloop
  endfacet
  facet normal 0.321254 -0.946993 0
    outer loop
      vertex 18.2727 -20.1105 0
      vertex 18.5946 -20.0013 0.4
      vertex 18.2727 -20.1105 0.4
    endloop
  endfacet
  facet normal 0.321254 -0.946993 0
    outer loop
      vertex 18.5946 -20.0013 0.4
      vertex 18.2727 -20.1105 0
      vertex 18.5946 -20.0013 0
    endloop
  endfacet
  facet normal -0.555446 0.831552 0
    outer loop
      vertex -18.8995 19.8509 0
      vertex -19.1823 19.662 0.4
      vertex -18.8995 19.8509 0.4
    endloop
  endfacet
  facet normal -0.555446 0.831552 0
    outer loop
      vertex -19.1823 19.662 0.4
      vertex -18.8995 19.8509 0
      vertex -19.1823 19.662 0
    endloop
  endfacet
  facet normal 0.75192 -0.659254 0
    outer loop
      vertex 19.4379 -19.4379 0.4
      vertex 19.662 -19.1823 0
      vertex 19.662 -19.1823 0.4
    endloop
  endfacet
  facet normal 0.75192 -0.659254 0
    outer loop
      vertex 19.662 -19.1823 0
      vertex 19.4379 -19.4379 0.4
      vertex 19.4379 -19.4379 0
    endloop
  endfacet
  facet normal -0.659254 0.75192 0
    outer loop
      vertex -19.1823 19.662 0
      vertex -19.4379 19.4379 0.4
      vertex -19.1823 19.662 0.4
    endloop
  endfacet
  facet normal -0.659254 0.75192 0
    outer loop
      vertex -19.4379 19.4379 0.4
      vertex -19.1823 19.662 0
      vertex -19.4379 19.4379 0
    endloop
  endfacet
  facet normal -0.0654101 0.997858 0
    outer loop
      vertex -17.5868 20.2 0
      vertex -17.9392 20.1769 0.4
      vertex -17.5868 20.2 0.4
    endloop
  endfacet
  facet normal -0.0654101 0.997858 0
    outer loop
      vertex -17.9392 20.1769 0.4
      vertex -17.5868 20.2 0
      vertex -17.9392 20.1769 0
    endloop
  endfacet
  facet normal 1 -0 0
    outer loop
      vertex 20.2 -17.5868 0.4
      vertex 20.2 16.2402 0
      vertex 20.2 16.2402 0.4
    endloop
  endfacet
  facet normal 1 0 0
    outer loop
      vertex 20.2 16.2402 0
      vertex 20.2 -17.5868 0.4
      vertex 20.2 -17.5868 0
    endloop
  endfacet
  facet normal 0.997858 -0.0654101 0
    outer loop
      vertex 20.1769 -17.9392 0.4
      vertex 20.2 -17.5868 0
      vertex 20.2 -17.5868 0.4
    endloop
  endfacet
  facet normal 0.997858 -0.0654101 0
    outer loop
      vertex 20.2 -17.5868 0
      vertex 20.1769 -17.9392 0.4
      vertex 20.1769 -17.9392 0
    endloop
  endfacet
  facet normal -0.896826 -0.442383 0
    outer loop
      vertex -19.8509 -18.8995 0
      vertex -20.0013 -18.5946 0.4
      vertex -20.0013 -18.5946 0
    endloop
  endfacet
  facet normal -0.896826 -0.442383 0
    outer loop
      vertex -20.0013 -18.5946 0.4
      vertex -19.8509 -18.8995 0
      vertex -19.8509 -18.8995 0.4
    endloop
  endfacet
  facet normal 0 -1 0
    outer loop
      vertex -17.5868 -20.2 0
      vertex 17.5868 -20.2 0.4
      vertex -17.5868 -20.2 0.4
    endloop
  endfacet
  facet normal 0 -1 -0
    outer loop
      vertex 17.5868 -20.2 0.4
      vertex -17.5868 -20.2 0
      vertex 17.5868 -20.2 0
    endloop
  endfacet
  facet normal -1 0 0
    outer loop
      vertex -20.2 -17.5868 0
      vertex -20.2 17.5868 0.4
      vertex -20.2 17.5868 0
    endloop
  endfacet
  facet normal -1 -0 0
    outer loop
      vertex -20.2 17.5868 0.4
      vertex -20.2 -17.5868 0
      vertex -20.2 -17.5868 0.4
    endloop
  endfacet
  facet normal -0.555446 -0.831552 0
    outer loop
      vertex -19.1823 -19.662 0
      vertex -18.8995 -19.8509 0.4
      vertex -19.1823 -19.662 0.4
    endloop
  endfacet
  facet normal -0.555446 -0.831552 -0
    outer loop
      vertex -18.8995 -19.8509 0.4
      vertex -19.1823 -19.662 0
      vertex -18.8995 -19.8509 0
    endloop
  endfacet
  facet normal 0.0654101 -0.997858 0
    outer loop
      vertex 17.5868 -20.2 0
      vertex 17.9392 -20.1769 0.4
      vertex 17.5868 -20.2 0.4
    endloop
  endfacet
  facet normal 0.0654101 -0.997858 0
    outer loop
      vertex 17.9392 -20.1769 0.4
      vertex 17.5868 -20.2 0
      vertex 17.9392 -20.1769 0
    endloop
  endfacet
  facet normal -0.0654101 -0.997858 0
    outer loop
      vertex -17.9392 -20.1769 0
      vertex -17.5868 -20.2 0.4
      vertex -17.9392 -20.1769 0.4
    endloop
  endfacet
  facet normal -0.0654101 -0.997858 -0
    outer loop
      vertex -17.5868 -20.2 0.4
      vertex -17.9392 -20.1769 0
      vertex -17.5868 -20.2 0
    endloop
  endfacet
  facet normal -0.442383 -0.896826 0
    outer loop
      vertex -18.8995 -19.8509 0
      vertex -18.5946 -20.0013 0.4
      vertex -18.8995 -19.8509 0.4
    endloop
  endfacet
  facet normal -0.442383 -0.896826 -0
    outer loop
      vertex -18.5946 -20.0013 0.4
      vertex -18.8995 -19.8509 0
      vertex -18.5946 -20.0013 0
    endloop
  endfacet
  facet normal 0 1 -0
    outer loop
      vertex 16.2402 20.2 0
      vertex -17.5868 20.2 0.4
      vertex 16.2402 20.2 0.4
    endloop
  endfacet
  facet normal 0 1 0
    outer loop
      vertex -17.5868 20.2 0.4
      vertex 16.2402 20.2 0
      vertex -17.5868 20.2 0
    endloop
  endfacet
  facet normal -0.442383 0.896826 0
    outer loop
      vertex -18.5946 20.0013 0
      vertex -18.8995 19.8509 0.4
      vertex -18.5946 20.0013 0.4
    endloop
  endfacet
  facet normal -0.442383 0.896826 0
    outer loop
      vertex -18.8995 19.8509 0.4
      vertex -18.5946 20.0013 0
      vertex -18.8995 19.8509 0
    endloop
  endfacet
  facet normal 0 0 -1
    outer loop
      vertex 13.2548 -12.6641 0
      vertex 13.5057 -8.55599 0
      vertex 13.6028 -12.4315 0
    endloop
  endfacet
  facet normal 0 0 -1
    outer loop
      vertex 12.9401 -12.9401 0
      vertex 13.5057 -8.55599 0
      vertex 13.2548 -12.6641 0
    endloop
  endfacet
  facet normal 0 0 -1
    outer loop
      vertex 8.55599 -13.5057 0
      vertex 12.9401 -12.9401 0
      vertex 12.6641 -13.2548 0
    endloop
  endfacet
  facet normal 0 0 -1
    outer loop
      vertex 8.55599 -13.5057 0
      vertex 12.6641 -13.2548 0
      vertex 12.4315 -13.6028 0
    endloop
  endfacet
  facet normal 0 0 -1
    outer loop
      vertex 8.55599 -13.5057 0
      vertex 12.4315 -13.6028 0
      vertex 12.2464 -13.9782 0
    endloop
  endfacet
  facet normal 0 0 -1
    outer loop
      vertex 8.55599 -13.5057 0
      vertex 12.2464 -13.9782 0
      vertex 12.1118 -14.3746 0
    endloop
  endfacet
  facet normal -0 0 -1
    outer loop
      vertex 12.9401 -12.9401 0
      vertex 8.55599 -13.5057 0
      vertex 13.5057 -8.55599 0
    endloop
  endfacet
  facet normal 0 0 -1
    outer loop
      vertex 12.0302 -14.7851 0
      vertex 8.55599 -13.5057 0
      vertex 12.1118 -14.3746 0
    endloop
  endfacet
  facet normal 0 0 -1
    outer loop
      vertex 8.55599 -13.5057 0
      vertex 12.0302 -14.7851 0
      vertex 12.0028 -15.2028 0
    endloop
  endfacet
  facet normal -0 0 -1
    outer loop
      vertex 8.90955 12.8693 0
      vertex 4.73762 8.69741 0
      vertex 7.56604 14.2128 0
    endloop
  endfacet
  facet normal 0 0 -1
    outer loop
      vertex 18.1592 -13.9782 0
      vertex 20.2 -17.5868 0
      vertex 18.2938 -14.3746 0
    endloop
  endfacet
  facet normal 0 0 -1
    outer loop
      vertex 20.2 -17.5868 0
      vertex 18.1592 -13.9782 0
      vertex 18.8798 12.2329 0
    endloop
  endfacet
  facet normal 0 0 -1
    outer loop
      vertex 17.9741 -13.6028 0
      vertex 18.8798 12.2329 0
      vertex 18.1592 -13.9782 0
    endloop
  endfacet
  facet normal 0 0 -1
    outer loop
      vertex 17.7415 -13.2548 0
      vertex 18.8798 12.2329 0
      vertex 17.9741 -13.6028 0
    endloop
  endfacet
  facet normal 0 0 -1
    outer loop
      vertex 17.4655 -12.9401 0
      vertex 18.8798 12.2329 0
      vertex 17.7415 -13.2548 0
    endloop
  endfacet
  facet normal 0 0 -1
    outer loop
      vertex 17.1508 -12.6641 0
      vertex 18.8798 12.2329 0
      vertex 17.4655 -12.9401 0
    endloop
  endfacet
  facet normal 0 0 -1
    outer loop
      vertex 13.5057 -8.55599 0
      vertex 17.1508 -12.6641 0
      vertex 16.8028 -12.4315 0
    endloop
  endfacet
  facet normal 0 0 -1
    outer loop
      vertex 13.5057 -8.55599 0
      vertex 16.8028 -12.4315 0
      vertex 16.4274 -12.2464 0
    endloop
  endfacet
  facet normal 0 0 -1
    outer loop
      vertex 13.5057 -8.55599 0
      vertex 16.4274 -12.2464 0
      vertex 16.031 -12.1118 0
    endloop
  endfacet
  facet normal 0 0 -1
    outer loop
      vertex 13.5057 -8.55599 0
      vertex 16.031 -12.1118 0
      vertex 15.6205 -12.0302 0
    endloop
  endfacet
  facet normal 0 0 -1
    outer loop
      vertex 13.5057 -8.55599 0
      vertex 15.6205 -12.0302 0
      vertex 15.2028 -12.0028 0
    endloop
  endfacet
  facet normal 0 0 -1
    outer loop
      vertex 13.5057 -8.55599 0
      vertex 15.2028 -12.0028 0
      vertex 14.7851 -12.0302 0
    endloop
  endfacet
  facet normal 0 0 -1
    outer loop
      vertex 13.5057 -8.55599 0
      vertex 14.7851 -12.0302 0
      vertex 14.3746 -12.1118 0
    endloop
  endfacet
  facet normal 0 0 -1
    outer loop
      vertex 17.1508 -12.6641 0
      vertex 13.5057 -8.55599 0
      vertex 14.2128 7.56604 0
    endloop
  endfacet
  facet normal 0 0 -1
    outer loop
      vertex 13.5057 -8.55599 0
      vertex 14.3746 -12.1118 0
      vertex 13.9782 -12.2464 0
    endloop
  endfacet
  facet normal 0 0 -1
    outer loop
      vertex 13.5057 -8.55599 0
      vertex 13.9782 -12.2464 0
      vertex 13.6028 -12.4315 0
    endloop
  endfacet
  facet normal 0 0 -1
    outer loop
      vertex 17.1508 -12.6641 0
      vertex 14.2128 7.56604 0
      vertex 18.8798 12.2329 0
    endloop
  endfacet
  facet normal 0 0 -1
    outer loop
      vertex 10.1116 -5.16188 0
      vertex 14.2128 7.56604 0
      vertex 13.5057 -8.55599 0
    endloop
  endfacet
  facet normal 0 0 -1
    outer loop
      vertex 8.69741 4.73762 0
      vertex 14.2128 7.56604 0
      vertex 10.1116 -5.16188 0
    endloop
  endfacet
  facet normal -0 0 -1
    outer loop
      vertex 14.2128 7.56604 0
      vertex 8.69741 4.73762 0
      vertex 12.8693 8.90955 0
    endloop
  endfacet
  facet normal 0 0 -1
    outer loop
      vertex 4.34871 0 0
      vertex 10.1116 -5.16188 0
      vertex 5.16188 -10.1116 0
    endloop
  endfacet
  facet normal 0 0 -1
    outer loop
      vertex 10.1116 -5.16188 0
      vertex 4.34871 0 0
      vertex 8.69741 4.73762 0
    endloop
  endfacet
  facet normal 0 0 -1
    outer loop
      vertex 5.03814 2.59862 0
      vertex 4.73762 8.69741 0
      vertex 8.69741 4.73762 0
    endloop
  endfacet
  facet normal 0 -0 -1
    outer loop
      vertex 4.73762 8.69741 0
      vertex 5.03814 2.59862 0
      vertex 2.59862 5.03814 0
    endloop
  endfacet
  facet normal 0 0 -1
    outer loop
      vertex 20.2 -17.5868 0
      vertex 19.1087 -17.5591 0
      vertex 19.1241 -17.3241 0
    endloop
  endfacet
  facet normal 0 0 -1
    outer loop
      vertex 19.4379 -19.4379 0
      vertex 19.0628 -17.79 0
      vertex 19.1087 -17.5591 0
    endloop
  endfacet
  facet normal 0 0 -1
    outer loop
      vertex 19.4379 -19.4379 0
      vertex 18.9871 -18.0129 0
      vertex 19.0628 -17.79 0
    endloop
  endfacet
  facet normal 0 0 -1
    outer loop
      vertex 18.4199 -18.7522 0
      vertex 19.1823 -19.662 0
      vertex 18.8995 -19.8509 0
    endloop
  endfacet
  facet normal 0 0 -1
    outer loop
      vertex 19.4379 -19.4379 0
      vertex 18.883 -18.2241 0
      vertex 18.9871 -18.0129 0
    endloop
  endfacet
  facet normal 0 0 -1
    outer loop
      vertex 19.4379 -19.4379 0
      vertex 18.7522 -18.4199 0
      vertex 18.883 -18.2241 0
    endloop
  endfacet
  facet normal 0 0 -1
    outer loop
      vertex 19.4379 -19.4379 0
      vertex 18.5969 -18.5969 0
      vertex 18.7522 -18.4199 0
    endloop
  endfacet
  facet normal 0 0 -1
    outer loop
      vertex 18.2241 -18.883 0
      vertex 18.8995 -19.8509 0
      vertex 18.5946 -20.0013 0
    endloop
  endfacet
  facet normal 0 0 -1
    outer loop
      vertex 19.1823 -19.662 0
      vertex 18.4199 -18.7522 0
      vertex 18.5969 -18.5969 0
    endloop
  endfacet
  facet normal 0 0 -1
    outer loop
      vertex 18.0129 -18.9871 0
      vertex 18.5946 -20.0013 0
      vertex 18.2727 -20.1105 0
    endloop
  endfacet
  facet normal 0 0 -1
    outer loop
      vertex 18.8995 -19.8509 0
      vertex 18.2241 -18.883 0
      vertex 18.4199 -18.7522 0
    endloop
  endfacet
  facet normal 0 0 -1
    outer loop
      vertex 18.5946 -20.0013 0
      vertex 18.0129 -18.9871 0
      vertex 18.2241 -18.883 0
    endloop
  endfacet
  facet normal 0 0 -1
    outer loop
      vertex 17.79 -19.0628 0
      vertex 18.2727 -20.1105 0
      vertex 17.9392 -20.1769 0
    endloop
  endfacet
  facet normal 0 0 -1
    outer loop
      vertex 18.2727 -20.1105 0
      vertex 17.79 -19.0628 0
      vertex 18.0129 -18.9871 0
    endloop
  endfacet
  facet normal 0 0 -1
    outer loop
      vertex 17.5591 -19.1087 0
      vertex 17.9392 -20.1769 0
      vertex 17.5868 -20.2 0
    endloop
  endfacet
  facet normal 0 0 -1
    outer loop
      vertex 17.9392 -20.1769 0
      vertex 17.5591 -19.1087 0
      vertex 17.79 -19.0628 0
    endloop
  endfacet
  facet normal 0 0 -1
    outer loop
      vertex 17.5868 -20.2 0
      vertex 17.3241 -19.1241 0
      vertex 17.5591 -19.1087 0
    endloop
  endfacet
  facet normal 0 0 -1
    outer loop
      vertex 17.5868 -20.2 0
      vertex 17.0892 -19.1087 0
      vertex 17.3241 -19.1241 0
    endloop
  endfacet
  facet normal 0 0 -1
    outer loop
      vertex 17.5868 -20.2 0
      vertex 16.8582 -19.0628 0
      vertex 17.0892 -19.1087 0
    endloop
  endfacet
  facet normal 0 0 -1
    outer loop
      vertex 17.5868 -20.2 0
      vertex 14.3746 -18.2938 0
      vertex 16.8582 -19.0628 0
    endloop
  endfacet
  facet normal 0 0 -1
    outer loop
      vertex 17.5868 -20.2 0
      vertex 13.9782 -18.1592 0
      vertex 14.3746 -18.2938 0
    endloop
  endfacet
  facet normal 0 0 -1
    outer loop
      vertex -13.9782 -18.1592 0
      vertex 13.9782 -18.1592 0
      vertex 17.5868 -20.2 0
    endloop
  endfacet
  facet normal 0 0 -1
    outer loop
      vertex 12.0302 -15.6205 0
      vertex 8.55599 -13.5057 0
      vertex 12.0028 -15.2028 0
    endloop
  endfacet
  facet normal 0 0 -1
    outer loop
      vertex 12.1118 -16.031 0
      vertex 8.55599 -13.5057 0
      vertex 12.0302 -15.6205 0
    endloop
  endfacet
  facet normal 0 0 -1
    outer loop
      vertex 12.2464 -16.4274 0
      vertex 8.55599 -13.5057 0
      vertex 12.1118 -16.031 0
    endloop
  endfacet
  facet normal 0 0 -1
    outer loop
      vertex 12.4315 -16.8028 0
      vertex 8.55599 -13.5057 0
      vertex 12.2464 -16.4274 0
    endloop
  endfacet
  facet normal 0 0 -1
    outer loop
      vertex 12.6641 -17.1508 0
      vertex 8.55599 -13.5057 0
      vertex 12.4315 -16.8028 0
    endloop
  endfacet
  facet normal 0 0 -1
    outer loop
      vertex -12.6641 -17.1508 0
      vertex 12.6641 -17.1508 0
      vertex 12.9401 -17.4655 0
    endloop
  endfacet
  facet normal 0 0 -1
    outer loop
      vertex 8.69741 4.73762 0
      vertex 4.34871 0 0
      vertex 5.03814 2.59862 0
    endloop
  endfacet
  facet normal 0 0 -1
    outer loop
      vertex 5.16188 -10.1116 0
      vertex 0 -4.34871 0
      vertex 4.34871 0 0
    endloop
  endfacet
  facet normal 0 0 -1
    outer loop
      vertex -3.37644 -5.81595 0
      vertex 0 -4.34871 0
      vertex 5.16188 -10.1116 0
    endloop
  endfacet
  facet normal -0 0 -1
    outer loop
      vertex 0 -4.34871 0
      vertex -3.37644 -5.81595 0
      vertex -0.954594 -3.39411 0
    endloop
  endfacet
  facet normal 0 0 -1
    outer loop
      vertex -12.1118 -16.031 0
      vertex 5.16188 -10.1116 0
      vertex 8.55599 -13.5057 0
    endloop
  endfacet
  facet normal 0 0 -1
    outer loop
      vertex 12.6641 -17.1508 0
      vertex -12.6641 -17.1508 0
      vertex 8.55599 -13.5057 0
    endloop
  endfacet
  facet normal 0 0 -1
    outer loop
      vertex -12.9401 -17.4655 0
      vertex 12.9401 -17.4655 0
      vertex 13.2548 -17.7415 0
    endloop
  endfacet
  facet normal 0 0 -1
    outer loop
      vertex -12.1118 -14.3746 0
      vertex -3.37644 -5.81595 0
      vertex -12.0302 -14.7851 0
    endloop
  endfacet
  facet normal 0 0 -1
    outer loop
      vertex -12.0302 -14.7851 0
      vertex -3.37644 -5.81595 0
      vertex -12.0028 -15.2028 0
    endloop
  endfacet
  facet normal 0 -0 -1
    outer loop
      vertex -12.0028 -15.2028 0
      vertex 5.16188 -10.1116 0
      vertex -12.0302 -15.6205 0
    endloop
  endfacet
  facet normal 0 0 -1
    outer loop
      vertex -13.2548 -17.7415 0
      vertex 13.2548 -17.7415 0
      vertex 13.6028 -17.9741 0
    endloop
  endfacet
  facet normal 0 0 -1
    outer loop
      vertex 13.9782 -18.1592 0
      vertex -13.9782 -18.1592 0
      vertex 13.6028 -17.9741 0
    endloop
  endfacet
  facet normal -0 0 -1
    outer loop
      vertex 5.16188 -10.1116 0
      vertex -12.0028 -15.2028 0
      vertex -3.37644 -5.81595 0
    endloop
  endfacet
  facet normal 0 0 -1
    outer loop
      vertex 5.16188 -10.1116 0
      vertex -12.1118 -16.031 0
      vertex -12.0302 -15.6205 0
    endloop
  endfacet
  facet normal 0 0 -1
    outer loop
      vertex 8.55599 -13.5057 0
      vertex -12.2464 -16.4274 0
      vertex -12.1118 -16.031 0
    endloop
  endfacet
  facet normal 0 0 -1
    outer loop
      vertex 8.55599 -13.5057 0
      vertex -12.4315 -16.8028 0
      vertex -12.2464 -16.4274 0
    endloop
  endfacet
  facet normal 0 0 -1
    outer loop
      vertex 8.55599 -13.5057 0
      vertex -12.6641 -17.1508 0
      vertex -12.4315 -16.8028 0
    endloop
  endfacet
  facet normal 0 0 -1
    outer loop
      vertex 12.9401 -17.4655 0
      vertex -12.9401 -17.4655 0
      vertex -12.6641 -17.1508 0
    endloop
  endfacet
  facet normal 0 0 -1
    outer loop
      vertex 13.2548 -17.7415 0
      vertex -13.2548 -17.7415 0
      vertex -12.9401 -17.4655 0
    endloop
  endfacet
  facet normal 0 0 -1
    outer loop
      vertex 13.6028 -17.9741 0
      vertex -13.6028 -17.9741 0
      vertex -13.2548 -17.7415 0
    endloop
  endfacet
  facet normal -0 0 -1
    outer loop
      vertex 13.6028 -17.9741 0
      vertex -13.9782 -18.1592 0
      vertex -13.6028 -17.9741 0
    endloop
  endfacet
  facet normal 0 0 -1
    outer loop
      vertex -17.5868 -20.2 0
      vertex -13.9782 -18.1592 0
      vertex 17.5868 -20.2 0
    endloop
  endfacet
  facet normal 0 0 -1
    outer loop
      vertex -13.9782 -18.1592 0
      vertex -17.5868 -20.2 0
      vertex -14.3746 -18.2938 0
    endloop
  endfacet
  facet normal 0 0 -1
    outer loop
      vertex -14.3746 -18.2938 0
      vertex -17.5868 -20.2 0
      vertex -16.8582 -19.0628 0
    endloop
  endfacet
  facet normal 0 0 -1
    outer loop
      vertex -16.8582 -19.0628 0
      vertex -17.5868 -20.2 0
      vertex -17.0892 -19.1087 0
    endloop
  endfacet
  facet normal 0 0 -1
    outer loop
      vertex -17.0892 -19.1087 0
      vertex -17.5868 -20.2 0
      vertex -17.3241 -19.1241 0
    endloop
  endfacet
  facet normal 0 0 -1
    outer loop
      vertex -17.5868 -20.2 0
      vertex -17.5591 -19.1087 0
      vertex -17.3241 -19.1241 0
    endloop
  endfacet
  facet normal 0 0 -1
    outer loop
      vertex -17.9392 -20.1769 0
      vertex -17.5591 -19.1087 0
      vertex -17.5868 -20.2 0
    endloop
  endfacet
  facet normal -0 0 -1
    outer loop
      vertex -17.5591 -19.1087 0
      vertex -17.9392 -20.1769 0
      vertex -17.79 -19.0628 0
    endloop
  endfacet
  facet normal 0 0 -1
    outer loop
      vertex -18.2727 -20.1105 0
      vertex -17.79 -19.0628 0
      vertex -17.9392 -20.1769 0
    endloop
  endfacet
  facet normal -0 0 -1
    outer loop
      vertex -17.79 -19.0628 0
      vertex -18.2727 -20.1105 0
      vertex -18.0129 -18.9871 0
    endloop
  endfacet
  facet normal 0 0 -1
    outer loop
      vertex -18.5946 -20.0013 0
      vertex -18.0129 -18.9871 0
      vertex -18.2727 -20.1105 0
    endloop
  endfacet
  facet normal -0 0 -1
    outer loop
      vertex -18.0129 -18.9871 0
      vertex -18.5946 -20.0013 0
      vertex -18.2241 -18.883 0
    endloop
  endfacet
  facet normal 0 0 -1
    outer loop
      vertex -18.8995 -19.8509 0
      vertex -18.2241 -18.883 0
      vertex -18.5946 -20.0013 0
    endloop
  endfacet
  facet normal -0 0 -1
    outer loop
      vertex -18.2241 -18.883 0
      vertex -18.8995 -19.8509 0
      vertex -18.4199 -18.7522 0
    endloop
  endfacet
  facet normal 0 0 -1
    outer loop
      vertex -19.1823 -19.662 0
      vertex -18.4199 -18.7522 0
      vertex -18.8995 -19.8509 0
    endloop
  endfacet
  facet normal -0 0 -1
    outer loop
      vertex -18.4199 -18.7522 0
      vertex -19.1823 -19.662 0
      vertex -18.5969 -18.5969 0
    endloop
  endfacet
  facet normal 0 0 -1
    outer loop
      vertex -19.4379 -19.4379 0
      vertex -18.5969 -18.5969 0
      vertex -19.1823 -19.662 0
    endloop
  endfacet
  facet normal 0 0 -1
    outer loop
      vertex -19.662 -19.1823 0
      vertex -18.5969 -18.5969 0
      vertex -19.4379 -19.4379 0
    endloop
  endfacet
  facet normal -0 0 -1
    outer loop
      vertex -18.5969 -18.5969 0
      vertex -19.662 -19.1823 0
      vertex -18.7522 -18.4199 0
    endloop
  endfacet
  facet normal 0 0 -1
    outer loop
      vertex -19.8509 -18.8995 0
      vertex -18.7522 -18.4199 0
      vertex -19.662 -19.1823 0
    endloop
  endfacet
  facet normal -0 0 -1
    outer loop
      vertex -18.883 -18.2241 0
      vertex -20.0013 -18.5946 0
      vertex -18.9871 -18.0129 0
    endloop
  endfacet
  facet normal 0 0 -1
    outer loop
      vertex -20.0013 -18.5946 0
      vertex -18.883 -18.2241 0
      vertex -19.8509 -18.8995 0
    endloop
  endfacet
  facet normal -0 0 -1
    outer loop
      vertex -18.7522 -18.4199 0
      vertex -19.8509 -18.8995 0
      vertex -18.883 -18.2241 0
    endloop
  endfacet
  facet normal 0 0 -1
    outer loop
      vertex 19.1087 -17.5591 0
      vertex 20.2 -17.5868 0
      vertex 20.1769 -17.9392 0
    endloop
  endfacet
  facet normal 0 0 -1
    outer loop
      vertex 19.1087 -17.5591 0
      vertex 20.1769 -17.9392 0
      vertex 20.1105 -18.2727 0
    endloop
  endfacet
  facet normal 0 0 -1
    outer loop
      vertex 19.1087 -17.5591 0
      vertex 20.1105 -18.2727 0
      vertex 20.0013 -18.5946 0
    endloop
  endfacet
  facet normal 0 0 -1
    outer loop
      vertex 19.1087 -17.5591 0
      vertex 20.0013 -18.5946 0
      vertex 19.8509 -18.8995 0
    endloop
  endfacet
  facet normal 0 0 -1
    outer loop
      vertex 19.1087 -17.5591 0
      vertex 19.8509 -18.8995 0
      vertex 19.662 -19.1823 0
    endloop
  endfacet
  facet normal 0 0 -1
    outer loop
      vertex 19.1087 -17.5591 0
      vertex 19.662 -19.1823 0
      vertex 19.4379 -19.4379 0
    endloop
  endfacet
  facet normal 0 0 -1
    outer loop
      vertex 18.5969 -18.5969 0
      vertex 19.4379 -19.4379 0
      vertex 19.1823 -19.662 0
    endloop
  endfacet
  facet normal 0 0 -1
    outer loop
      vertex 20.2 -17.5868 0
      vertex 19.1241 -17.3241 0
      vertex 19.1087 -17.0892 0
    endloop
  endfacet
  facet normal 0 0 -1
    outer loop
      vertex 20.2 -17.5868 0
      vertex 19.1087 -17.0892 0
      vertex 19.0628 -16.8582 0
    endloop
  endfacet
  facet normal 0 0 -1
    outer loop
      vertex 18.2938 -14.3746 0
      vertex 20.2 -17.5868 0
      vertex 19.0628 -16.8582 0
    endloop
  endfacet
  facet normal 0 0 -1
    outer loop
      vertex 20.2 -17.5868 0
      vertex 18.8798 12.2329 0
      vertex 20.2 16.2402 0
    endloop
  endfacet
  facet normal 0 0 -1
    outer loop
      vertex 20.2 16.2402 0
      vertex 18.8798 12.2329 0
      vertex 17.5362 13.5765 0
    endloop
  endfacet
  facet normal 0 0 -1
    outer loop
      vertex 12.2329 18.8798 0
      vertex 16.2402 20.2 0
      vertex 13.5765 17.5362 0
    endloop
  endfacet
  facet normal 0 0 -1
    outer loop
      vertex 0 4.34871 0
      vertex 4.73762 8.69741 0
      vertex 2.59862 5.03814 0
    endloop
  endfacet
  facet normal 0 0 -1
    outer loop
      vertex 0 4.34871 0
      vertex 2.59862 5.03814 0
      vertex 0.954594 3.39411 0
    endloop
  endfacet
  facet normal -0 0 -1
    outer loop
      vertex 4.73762 8.69741 0
      vertex 0 4.34871 0
      vertex -5.16188 10.1116 0
    endloop
  endfacet
  facet normal 0 0 -1
    outer loop
      vertex -5.16188 10.1116 0
      vertex 0 4.34871 0
      vertex -4.34871 0 0
    endloop
  endfacet
  facet normal 0 0 -1
    outer loop
      vertex 4.73762 8.69741 0
      vertex -5.16188 10.1116 0
      vertex 7.56604 14.2128 0
    endloop
  endfacet
  facet normal 0 0 -1
    outer loop
      vertex -8.55599 13.5057 0
      vertex 7.56604 14.2128 0
      vertex -5.16188 10.1116 0
    endloop
  endfacet
  facet normal 0 0 -1
    outer loop
      vertex -12.6641 17.1508 0
      vertex 7.56604 14.2128 0
      vertex -8.55599 13.5057 0
    endloop
  endfacet
  facet normal 0 0 -1
    outer loop
      vertex 7.56604 14.2128 0
      vertex -12.6641 17.1508 0
      vertex 12.2329 18.8798 0
    endloop
  endfacet
  facet normal 0 0 -1
    outer loop
      vertex -12.0302 15.6205 0
      vertex -8.55599 13.5057 0
      vertex -12.0028 15.2028 0
    endloop
  endfacet
  facet normal 0 0 -1
    outer loop
      vertex -12.1118 16.031 0
      vertex -8.55599 13.5057 0
      vertex -12.0302 15.6205 0
    endloop
  endfacet
  facet normal 0 0 -1
    outer loop
      vertex -12.2464 16.4274 0
      vertex -8.55599 13.5057 0
      vertex -12.1118 16.031 0
    endloop
  endfacet
  facet normal 0 0 -1
    outer loop
      vertex -12.4315 16.8028 0
      vertex -8.55599 13.5057 0
      vertex -12.2464 16.4274 0
    endloop
  endfacet
  facet normal 0 0 -1
    outer loop
      vertex -12.6641 17.1508 0
      vertex -8.55599 13.5057 0
      vertex -12.4315 16.8028 0
    endloop
  endfacet
  facet normal 0 0 -1
    outer loop
      vertex -12.9401 17.4655 0
      vertex 12.2329 18.8798 0
      vertex -12.6641 17.1508 0
    endloop
  endfacet
  facet normal 0 0 -1
    outer loop
      vertex -13.2548 17.7415 0
      vertex 12.2329 18.8798 0
      vertex -12.9401 17.4655 0
    endloop
  endfacet
  facet normal 0 0 -1
    outer loop
      vertex -13.6028 17.9741 0
      vertex 12.2329 18.8798 0
      vertex -13.2548 17.7415 0
    endloop
  endfacet
  facet normal 0 0 -1
    outer loop
      vertex -13.9782 18.1592 0
      vertex 12.2329 18.8798 0
      vertex -13.6028 17.9741 0
    endloop
  endfacet
  facet normal 0 0 -1
    outer loop
      vertex -17.5868 20.2 0
      vertex 12.2329 18.8798 0
      vertex -13.9782 18.1592 0
    endloop
  endfacet
  facet normal 0 0 -1
    outer loop
      vertex -17.5868 20.2 0
      vertex -13.9782 18.1592 0
      vertex -14.3746 18.2938 0
    endloop
  endfacet
  facet normal 0 0 -1
    outer loop
      vertex -17.5868 20.2 0
      vertex -14.3746 18.2938 0
      vertex -16.8582 19.0628 0
    endloop
  endfacet
  facet normal 0 0 -1
    outer loop
      vertex -17.5868 20.2 0
      vertex -16.8582 19.0628 0
      vertex -17.0892 19.1087 0
    endloop
  endfacet
  facet normal 0 0 -1
    outer loop
      vertex -17.5868 20.2 0
      vertex -17.0892 19.1087 0
      vertex -17.3241 19.1241 0
    endloop
  endfacet
  facet normal 0 0 -1
    outer loop
      vertex 12.2329 18.8798 0
      vertex -17.5868 20.2 0
      vertex 16.2402 20.2 0
    endloop
  endfacet
  facet normal 0 0 -1
    outer loop
      vertex -17.5591 19.1087 0
      vertex -17.5868 20.2 0
      vertex -17.3241 19.1241 0
    endloop
  endfacet
  facet normal 0 0 -1
    outer loop
      vertex -17.9392 20.1769 0
      vertex -17.5591 19.1087 0
      vertex -17.79 19.0628 0
    endloop
  endfacet
  facet normal 0 0 -1
    outer loop
      vertex -17.5591 19.1087 0
      vertex -17.9392 20.1769 0
      vertex -17.5868 20.2 0
    endloop
  endfacet
  facet normal 0 0 -1
    outer loop
      vertex -18.2727 20.1105 0
      vertex -17.79 19.0628 0
      vertex -18.0129 18.9871 0
    endloop
  endfacet
  facet normal 0 0 -1
    outer loop
      vertex -18.5946 20.0013 0
      vertex -18.0129 18.9871 0
      vertex -18.2241 18.883 0
    endloop
  endfacet
  facet normal 0 0 -1
    outer loop
      vertex -17.79 19.0628 0
      vertex -18.2727 20.1105 0
      vertex -17.9392 20.1769 0
    endloop
  endfacet
  facet normal 0 0 -1
    outer loop
      vertex -18.8995 19.8509 0
      vertex -18.2241 18.883 0
      vertex -18.4199 18.7522 0
    endloop
  endfacet
  facet normal 0 0 -1
    outer loop
      vertex -18.0129 18.9871 0
      vertex -18.5946 20.0013 0
      vertex -18.2727 20.1105 0
    endloop
  endfacet
  facet normal 0 0 -1
    outer loop
      vertex -19.1823 19.662 0
      vertex -18.4199 18.7522 0
      vertex -18.5969 18.5969 0
    endloop
  endfacet
  facet normal 0 0 -1
    outer loop
      vertex -19.662 19.1823 0
      vertex -18.5969 18.5969 0
      vertex -18.7522 18.4199 0
    endloop
  endfacet
  facet normal 0 0 -1
    outer loop
      vertex -19.8509 18.8995 0
      vertex -18.7522 18.4199 0
      vertex -18.883 18.2241 0
    endloop
  endfacet
  facet normal 0 0 -1
    outer loop
      vertex -18.2241 18.883 0
      vertex -18.8995 19.8509 0
      vertex -18.5946 20.0013 0
    endloop
  endfacet
  facet normal 0 0 -1
    outer loop
      vertex -20.0013 18.5946 0
      vertex -18.883 18.2241 0
      vertex -18.9871 18.0129 0
    endloop
  endfacet
  facet normal 0 0 -1
    outer loop
      vertex -20.1105 18.2727 0
      vertex -18.9871 18.0129 0
      vertex -19.0628 17.79 0
    endloop
  endfacet
  facet normal 0 0 -1
    outer loop
      vertex -20.1769 17.9392 0
      vertex -19.0628 17.79 0
      vertex -19.1087 17.5591 0
    endloop
  endfacet
  facet normal 0 0 -1
    outer loop
      vertex -18.4199 18.7522 0
      vertex -19.1823 19.662 0
      vertex -18.8995 19.8509 0
    endloop
  endfacet
  facet normal 0 0 -1
    outer loop
      vertex -20.2 17.5868 0
      vertex -19.1087 17.5591 0
      vertex -19.1241 17.3241 0
    endloop
  endfacet
  facet normal -0 0 -1
    outer loop
      vertex -19.1241 -17.3241 0
      vertex -20.2 -17.5868 0
      vertex -19.1241 17.3241 0
    endloop
  endfacet
  facet normal 0 0 -1
    outer loop
      vertex -20.1105 -18.2727 0
      vertex -18.9871 -18.0129 0
      vertex -20.0013 -18.5946 0
    endloop
  endfacet
  facet normal 0 0 -1
    outer loop
      vertex -20.2 17.5868 0
      vertex -19.1241 17.3241 0
      vertex -20.2 -17.5868 0
    endloop
  endfacet
  facet normal -0 0 -1
    outer loop
      vertex -18.9871 -18.0129 0
      vertex -20.1105 -18.2727 0
      vertex -19.0628 -17.79 0
    endloop
  endfacet
  facet normal 0 0 -1
    outer loop
      vertex -19.1087 17.5591 0
      vertex -20.2 17.5868 0
      vertex -20.1769 17.9392 0
    endloop
  endfacet
  facet normal 0 0 -1
    outer loop
      vertex -20.1769 -17.9392 0
      vertex -19.0628 -17.79 0
      vertex -20.1105 -18.2727 0
    endloop
  endfacet
  facet normal 0 0 -1
    outer loop
      vertex -18.5969 18.5969 0
      vertex -19.4379 19.4379 0
      vertex -19.1823 19.662 0
    endloop
  endfacet
  facet normal -0 0 -1
    outer loop
      vertex -19.0628 -17.79 0
      vertex -20.1769 -17.9392 0
      vertex -19.1087 -17.5591 0
    endloop
  endfacet
  facet normal 0 0 -1
    outer loop
      vertex -18.5969 18.5969 0
      vertex -19.662 19.1823 0
      vertex -19.4379 19.4379 0
    endloop
  endfacet
  facet normal 0 0 -1
    outer loop
      vertex -20.2 -17.5868 0
      vertex -19.1087 -17.5591 0
      vertex -20.1769 -17.9392 0
    endloop
  endfacet
  facet normal 0 0 -1
    outer loop
      vertex -18.7522 18.4199 0
      vertex -19.8509 18.8995 0
      vertex -19.662 19.1823 0
    endloop
  endfacet
  facet normal -0 0 -1
    outer loop
      vertex -19.1087 -17.5591 0
      vertex -20.2 -17.5868 0
      vertex -19.1241 -17.3241 0
    endloop
  endfacet
  facet normal 0 0 -1
    outer loop
      vertex -18.883 18.2241 0
      vertex -20.0013 18.5946 0
      vertex -19.8509 18.8995 0
    endloop
  endfacet
  facet normal 0 0 -1
    outer loop
      vertex -18.9871 18.0129 0
      vertex -20.1105 18.2727 0
      vertex -20.0013 18.5946 0
    endloop
  endfacet
  facet normal 0 0 -1
    outer loop
      vertex -19.0628 17.79 0
      vertex -20.1769 17.9392 0
      vertex -20.1105 18.2727 0
    endloop
  endfacet
  facet normal 0 0 -1
    outer loop
      vertex -8.55599 13.5057 0
      vertex -12.0302 14.7851 0
      vertex -12.0028 15.2028 0
    endloop
  endfacet
  facet normal 0 0 -1
    outer loop
      vertex -8.55599 13.5057 0
      vertex -12.1118 14.3746 0
      vertex -12.0302 14.7851 0
    endloop
  endfacet
  facet normal 0 0 -1
    outer loop
      vertex -8.55599 13.5057 0
      vertex -12.2464 13.9782 0
      vertex -12.1118 14.3746 0
    endloop
  endfacet
  facet normal 0 0 -1
    outer loop
      vertex -8.55599 13.5057 0
      vertex -12.4315 13.6028 0
      vertex -12.2464 13.9782 0
    endloop
  endfacet
  facet normal -0 0 -1
    outer loop
      vertex -8.55599 13.5057 0
      vertex -12.6641 13.2548 0
      vertex -12.4315 13.6028 0
    endloop
  endfacet
  facet normal 0 0 -1
    outer loop
      vertex -8.55599 13.5057 0
      vertex -12.9401 12.9401 0
      vertex -12.6641 13.2548 0
    endloop
  endfacet
  facet normal 0 0 -1
    outer loop
      vertex -13.5057 8.55599 0
      vertex -12.9401 12.9401 0
      vertex -8.55599 13.5057 0
    endloop
  endfacet
  facet normal 0 0 -1
    outer loop
      vertex -12.9401 12.9401 0
      vertex -13.5057 8.55599 0
      vertex -13.2548 12.6641 0
    endloop
  endfacet
  facet normal 0 0 -1
    outer loop
      vertex -13.5057 8.55599 0
      vertex -13.6028 12.4315 0
      vertex -13.2548 12.6641 0
    endloop
  endfacet
  facet normal 0 0 -1
    outer loop
      vertex -14.7851 -12.0302 0
      vertex -5.81595 -3.37644 0
      vertex -14.3746 -12.1118 0
    endloop
  endfacet
  facet normal 0 0 -1
    outer loop
      vertex -15.2028 -12.0028 0
      vertex -5.81595 -3.37644 0
      vertex -14.7851 -12.0302 0
    endloop
  endfacet
  facet normal 0 0 -1
    outer loop
      vertex -13.5057 8.55599 0
      vertex -13.9782 12.2464 0
      vertex -13.6028 12.4315 0
    endloop
  endfacet
  facet normal -0 0 -1
    outer loop
      vertex -5.81595 -3.37644 0
      vertex -15.2028 -12.0028 0
      vertex -10.1116 5.16188 0
    endloop
  endfacet
  facet normal 0 0 -1
    outer loop
      vertex -13.5057 8.55599 0
      vertex -14.3746 12.1118 0
      vertex -13.9782 12.2464 0
    endloop
  endfacet
  facet normal 0 0 -1
    outer loop
      vertex -15.6205 -12.0302 0
      vertex -10.1116 5.16188 0
      vertex -15.2028 -12.0028 0
    endloop
  endfacet
  facet normal 0 0 -1
    outer loop
      vertex -13.5057 8.55599 0
      vertex -14.7851 12.0302 0
      vertex -14.3746 12.1118 0
    endloop
  endfacet
  facet normal 0 0 -1
    outer loop
      vertex -16.031 -12.1118 0
      vertex -10.1116 5.16188 0
      vertex -15.6205 -12.0302 0
    endloop
  endfacet
  facet normal 0 0 -1
    outer loop
      vertex -13.5057 8.55599 0
      vertex -15.2028 12.0028 0
      vertex -14.7851 12.0302 0
    endloop
  endfacet
  facet normal -0 0 -1
    outer loop
      vertex -10.1116 5.16188 0
      vertex -16.031 -12.1118 0
      vertex -13.5057 8.55599 0
    endloop
  endfacet
  facet normal 0 0 -1
    outer loop
      vertex -13.5057 8.55599 0
      vertex -15.6205 12.0302 0
      vertex -15.2028 12.0028 0
    endloop
  endfacet
  facet normal 0 0 -1
    outer loop
      vertex -16.4274 -12.2464 0
      vertex -13.5057 8.55599 0
      vertex -16.031 -12.1118 0
    endloop
  endfacet
  facet normal 0 0 -1
    outer loop
      vertex -13.5057 8.55599 0
      vertex -16.031 12.1118 0
      vertex -15.6205 12.0302 0
    endloop
  endfacet
  facet normal 0 0 -1
    outer loop
      vertex -16.8028 -12.4315 0
      vertex -13.5057 8.55599 0
      vertex -16.4274 -12.2464 0
    endloop
  endfacet
  facet normal 0 0 -1
    outer loop
      vertex -13.5057 8.55599 0
      vertex -16.4274 12.2464 0
      vertex -16.031 12.1118 0
    endloop
  endfacet
  facet normal 0 0 -1
    outer loop
      vertex -17.1508 -12.6641 0
      vertex -13.5057 8.55599 0
      vertex -16.8028 -12.4315 0
    endloop
  endfacet
  facet normal 0 0 -1
    outer loop
      vertex -13.5057 8.55599 0
      vertex -16.8028 12.4315 0
      vertex -16.4274 12.2464 0
    endloop
  endfacet
  facet normal 0 0 -1
    outer loop
      vertex -17.1508 12.6641 0
      vertex -13.5057 8.55599 0
      vertex -17.1508 -12.6641 0
    endloop
  endfacet
  facet normal 0 0 -1
    outer loop
      vertex -13.5057 8.55599 0
      vertex -17.1508 12.6641 0
      vertex -16.8028 12.4315 0
    endloop
  endfacet
  facet normal 0 0 -1
    outer loop
      vertex -17.4655 -12.9401 0
      vertex -17.1508 12.6641 0
      vertex -17.1508 -12.6641 0
    endloop
  endfacet
  facet normal 0 0 -1
    outer loop
      vertex -17.4655 -12.9401 0
      vertex -17.4655 12.9401 0
      vertex -17.1508 12.6641 0
    endloop
  endfacet
  facet normal 0 0 -1
    outer loop
      vertex -17.7415 -13.2548 0
      vertex -17.4655 12.9401 0
      vertex -17.4655 -12.9401 0
    endloop
  endfacet
  facet normal 0 0 -1
    outer loop
      vertex -17.7415 -13.2548 0
      vertex -17.7415 13.2548 0
      vertex -17.4655 12.9401 0
    endloop
  endfacet
  facet normal 0 0 -1
    outer loop
      vertex -17.9741 -13.6028 0
      vertex -17.7415 13.2548 0
      vertex -17.7415 -13.2548 0
    endloop
  endfacet
  facet normal 0 0 -1
    outer loop
      vertex -17.9741 -13.6028 0
      vertex -17.9741 13.6028 0
      vertex -17.7415 13.2548 0
    endloop
  endfacet
  facet normal 0 0 -1
    outer loop
      vertex -18.1592 -13.9782 0
      vertex -17.9741 13.6028 0
      vertex -17.9741 -13.6028 0
    endloop
  endfacet
  facet normal 0 0 -1
    outer loop
      vertex -18.1592 -13.9782 0
      vertex -18.1592 13.9782 0
      vertex -17.9741 13.6028 0
    endloop
  endfacet
  facet normal 0 0 -1
    outer loop
      vertex -18.2938 -14.3746 0
      vertex -18.1592 13.9782 0
      vertex -18.1592 -13.9782 0
    endloop
  endfacet
  facet normal 0 0 -1
    outer loop
      vertex -18.2938 -14.3746 0
      vertex -18.2938 14.3746 0
      vertex -18.1592 13.9782 0
    endloop
  endfacet
  facet normal 0 0 -1
    outer loop
      vertex -19.0628 -16.8582 0
      vertex -18.2938 14.3746 0
      vertex -18.2938 -14.3746 0
    endloop
  endfacet
  facet normal 0 0 -1
    outer loop
      vertex -19.0628 -16.8582 0
      vertex -19.0628 16.8582 0
      vertex -18.2938 14.3746 0
    endloop
  endfacet
  facet normal 0 0 -1
    outer loop
      vertex -19.1087 -17.0892 0
      vertex -19.0628 16.8582 0
      vertex -19.0628 -16.8582 0
    endloop
  endfacet
  facet normal 0 0 -1
    outer loop
      vertex -19.1087 -17.0892 0
      vertex -19.1087 17.0892 0
      vertex -19.0628 16.8582 0
    endloop
  endfacet
  facet normal 0 0 -1
    outer loop
      vertex -19.1241 -17.3241 0
      vertex -19.1087 17.0892 0
      vertex -19.1087 -17.0892 0
    endloop
  endfacet
  facet normal -0 0 -1
    outer loop
      vertex -19.1087 17.0892 0
      vertex -19.1241 -17.3241 0
      vertex -19.1241 17.3241 0
    endloop
  endfacet
  facet normal 0 0 -1
    outer loop
      vertex 5.03814 2.59862 0
      vertex 4.34871 0 0
      vertex 3.39411 0.954594 0
    endloop
  endfacet
  facet normal 0 0 -1
    outer loop
      vertex -5.81595 -3.37644 0
      vertex -4.34871 0 0
      vertex -3.39411 -0.954594 0
    endloop
  endfacet
  facet normal 0 0 -1
    outer loop
      vertex -10.1116 5.16188 0
      vertex -4.34871 0 0
      vertex -5.81595 -3.37644 0
    endloop
  endfacet
  facet normal 0 0 -1
    outer loop
      vertex -4.34871 0 0
      vertex -10.1116 5.16188 0
      vertex -5.16188 10.1116 0
    endloop
  endfacet
  facet normal 0 0 -1
    outer loop
      vertex -12.2464 -13.9782 0
      vertex -3.37644 -5.81595 0
      vertex -12.1118 -14.3746 0
    endloop
  endfacet
  facet normal 0 0 -1
    outer loop
      vertex -12.4315 -13.6028 0
      vertex -3.37644 -5.81595 0
      vertex -12.2464 -13.9782 0
    endloop
  endfacet
  facet normal 0 0 -1
    outer loop
      vertex -12.6641 -13.2548 0
      vertex -3.37644 -5.81595 0
      vertex -12.4315 -13.6028 0
    endloop
  endfacet
  facet normal 0 0 -1
    outer loop
      vertex -12.9401 -12.9401 0
      vertex -3.37644 -5.81595 0
      vertex -12.6641 -13.2548 0
    endloop
  endfacet
  facet normal -0 0 -1
    outer loop
      vertex -3.37644 -5.81595 0
      vertex -12.9401 -12.9401 0
      vertex -5.81595 -3.37644 0
    endloop
  endfacet
  facet normal 0 0 -1
    outer loop
      vertex -13.2548 -12.6641 0
      vertex -5.81595 -3.37644 0
      vertex -12.9401 -12.9401 0
    endloop
  endfacet
  facet normal 0 0 -1
    outer loop
      vertex -13.6028 -12.4315 0
      vertex -5.81595 -3.37644 0
      vertex -13.2548 -12.6641 0
    endloop
  endfacet
  facet normal 0 0 -1
    outer loop
      vertex -13.9782 -12.2464 0
      vertex -5.81595 -3.37644 0
      vertex -13.6028 -12.4315 0
    endloop
  endfacet
  facet normal 0 0 -1
    outer loop
      vertex -14.3746 -12.1118 0
      vertex -5.81595 -3.37644 0
      vertex -13.9782 -12.2464 0
    endloop
  endfacet
  facet normal -0.831552 0.555446 0
    outer loop
      vertex -19.8509 18.8995 0
      vertex -19.662 19.1823 0.4
      vertex -19.662 19.1823 0
    endloop
  endfacet
  facet normal -0.831552 0.555446 0
    outer loop
      vertex -19.662 19.1823 0.4
      vertex -19.8509 18.8995 0
      vertex -19.8509 18.8995 0.4
    endloop
  endfacet
  facet normal -0.321254 0.946993 0
    outer loop
      vertex -18.2727 20.1105 0
      vertex -18.5946 20.0013 0.4
      vertex -18.2727 20.1105 0.4
    endloop
  endfacet
  facet normal -0.321254 0.946993 0
    outer loop
      vertex -18.5946 20.0013 0.4
      vertex -18.2727 20.1105 0
      vertex -18.5946 20.0013 0
    endloop
  endfacet
  facet normal 0.946993 -0.321254 0
    outer loop
      vertex 20.0013 -18.5946 0.4
      vertex 20.1105 -18.2727 0
      vertex 20.1105 -18.2727 0.4
    endloop
  endfacet
  facet normal 0.946993 -0.321254 0
    outer loop
      vertex 20.1105 -18.2727 0
      vertex 20.0013 -18.5946 0.4
      vertex 20.0013 -18.5946 0
    endloop
  endfacet
  facet normal -0.321254 -0.946993 0
    outer loop
      vertex -18.5946 -20.0013 0
      vertex -18.2727 -20.1105 0.4
      vertex -18.5946 -20.0013 0.4
    endloop
  endfacet
  facet normal -0.321254 -0.946993 -0
    outer loop
      vertex -18.2727 -20.1105 0.4
      vertex -18.5946 -20.0013 0
      vertex -18.2727 -20.1105 0
    endloop
  endfacet
  facet normal 0.442383 -0.896826 0
    outer loop
      vertex 18.5946 -20.0013 0
      vertex 18.8995 -19.8509 0.4
      vertex 18.5946 -20.0013 0.4
    endloop
  endfacet
  facet normal 0.442383 -0.896826 0
    outer loop
      vertex 18.8995 -19.8509 0.4
      vertex 18.5946 -20.0013 0
      vertex 18.8995 -19.8509 0
    endloop
  endfacet
  facet normal 0.659254 -0.75192 0
    outer loop
      vertex 19.1823 -19.662 0
      vertex 19.4379 -19.4379 0.4
      vertex 19.1823 -19.662 0.4
    endloop
  endfacet
  facet normal 0.659254 -0.75192 0
    outer loop
      vertex 19.4379 -19.4379 0.4
      vertex 19.1823 -19.662 0
      vertex 19.4379 -19.4379 0
    endloop
  endfacet
  facet normal -0.98075 0.195268 0
    outer loop
      vertex -20.1769 17.9392 0
      vertex -20.1105 18.2727 0.4
      vertex -20.1105 18.2727 0
    endloop
  endfacet
  facet normal -0.98075 0.195268 0
    outer loop
      vertex -20.1105 18.2727 0.4
      vertex -20.1769 17.9392 0
      vertex -20.1769 17.9392 0.4
    endloop
  endfacet
  facet normal -0.659254 -0.75192 0
    outer loop
      vertex -19.4379 -19.4379 0
      vertex -19.1823 -19.662 0.4
      vertex -19.4379 -19.4379 0.4
    endloop
  endfacet
  facet normal -0.659254 -0.75192 -0
    outer loop
      vertex -19.1823 -19.662 0.4
      vertex -19.4379 -19.4379 0
      vertex -19.1823 -19.662 0
    endloop
  endfacet
  facet normal 0.831552 -0.555446 0
    outer loop
      vertex 19.662 -19.1823 0.4
      vertex 19.8509 -18.8995 0
      vertex 19.8509 -18.8995 0.4
    endloop
  endfacet
  facet normal 0.831552 -0.555446 0
    outer loop
      vertex 19.8509 -18.8995 0
      vertex 19.662 -19.1823 0.4
      vertex 19.662 -19.1823 0
    endloop
  endfacet
  facet normal -0.195268 0.98075 0
    outer loop
      vertex -17.9392 20.1769 0
      vertex -18.2727 20.1105 0.4
      vertex -17.9392 20.1769 0.4
    endloop
  endfacet
  facet normal -0.195268 0.98075 0
    outer loop
      vertex -18.2727 20.1105 0.4
      vertex -17.9392 20.1769 0
      vertex -18.2727 20.1105 0
    endloop
  endfacet
  facet normal -0.896826 0.442383 0
    outer loop
      vertex -20.0013 18.5946 0
      vertex -19.8509 18.8995 0.4
      vertex -19.8509 18.8995 0
    endloop
  endfacet
  facet normal -0.896826 0.442383 0
    outer loop
      vertex -19.8509 18.8995 0.4
      vertex -20.0013 18.5946 0
      vertex -20.0013 18.5946 0.4
    endloop
  endfacet
  facet normal -0.75192 0.659254 0
    outer loop
      vertex -19.662 19.1823 0
      vertex -19.4379 19.4379 0.4
      vertex -19.4379 19.4379 0
    endloop
  endfacet
  facet normal -0.75192 0.659254 0
    outer loop
      vertex -19.4379 19.4379 0.4
      vertex -19.662 19.1823 0
      vertex -19.662 19.1823 0.4
    endloop
  endfacet
  facet normal -0.195268 -0.98075 0
    outer loop
      vertex -18.2727 -20.1105 0
      vertex -17.9392 -20.1769 0.4
      vertex -18.2727 -20.1105 0.4
    endloop
  endfacet
  facet normal -0.195268 -0.98075 -0
    outer loop
      vertex -17.9392 -20.1769 0.4
      vertex -18.2727 -20.1105 0
      vertex -17.9392 -20.1769 0
    endloop
  endfacet
  facet normal -0.946993 0.321254 0
    outer loop
      vertex -20.1105 18.2727 0
      vertex -20.0013 18.5946 0.4
      vertex -20.0013 18.5946 0
    endloop
  endfacet
  facet normal -0.946993 0.321254 0
    outer loop
      vertex -20.0013 18.5946 0.4
      vertex -20.1105 18.2727 0
      vertex -20.1105 18.2727 0.4
    endloop
  endfacet
  facet normal -0.831552 -0.555446 0
    outer loop
      vertex -19.662 -19.1823 0
      vertex -19.8509 -18.8995 0.4
      vertex -19.8509 -18.8995 0
    endloop
  endfacet
  facet normal -0.831552 -0.555446 0
    outer loop
      vertex -19.8509 -18.8995 0.4
      vertex -19.662 -19.1823 0
      vertex -19.662 -19.1823 0.4
    endloop
  endfacet
  facet normal -0.997858 -0.0654101 0
    outer loop
      vertex -20.1769 -17.9392 0
      vertex -20.2 -17.5868 0.4
      vertex -20.2 -17.5868 0
    endloop
  endfacet
  facet normal -0.997858 -0.0654101 0
    outer loop
      vertex -20.2 -17.5868 0.4
      vertex -20.1769 -17.9392 0
      vertex -20.1769 -17.9392 0.4
    endloop
  endfacet
  facet normal -0.98075 -0.195268 0
    outer loop
      vertex -20.1105 -18.2727 0
      vertex -20.1769 -17.9392 0.4
      vertex -20.1769 -17.9392 0
    endloop
  endfacet
  facet normal -0.98075 -0.195268 0
    outer loop
      vertex -20.1769 -17.9392 0.4
      vertex -20.1105 -18.2727 0
      vertex -20.1105 -18.2727 0.4
    endloop
  endfacet
  facet normal 0.555446 -0.831552 0
    outer loop
      vertex 18.8995 -19.8509 0
      vertex 19.1823 -19.662 0.4
      vertex 18.8995 -19.8509 0.4
    endloop
  endfacet
  facet normal 0.555446 -0.831552 0
    outer loop
      vertex 19.1823 -19.662 0.4
      vertex 18.8995 -19.8509 0
      vertex 19.1823 -19.662 0
    endloop
  endfacet
  facet normal 0.896826 -0.442383 0
    outer loop
      vertex 19.8509 -18.8995 0.4
      vertex 20.0013 -18.5946 0
      vertex 20.0013 -18.5946 0.4
    endloop
  endfacet
  facet normal 0.896826 -0.442383 0
    outer loop
      vertex 20.0013 -18.5946 0
      vertex 19.8509 -18.8995 0.4
      vertex 19.8509 -18.8995 0
    endloop
  endfacet
  facet normal -0.946993 -0.321254 0
    outer loop
      vertex -20.0013 -18.5946 0
      vertex -20.1105 -18.2727 0.4
      vertex -20.1105 -18.2727 0
    endloop
  endfacet
  facet normal -0.946993 -0.321254 0
    outer loop
      vertex -20.1105 -18.2727 0.4
      vertex -20.0013 -18.5946 0
      vertex -20.0013 -18.5946 0.4
    endloop
  endfacet
  facet normal -0.831388 0.555692 0
    outer loop
      vertex -12.6641 13.2548 0
      vertex -12.4315 13.6028 1.6
      vertex -12.4315 13.6028 0
    endloop
  endfacet
  facet normal -0.831388 0.555692 0
    outer loop
      vertex -12.4315 13.6028 1.6
      vertex -12.6641 13.2548 0
      vertex -12.6641 13.2548 1.6
    endloop
  endfacet
  facet normal -0.997855 0.0654566 0
    outer loop
      vertex -12.0302 14.7851 0
      vertex -12.0028 15.2028 1.6
      vertex -12.0028 15.2028 0
    endloop
  endfacet
  facet normal -0.997855 0.0654566 0
    outer loop
      vertex -12.0028 15.2028 1.6
      vertex -12.0302 14.7851 0
      vertex -12.0302 14.7851 1.6
    endloop
  endfacet
  facet normal -0.751821 0.659367 0
    outer loop
      vertex -12.9401 12.9401 0
      vertex -12.6641 13.2548 1.6
      vertex -12.6641 13.2548 0
    endloop
  endfacet
  facet normal -0.751821 0.659367 0
    outer loop
      vertex -12.6641 13.2548 1.6
      vertex -12.9401 12.9401 0
      vertex -12.9401 12.9401 1.6
    endloop
  endfacet
  facet normal -0.0654566 0.997855 0
    outer loop
      vertex -14.7851 12.0302 0
      vertex -15.2028 12.0028 1.6
      vertex -14.7851 12.0302 1.6
    endloop
  endfacet
  facet normal -0.0654566 0.997855 0
    outer loop
      vertex -15.2028 12.0028 1.6
      vertex -14.7851 12.0302 0
      vertex -15.2028 12.0028 0
    endloop
  endfacet
  facet normal -0.321526 -0.946901 0
    outer loop
      vertex -14.3746 18.2938 0
      vertex -13.9782 18.1592 1.6
      vertex -14.3746 18.2938 1.6
    endloop
  endfacet
  facet normal -0.321526 -0.946901 -0
    outer loop
      vertex -13.9782 18.1592 1.6
      vertex -14.3746 18.2938 0
      vertex -13.9782 18.1592 0
    endloop
  endfacet
  facet normal 0.659367 0.751821 -0
    outer loop
      vertex -17.1508 12.6641 0
      vertex -17.4655 12.9401 1.6
      vertex -17.1508 12.6641 1.6
    endloop
  endfacet
  facet normal 0.659367 0.751821 0
    outer loop
      vertex -17.4655 12.9401 1.6
      vertex -17.1508 12.6641 0
      vertex -17.4655 12.9401 0
    endloop
  endfacet
  facet normal -0.997855 -0.0654566 0
    outer loop
      vertex -12.0028 15.2028 0
      vertex -12.0302 15.6205 1.6
      vertex -12.0302 15.6205 0
    endloop
  endfacet
  facet normal -0.997855 -0.0654566 0
    outer loop
      vertex -12.0302 15.6205 1.6
      vertex -12.0028 15.2028 0
      vertex -12.0028 15.2028 1.6
    endloop
  endfacet
  facet normal 0.659526 -0.751682 0
    outer loop
      vertex -18.5969 18.5969 0
      vertex -18.4199 18.7522 1.6
      vertex -18.5969 18.5969 1.6
    endloop
  endfacet
  facet normal 0.659526 -0.751682 0
    outer loop
      vertex -18.4199 18.7522 1.6
      vertex -18.5969 18.5969 0
      vertex -18.4199 18.7522 0
    endloop
  endfacet
  facet normal 0.442237 0.896898 -0
    outer loop
      vertex -16.4274 12.2464 0
      vertex -16.8028 12.4315 1.6
      vertex -16.4274 12.2464 1.6
    endloop
  endfacet
  facet normal 0.442237 0.896898 0
    outer loop
      vertex -16.8028 12.4315 1.6
      vertex -16.4274 12.2464 0
      vertex -16.8028 12.4315 0
    endloop
  endfacet
  facet normal -0.295777 -0.955257 0
    outer loop
      vertex -16.8582 19.0628 0
      vertex -14.3746 18.2938 1.6
      vertex -16.8582 19.0628 1.6
    endloop
  endfacet
  facet normal -0.295777 -0.955257 -0
    outer loop
      vertex -14.3746 18.2938 1.6
      vertex -16.8582 19.0628 0
      vertex -14.3746 18.2938 0
    endloop
  endfacet
  facet normal 0.980809 -0.194972 0
    outer loop
      vertex -19.1087 17.5591 1.6
      vertex -19.0628 17.79 0
      vertex -19.0628 17.79 1.6
    endloop
  endfacet
  facet normal 0.980809 -0.194972 0
    outer loop
      vertex -19.0628 17.79 0
      vertex -19.1087 17.5591 1.6
      vertex -19.1087 17.5591 0
    endloop
  endfacet
  facet normal 0.946884 -0.321575 0
    outer loop
      vertex -19.0628 17.79 1.6
      vertex -18.9871 18.0129 0
      vertex -18.9871 18.0129 1.6
    endloop
  endfacet
  facet normal 0.946884 -0.321575 0
    outer loop
      vertex -18.9871 18.0129 0
      vertex -19.0628 17.79 1.6
      vertex -19.0628 17.79 0
    endloop
  endfacet
  facet normal 0.0653917 -0.99786 0
    outer loop
      vertex -17.5591 19.1087 0
      vertex -17.3241 19.1241 1.6
      vertex -17.5591 19.1087 1.6
    endloop
  endfacet
  facet normal 0.0653917 -0.99786 0
    outer loop
      vertex -17.3241 19.1241 1.6
      vertex -17.5591 19.1087 0
      vertex -17.3241 19.1241 0
    endloop
  endfacet
  facet normal -0.194891 -0.980825 0
    outer loop
      vertex -17.0892 19.1087 0
      vertex -16.8582 19.0628 1.6
      vertex -17.0892 19.1087 1.6
    endloop
  endfacet
  facet normal -0.194891 -0.980825 -0
    outer loop
      vertex -16.8582 19.0628 1.6
      vertex -17.0892 19.1087 0
      vertex -16.8582 19.0628 0
    endloop
  endfacet
  facet normal 0.980825 0.194891 0
    outer loop
      vertex -19.0628 16.8582 1.6
      vertex -19.1087 17.0892 0
      vertex -19.1087 17.0892 1.6
    endloop
  endfacet
  facet normal 0.980825 0.194891 0
    outer loop
      vertex -19.1087 17.0892 0
      vertex -19.0628 16.8582 1.6
      vertex -19.0628 16.8582 0
    endloop
  endfacet
  facet normal -0.555692 -0.831388 0
    outer loop
      vertex -13.6028 17.9741 0
      vertex -13.2548 17.7415 1.6
      vertex -13.6028 17.9741 1.6
    endloop
  endfacet
  facet normal -0.555692 -0.831388 -0
    outer loop
      vertex -13.2548 17.7415 1.6
      vertex -13.6028 17.9741 0
      vertex -13.2548 17.7415 0
    endloop
  endfacet
  facet normal 0.321575 -0.946884 0
    outer loop
      vertex -18.0129 18.9871 0
      vertex -17.79 19.0628 1.6
      vertex -18.0129 18.9871 1.6
    endloop
  endfacet
  facet normal 0.321575 -0.946884 0
    outer loop
      vertex -17.79 19.0628 1.6
      vertex -18.0129 18.9871 0
      vertex -17.79 19.0628 0
    endloop
  endfacet
  facet normal 0.44211 -0.896961 0
    outer loop
      vertex -18.2241 18.883 0
      vertex -18.0129 18.9871 1.6
      vertex -18.2241 18.883 1.6
    endloop
  endfacet
  facet normal 0.44211 -0.896961 0
    outer loop
      vertex -18.0129 18.9871 1.6
      vertex -18.2241 18.883 0
      vertex -18.0129 18.9871 0
    endloop
  endfacet
  facet normal 0.896961 -0.44211 0
    outer loop
      vertex -18.9871 18.0129 1.6
      vertex -18.883 18.2241 0
      vertex -18.883 18.2241 1.6
    endloop
  endfacet
  facet normal 0.896961 -0.44211 0
    outer loop
      vertex -18.883 18.2241 0
      vertex -18.9871 18.0129 1.6
      vertex -18.9871 18.0129 0
    endloop
  endfacet
  facet normal -0.555692 0.831388 0
    outer loop
      vertex -13.2548 12.6641 0
      vertex -13.6028 12.4315 1.6
      vertex -13.2548 12.6641 1.6
    endloop
  endfacet
  facet normal -0.555692 0.831388 0
    outer loop
      vertex -13.6028 12.4315 1.6
      vertex -13.2548 12.6641 0
      vertex -13.6028 12.4315 0
    endloop
  endfacet
  facet normal 0.194972 -0.980809 0
    outer loop
      vertex -17.79 19.0628 0
      vertex -17.5591 19.1087 1.6
      vertex -17.79 19.0628 1.6
    endloop
  endfacet
  facet normal 0.194972 -0.980809 0
    outer loop
      vertex -17.5591 19.1087 1.6
      vertex -17.79 19.0628 0
      vertex -17.5591 19.1087 0
    endloop
  endfacet
  facet normal 0.955257 0.295777 0
    outer loop
      vertex -18.2938 14.3746 1.6
      vertex -19.0628 16.8582 0
      vertex -19.0628 16.8582 1.6
    endloop
  endfacet
  facet normal 0.955257 0.295777 0
    outer loop
      vertex -19.0628 16.8582 0
      vertex -18.2938 14.3746 1.6
      vertex -18.2938 14.3746 0
    endloop
  endfacet
  facet normal -0.442237 0.896898 0
    outer loop
      vertex -13.6028 12.4315 0
      vertex -13.9782 12.2464 1.6
      vertex -13.6028 12.4315 1.6
    endloop
  endfacet
  facet normal -0.442237 0.896898 0
    outer loop
      vertex -13.9782 12.2464 1.6
      vertex -13.6028 12.4315 0
      vertex -13.9782 12.2464 0
    endloop
  endfacet
  facet normal -0.442237 -0.896898 0
    outer loop
      vertex -13.9782 18.1592 0
      vertex -13.6028 17.9741 1.6
      vertex -13.9782 18.1592 1.6
    endloop
  endfacet
  facet normal -0.442237 -0.896898 -0
    outer loop
      vertex -13.6028 17.9741 1.6
      vertex -13.9782 18.1592 0
      vertex -13.6028 17.9741 0
    endloop
  endfacet
  facet normal -0.194967 0.98081 0
    outer loop
      vertex -14.3746 12.1118 0
      vertex -14.7851 12.0302 1.6
      vertex -14.3746 12.1118 1.6
    endloop
  endfacet
  facet normal -0.194967 0.98081 0
    outer loop
      vertex -14.7851 12.0302 1.6
      vertex -14.3746 12.1118 0
      vertex -14.7851 12.0302 0
    endloop
  endfacet
  facet normal 0.555692 0.831388 -0
    outer loop
      vertex -16.8028 12.4315 0
      vertex -17.1508 12.6641 1.6
      vertex -16.8028 12.4315 1.6
    endloop
  endfacet
  facet normal 0.555692 0.831388 0
    outer loop
      vertex -17.1508 12.6641 1.6
      vertex -16.8028 12.4315 0
      vertex -17.1508 12.6641 0
    endloop
  endfacet
  facet normal 0.194967 0.98081 -0
    outer loop
      vertex -15.6205 12.0302 0
      vertex -16.031 12.1118 1.6
      vertex -15.6205 12.0302 1.6
    endloop
  endfacet
  facet normal 0.194967 0.98081 0
    outer loop
      vertex -16.031 12.1118 1.6
      vertex -15.6205 12.0302 0
      vertex -16.031 12.1118 0
    endloop
  endfacet
  facet normal 0.321526 0.946901 -0
    outer loop
      vertex -16.031 12.1118 0
      vertex -16.4274 12.2464 1.6
      vertex -16.031 12.1118 1.6
    endloop
  endfacet
  facet normal 0.321526 0.946901 0
    outer loop
      vertex -16.4274 12.2464 1.6
      vertex -16.031 12.1118 0
      vertex -16.4274 12.2464 0
    endloop
  endfacet
  facet normal -0.321526 0.946901 0
    outer loop
      vertex -13.9782 12.2464 0
      vertex -14.3746 12.1118 1.6
      vertex -13.9782 12.2464 1.6
    endloop
  endfacet
  facet normal -0.321526 0.946901 0
    outer loop
      vertex -14.3746 12.1118 1.6
      vertex -13.9782 12.2464 0
      vertex -14.3746 12.1118 0
    endloop
  endfacet
  facet normal 0.831527 -0.555484 0
    outer loop
      vertex -18.883 18.2241 1.6
      vertex -18.7522 18.4199 0
      vertex -18.7522 18.4199 1.6
    endloop
  endfacet
  facet normal 0.831527 -0.555484 0
    outer loop
      vertex -18.7522 18.4199 0
      vertex -18.883 18.2241 1.6
      vertex -18.883 18.2241 0
    endloop
  endfacet
  facet normal 0.946901 0.321526 0
    outer loop
      vertex -18.1592 13.9782 1.6
      vertex -18.2938 14.3746 0
      vertex -18.2938 14.3746 1.6
    endloop
  endfacet
  facet normal 0.946901 0.321526 0
    outer loop
      vertex -18.2938 14.3746 0
      vertex -18.1592 13.9782 1.6
      vertex -18.1592 13.9782 0
    endloop
  endfacet
  facet normal -0.831388 -0.555692 0
    outer loop
      vertex -12.4315 16.8028 0
      vertex -12.6641 17.1508 1.6
      vertex -12.6641 17.1508 0
    endloop
  endfacet
  facet normal -0.831388 -0.555692 0
    outer loop
      vertex -12.6641 17.1508 1.6
      vertex -12.4315 16.8028 0
      vertex -12.4315 16.8028 1.6
    endloop
  endfacet
  facet normal -0.946901 -0.321526 0
    outer loop
      vertex -12.1118 16.031 0
      vertex -12.2464 16.4274 1.6
      vertex -12.2464 16.4274 0
    endloop
  endfacet
  facet normal -0.946901 -0.321526 0
    outer loop
      vertex -12.2464 16.4274 1.6
      vertex -12.1118 16.031 0
      vertex -12.1118 16.031 1.6
    endloop
  endfacet
  facet normal 0.0654566 0.997855 -0
    outer loop
      vertex -15.2028 12.0028 0
      vertex -15.6205 12.0302 1.6
      vertex -15.2028 12.0028 1.6
    endloop
  endfacet
  facet normal 0.0654566 0.997855 0
    outer loop
      vertex -15.6205 12.0302 1.6
      vertex -15.2028 12.0028 0
      vertex -15.6205 12.0302 0
    endloop
  endfacet
  facet normal -0.98081 -0.194967 0
    outer loop
      vertex -12.0302 15.6205 0
      vertex -12.1118 16.031 1.6
      vertex -12.1118 16.031 0
    endloop
  endfacet
  facet normal -0.98081 -0.194967 0
    outer loop
      vertex -12.1118 16.031 1.6
      vertex -12.0302 15.6205 0
      vertex -12.0302 15.6205 1.6
    endloop
  endfacet
  facet normal -0.659367 0.751821 0
    outer loop
      vertex -12.9401 12.9401 0
      vertex -13.2548 12.6641 1.6
      vertex -12.9401 12.9401 1.6
    endloop
  endfacet
  facet normal -0.659367 0.751821 0
    outer loop
      vertex -13.2548 12.6641 1.6
      vertex -12.9401 12.9401 0
      vertex -13.2548 12.6641 0
    endloop
  endfacet
  facet normal 0.751682 -0.659526 0
    outer loop
      vertex -18.7522 18.4199 1.6
      vertex -18.5969 18.5969 0
      vertex -18.5969 18.5969 1.6
    endloop
  endfacet
  facet normal 0.751682 -0.659526 0
    outer loop
      vertex -18.5969 18.5969 0
      vertex -18.7522 18.4199 1.6
      vertex -18.7522 18.4199 0
    endloop
  endfacet
  facet normal -0.0654194 -0.997858 0
    outer loop
      vertex -17.3241 19.1241 0
      vertex -17.0892 19.1087 1.6
      vertex -17.3241 19.1241 1.6
    endloop
  endfacet
  facet normal -0.0654194 -0.997858 -0
    outer loop
      vertex -17.0892 19.1087 1.6
      vertex -17.3241 19.1241 0
      vertex -17.0892 19.1087 0
    endloop
  endfacet
  facet normal 0.831388 0.555692 0
    outer loop
      vertex -17.7415 13.2548 1.6
      vertex -17.9741 13.6028 0
      vertex -17.9741 13.6028 1.6
    endloop
  endfacet
  facet normal 0.831388 0.555692 0
    outer loop
      vertex -17.9741 13.6028 0
      vertex -17.7415 13.2548 1.6
      vertex -17.7415 13.2548 0
    endloop
  endfacet
  facet normal -0.659367 -0.751821 0
    outer loop
      vertex -13.2548 17.7415 0
      vertex -12.9401 17.4655 1.6
      vertex -13.2548 17.7415 1.6
    endloop
  endfacet
  facet normal -0.659367 -0.751821 -0
    outer loop
      vertex -12.9401 17.4655 1.6
      vertex -13.2548 17.7415 0
      vertex -12.9401 17.4655 0
    endloop
  endfacet
  facet normal 0.896898 0.442237 0
    outer loop
      vertex -17.9741 13.6028 1.6
      vertex -18.1592 13.9782 0
      vertex -18.1592 13.9782 1.6
    endloop
  endfacet
  facet normal 0.896898 0.442237 0
    outer loop
      vertex -18.1592 13.9782 0
      vertex -17.9741 13.6028 1.6
      vertex -17.9741 13.6028 0
    endloop
  endfacet
  facet normal 0.99786 -0.0653917 0
    outer loop
      vertex -19.1241 17.3241 1.6
      vertex -19.1087 17.5591 0
      vertex -19.1087 17.5591 1.6
    endloop
  endfacet
  facet normal 0.99786 -0.0653917 0
    outer loop
      vertex -19.1087 17.5591 0
      vertex -19.1241 17.3241 1.6
      vertex -19.1241 17.3241 0
    endloop
  endfacet
  facet normal 0.997858 0.0654194 0
    outer loop
      vertex -19.1087 17.0892 1.6
      vertex -19.1241 17.3241 0
      vertex -19.1241 17.3241 1.6
    endloop
  endfacet
  facet normal 0.997858 0.0654194 0
    outer loop
      vertex -19.1241 17.3241 0
      vertex -19.1087 17.0892 1.6
      vertex -19.1087 17.0892 0
    endloop
  endfacet
  facet normal -0.896898 -0.442237 0
    outer loop
      vertex -12.2464 16.4274 0
      vertex -12.4315 16.8028 1.6
      vertex -12.4315 16.8028 0
    endloop
  endfacet
  facet normal -0.896898 -0.442237 0
    outer loop
      vertex -12.4315 16.8028 1.6
      vertex -12.2464 16.4274 0
      vertex -12.2464 16.4274 1.6
    endloop
  endfacet
  facet normal -0.946901 0.321526 0
    outer loop
      vertex -12.2464 13.9782 0
      vertex -12.1118 14.3746 1.6
      vertex -12.1118 14.3746 0
    endloop
  endfacet
  facet normal -0.946901 0.321526 0
    outer loop
      vertex -12.1118 14.3746 1.6
      vertex -12.2464 13.9782 0
      vertex -12.2464 13.9782 1.6
    endloop
  endfacet
  facet normal 0.555484 -0.831527 0
    outer loop
      vertex -18.4199 18.7522 0
      vertex -18.2241 18.883 1.6
      vertex -18.4199 18.7522 1.6
    endloop
  endfacet
  facet normal 0.555484 -0.831527 0
    outer loop
      vertex -18.2241 18.883 1.6
      vertex -18.4199 18.7522 0
      vertex -18.2241 18.883 0
    endloop
  endfacet
  facet normal 0.751821 0.659367 0
    outer loop
      vertex -17.4655 12.9401 1.6
      vertex -17.7415 13.2548 0
      vertex -17.7415 13.2548 1.6
    endloop
  endfacet
  facet normal 0.751821 0.659367 0
    outer loop
      vertex -17.7415 13.2548 0
      vertex -17.4655 12.9401 1.6
      vertex -17.4655 12.9401 0
    endloop
  endfacet
  facet normal -0.751821 -0.659367 0
    outer loop
      vertex -12.6641 17.1508 0
      vertex -12.9401 17.4655 1.6
      vertex -12.9401 17.4655 0
    endloop
  endfacet
  facet normal -0.751821 -0.659367 0
    outer loop
      vertex -12.9401 17.4655 1.6
      vertex -12.6641 17.1508 0
      vertex -12.6641 17.1508 1.6
    endloop
  endfacet
  facet normal -0.98081 0.194967 0
    outer loop
      vertex -12.1118 14.3746 0
      vertex -12.0302 14.7851 1.6
      vertex -12.0302 14.7851 0
    endloop
  endfacet
  facet normal -0.98081 0.194967 0
    outer loop
      vertex -12.0302 14.7851 1.6
      vertex -12.1118 14.3746 0
      vertex -12.1118 14.3746 1.6
    endloop
  endfacet
  facet normal -0.896898 0.442237 0
    outer loop
      vertex -12.4315 13.6028 0
      vertex -12.2464 13.9782 1.6
      vertex -12.2464 13.9782 0
    endloop
  endfacet
  facet normal -0.896898 0.442237 0
    outer loop
      vertex -12.2464 13.9782 1.6
      vertex -12.4315 13.6028 0
      vertex -12.4315 13.6028 1.6
    endloop
  endfacet
  facet normal -0.555692 -0.831388 0
    outer loop
      vertex -13.6028 -12.4315 0
      vertex -13.2548 -12.6641 1.6
      vertex -13.6028 -12.4315 1.6
    endloop
  endfacet
  facet normal -0.555692 -0.831388 -0
    outer loop
      vertex -13.2548 -12.6641 1.6
      vertex -13.6028 -12.4315 0
      vertex -13.2548 -12.6641 0
    endloop
  endfacet
  facet normal 0.555692 -0.831388 0
    outer loop
      vertex -17.1508 -12.6641 0
      vertex -16.8028 -12.4315 1.6
      vertex -17.1508 -12.6641 1.6
    endloop
  endfacet
  facet normal 0.555692 -0.831388 0
    outer loop
      vertex -16.8028 -12.4315 1.6
      vertex -17.1508 -12.6641 0
      vertex -16.8028 -12.4315 0
    endloop
  endfacet
  facet normal -0.659367 -0.751821 0
    outer loop
      vertex -13.2548 -12.6641 0
      vertex -12.9401 -12.9401 1.6
      vertex -13.2548 -12.6641 1.6
    endloop
  endfacet
  facet normal -0.659367 -0.751821 -0
    outer loop
      vertex -12.9401 -12.9401 1.6
      vertex -13.2548 -12.6641 0
      vertex -12.9401 -12.9401 0
    endloop
  endfacet
  facet normal -0.997855 -0.0654566 0
    outer loop
      vertex -12.0028 -15.2028 0
      vertex -12.0302 -14.7851 1.6
      vertex -12.0302 -14.7851 0
    endloop
  endfacet
  facet normal -0.997855 -0.0654566 0
    outer loop
      vertex -12.0302 -14.7851 1.6
      vertex -12.0028 -15.2028 0
      vertex -12.0028 -15.2028 1.6
    endloop
  endfacet
  facet normal -0.0654194 0.997858 0
    outer loop
      vertex -17.0892 -19.1087 0
      vertex -17.3241 -19.1241 1.6
      vertex -17.0892 -19.1087 1.6
    endloop
  endfacet
  facet normal -0.0654194 0.997858 0
    outer loop
      vertex -17.3241 -19.1241 1.6
      vertex -17.0892 -19.1087 0
      vertex -17.3241 -19.1241 0
    endloop
  endfacet
  facet normal 0.946901 -0.321526 0
    outer loop
      vertex -18.2938 -14.3746 1.6
      vertex -18.1592 -13.9782 0
      vertex -18.1592 -13.9782 1.6
    endloop
  endfacet
  facet normal 0.946901 -0.321526 0
    outer loop
      vertex -18.1592 -13.9782 0
      vertex -18.2938 -14.3746 1.6
      vertex -18.2938 -14.3746 0
    endloop
  endfacet
  facet normal 0.194967 -0.98081 0
    outer loop
      vertex -16.031 -12.1118 0
      vertex -15.6205 -12.0302 1.6
      vertex -16.031 -12.1118 1.6
    endloop
  endfacet
  facet normal 0.194967 -0.98081 0
    outer loop
      vertex -15.6205 -12.0302 1.6
      vertex -16.031 -12.1118 0
      vertex -15.6205 -12.0302 0
    endloop
  endfacet
  facet normal -0.751821 0.659367 0
    outer loop
      vertex -12.9401 -17.4655 0
      vertex -12.6641 -17.1508 1.6
      vertex -12.6641 -17.1508 0
    endloop
  endfacet
  facet normal -0.751821 0.659367 0
    outer loop
      vertex -12.6641 -17.1508 1.6
      vertex -12.9401 -17.4655 0
      vertex -12.9401 -17.4655 1.6
    endloop
  endfacet
  facet normal 0.0654566 -0.997855 0
    outer loop
      vertex -15.6205 -12.0302 0
      vertex -15.2028 -12.0028 1.6
      vertex -15.6205 -12.0302 1.6
    endloop
  endfacet
  facet normal 0.0654566 -0.997855 0
    outer loop
      vertex -15.2028 -12.0028 1.6
      vertex -15.6205 -12.0302 0
      vertex -15.2028 -12.0028 0
    endloop
  endfacet
  facet normal 0.751682 0.659526 0
    outer loop
      vertex -18.5969 -18.5969 1.6
      vertex -18.7522 -18.4199 0
      vertex -18.7522 -18.4199 1.6
    endloop
  endfacet
  facet normal 0.751682 0.659526 0
    outer loop
      vertex -18.7522 -18.4199 0
      vertex -18.5969 -18.5969 1.6
      vertex -18.5969 -18.5969 0
    endloop
  endfacet
  facet normal -0.442237 0.896898 0
    outer loop
      vertex -13.6028 -17.9741 0
      vertex -13.9782 -18.1592 1.6
      vertex -13.6028 -17.9741 1.6
    endloop
  endfacet
  facet normal -0.442237 0.896898 0
    outer loop
      vertex -13.9782 -18.1592 1.6
      vertex -13.6028 -17.9741 0
      vertex -13.9782 -18.1592 0
    endloop
  endfacet
  facet normal -0.896898 0.442237 0
    outer loop
      vertex -12.4315 -16.8028 0
      vertex -12.2464 -16.4274 1.6
      vertex -12.2464 -16.4274 0
    endloop
  endfacet
  facet normal -0.896898 0.442237 0
    outer loop
      vertex -12.2464 -16.4274 1.6
      vertex -12.4315 -16.8028 0
      vertex -12.4315 -16.8028 1.6
    endloop
  endfacet
  facet normal 0.955257 -0.295777 0
    outer loop
      vertex -19.0628 -16.8582 1.6
      vertex -18.2938 -14.3746 0
      vertex -18.2938 -14.3746 1.6
    endloop
  endfacet
  facet normal 0.955257 -0.295777 0
    outer loop
      vertex -18.2938 -14.3746 0
      vertex -19.0628 -16.8582 1.6
      vertex -19.0628 -16.8582 0
    endloop
  endfacet
  facet normal 0.194972 0.980809 -0
    outer loop
      vertex -17.5591 -19.1087 0
      vertex -17.79 -19.0628 1.6
      vertex -17.5591 -19.1087 1.6
    endloop
  endfacet
  facet normal 0.194972 0.980809 0
    outer loop
      vertex -17.79 -19.0628 1.6
      vertex -17.5591 -19.1087 0
      vertex -17.79 -19.0628 0
    endloop
  endfacet
  facet normal 0.321575 0.946884 -0
    outer loop
      vertex -17.79 -19.0628 0
      vertex -18.0129 -18.9871 1.6
      vertex -17.79 -19.0628 1.6
    endloop
  endfacet
  facet normal 0.321575 0.946884 0
    outer loop
      vertex -18.0129 -18.9871 1.6
      vertex -17.79 -19.0628 0
      vertex -18.0129 -18.9871 0
    endloop
  endfacet
  facet normal 0.99786 0.0653917 0
    outer loop
      vertex -19.1087 -17.5591 1.6
      vertex -19.1241 -17.3241 0
      vertex -19.1241 -17.3241 1.6
    endloop
  endfacet
  facet normal 0.99786 0.0653917 0
    outer loop
      vertex -19.1241 -17.3241 0
      vertex -19.1087 -17.5591 1.6
      vertex -19.1087 -17.5591 0
    endloop
  endfacet
  facet normal 0.980825 -0.194891 0
    outer loop
      vertex -19.1087 -17.0892 1.6
      vertex -19.0628 -16.8582 0
      vertex -19.0628 -16.8582 1.6
    endloop
  endfacet
  facet normal 0.980825 -0.194891 0
    outer loop
      vertex -19.0628 -16.8582 0
      vertex -19.1087 -17.0892 1.6
      vertex -19.1087 -17.0892 0
    endloop
  endfacet
  facet normal 0.831388 -0.555692 0
    outer loop
      vertex -17.9741 -13.6028 1.6
      vertex -17.7415 -13.2548 0
      vertex -17.7415 -13.2548 1.6
    endloop
  endfacet
  facet normal 0.831388 -0.555692 0
    outer loop
      vertex -17.7415 -13.2548 0
      vertex -17.9741 -13.6028 1.6
      vertex -17.9741 -13.6028 0
    endloop
  endfacet
  facet normal 0.946884 0.321575 0
    outer loop
      vertex -18.9871 -18.0129 1.6
      vertex -19.0628 -17.79 0
      vertex -19.0628 -17.79 1.6
    endloop
  endfacet
  facet normal 0.946884 0.321575 0
    outer loop
      vertex -19.0628 -17.79 0
      vertex -18.9871 -18.0129 1.6
      vertex -18.9871 -18.0129 0
    endloop
  endfacet
  facet normal 0.896961 0.44211 0
    outer loop
      vertex -18.883 -18.2241 1.6
      vertex -18.9871 -18.0129 0
      vertex -18.9871 -18.0129 1.6
    endloop
  endfacet
  facet normal 0.896961 0.44211 0
    outer loop
      vertex -18.9871 -18.0129 0
      vertex -18.883 -18.2241 1.6
      vertex -18.883 -18.2241 0
    endloop
  endfacet
  facet normal 0.555484 0.831527 -0
    outer loop
      vertex -18.2241 -18.883 0
      vertex -18.4199 -18.7522 1.6
      vertex -18.2241 -18.883 1.6
    endloop
  endfacet
  facet normal 0.555484 0.831527 0
    outer loop
      vertex -18.4199 -18.7522 1.6
      vertex -18.2241 -18.883 0
      vertex -18.4199 -18.7522 0
    endloop
  endfacet
  facet normal 0.44211 0.896961 -0
    outer loop
      vertex -18.0129 -18.9871 0
      vertex -18.2241 -18.883 1.6
      vertex -18.0129 -18.9871 1.6
    endloop
  endfacet
  facet normal 0.44211 0.896961 0
    outer loop
      vertex -18.2241 -18.883 1.6
      vertex -18.0129 -18.9871 0
      vertex -18.2241 -18.883 0
    endloop
  endfacet
  facet normal -0.831388 -0.555692 0
    outer loop
      vertex -12.4315 -13.6028 0
      vertex -12.6641 -13.2548 1.6
      vertex -12.6641 -13.2548 0
    endloop
  endfacet
  facet normal -0.831388 -0.555692 0
    outer loop
      vertex -12.6641 -13.2548 1.6
      vertex -12.4315 -13.6028 0
      vertex -12.4315 -13.6028 1.6
    endloop
  endfacet
  facet normal 0.980809 0.194972 0
    outer loop
      vertex -19.0628 -17.79 1.6
      vertex -19.1087 -17.5591 0
      vertex -19.1087 -17.5591 1.6
    endloop
  endfacet
  facet normal 0.980809 0.194972 0
    outer loop
      vertex -19.1087 -17.5591 0
      vertex -19.0628 -17.79 1.6
      vertex -19.0628 -17.79 0
    endloop
  endfacet
  facet normal -0.295777 0.955257 0
    outer loop
      vertex -14.3746 -18.2938 0
      vertex -16.8582 -19.0628 1.6
      vertex -14.3746 -18.2938 1.6
    endloop
  endfacet
  facet normal -0.295777 0.955257 0
    outer loop
      vertex -16.8582 -19.0628 1.6
      vertex -14.3746 -18.2938 0
      vertex -16.8582 -19.0628 0
    endloop
  endfacet
  facet normal -0.321526 0.946901 0
    outer loop
      vertex -13.9782 -18.1592 0
      vertex -14.3746 -18.2938 1.6
      vertex -13.9782 -18.1592 1.6
    endloop
  endfacet
  facet normal -0.321526 0.946901 0
    outer loop
      vertex -14.3746 -18.2938 1.6
      vertex -13.9782 -18.1592 0
      vertex -14.3746 -18.2938 0
    endloop
  endfacet
  facet normal -0.896898 -0.442237 0
    outer loop
      vertex -12.2464 -13.9782 0
      vertex -12.4315 -13.6028 1.6
      vertex -12.4315 -13.6028 0
    endloop
  endfacet
  facet normal -0.896898 -0.442237 0
    outer loop
      vertex -12.4315 -13.6028 1.6
      vertex -12.2464 -13.9782 0
      vertex -12.2464 -13.9782 1.6
    endloop
  endfacet
  facet normal 0.896898 -0.442237 0
    outer loop
      vertex -18.1592 -13.9782 1.6
      vertex -17.9741 -13.6028 0
      vertex -17.9741 -13.6028 1.6
    endloop
  endfacet
  facet normal 0.896898 -0.442237 0
    outer loop
      vertex -17.9741 -13.6028 0
      vertex -18.1592 -13.9782 1.6
      vertex -18.1592 -13.9782 0
    endloop
  endfacet
  facet normal -0.98081 -0.194967 0
    outer loop
      vertex -12.0302 -14.7851 0
      vertex -12.1118 -14.3746 1.6
      vertex -12.1118 -14.3746 0
    endloop
  endfacet
  facet normal -0.98081 -0.194967 0
    outer loop
      vertex -12.1118 -14.3746 1.6
      vertex -12.0302 -14.7851 0
      vertex -12.0302 -14.7851 1.6
    endloop
  endfacet
  facet normal -0.831388 0.555692 0
    outer loop
      vertex -12.6641 -17.1508 0
      vertex -12.4315 -16.8028 1.6
      vertex -12.4315 -16.8028 0
    endloop
  endfacet
  facet normal -0.831388 0.555692 0
    outer loop
      vertex -12.4315 -16.8028 1.6
      vertex -12.6641 -17.1508 0
      vertex -12.6641 -17.1508 1.6
    endloop
  endfacet
  facet normal -0.98081 0.194967 0
    outer loop
      vertex -12.1118 -16.031 0
      vertex -12.0302 -15.6205 1.6
      vertex -12.0302 -15.6205 0
    endloop
  endfacet
  facet normal -0.98081 0.194967 0
    outer loop
      vertex -12.0302 -15.6205 1.6
      vertex -12.1118 -16.031 0
      vertex -12.1118 -16.031 1.6
    endloop
  endfacet
  facet normal -0.946901 0.321526 0
    outer loop
      vertex -12.2464 -16.4274 0
      vertex -12.1118 -16.031 1.6
      vertex -12.1118 -16.031 0
    endloop
  endfacet
  facet normal -0.946901 0.321526 0
    outer loop
      vertex -12.1118 -16.031 1.6
      vertex -12.2464 -16.4274 0
      vertex -12.2464 -16.4274 1.6
    endloop
  endfacet
  facet normal -0.946901 -0.321526 0
    outer loop
      vertex -12.1118 -14.3746 0
      vertex -12.2464 -13.9782 1.6
      vertex -12.2464 -13.9782 0
    endloop
  endfacet
  facet normal -0.946901 -0.321526 0
    outer loop
      vertex -12.2464 -13.9782 1.6
      vertex -12.1118 -14.3746 0
      vertex -12.1118 -14.3746 1.6
    endloop
  endfacet
  facet normal 0.321526 -0.946901 0
    outer loop
      vertex -16.4274 -12.2464 0
      vertex -16.031 -12.1118 1.6
      vertex -16.4274 -12.2464 1.6
    endloop
  endfacet
  facet normal 0.321526 -0.946901 0
    outer loop
      vertex -16.031 -12.1118 1.6
      vertex -16.4274 -12.2464 0
      vertex -16.031 -12.1118 0
    endloop
  endfacet
  facet normal -0.997855 0.0654566 0
    outer loop
      vertex -12.0302 -15.6205 0
      vertex -12.0028 -15.2028 1.6
      vertex -12.0028 -15.2028 0
    endloop
  endfacet
  facet normal -0.997855 0.0654566 0
    outer loop
      vertex -12.0028 -15.2028 1.6
      vertex -12.0302 -15.6205 0
      vertex -12.0302 -15.6205 1.6
    endloop
  endfacet
  facet normal -0.751821 -0.659367 0
    outer loop
      vertex -12.6641 -13.2548 0
      vertex -12.9401 -12.9401 1.6
      vertex -12.9401 -12.9401 0
    endloop
  endfacet
  facet normal -0.751821 -0.659367 0
    outer loop
      vertex -12.9401 -12.9401 1.6
      vertex -12.6641 -13.2548 0
      vertex -12.6641 -13.2548 1.6
    endloop
  endfacet
  facet normal 0.659526 0.751682 -0
    outer loop
      vertex -18.4199 -18.7522 0
      vertex -18.5969 -18.5969 1.6
      vertex -18.4199 -18.7522 1.6
    endloop
  endfacet
  facet normal 0.659526 0.751682 0
    outer loop
      vertex -18.5969 -18.5969 1.6
      vertex -18.4199 -18.7522 0
      vertex -18.5969 -18.5969 0
    endloop
  endfacet
  facet normal 0.997858 -0.0654194 0
    outer loop
      vertex -19.1241 -17.3241 1.6
      vertex -19.1087 -17.0892 0
      vertex -19.1087 -17.0892 1.6
    endloop
  endfacet
  facet normal 0.997858 -0.0654194 0
    outer loop
      vertex -19.1087 -17.0892 0
      vertex -19.1241 -17.3241 1.6
      vertex -19.1241 -17.3241 0
    endloop
  endfacet
  facet normal -0.555692 0.831388 0
    outer loop
      vertex -13.2548 -17.7415 0
      vertex -13.6028 -17.9741 1.6
      vertex -13.2548 -17.7415 1.6
    endloop
  endfacet
  facet normal -0.555692 0.831388 0
    outer loop
      vertex -13.6028 -17.9741 1.6
      vertex -13.2548 -17.7415 0
      vertex -13.6028 -17.9741 0
    endloop
  endfacet
  facet normal 0.751821 -0.659367 0
    outer loop
      vertex -17.7415 -13.2548 1.6
      vertex -17.4655 -12.9401 0
      vertex -17.4655 -12.9401 1.6
    endloop
  endfacet
  facet normal 0.751821 -0.659367 0
    outer loop
      vertex -17.4655 -12.9401 0
      vertex -17.7415 -13.2548 1.6
      vertex -17.7415 -13.2548 0
    endloop
  endfacet
  facet normal 0.0653917 0.99786 -0
    outer loop
      vertex -17.3241 -19.1241 0
      vertex -17.5591 -19.1087 1.6
      vertex -17.3241 -19.1241 1.6
    endloop
  endfacet
  facet normal 0.0653917 0.99786 0
    outer loop
      vertex -17.5591 -19.1087 1.6
      vertex -17.3241 -19.1241 0
      vertex -17.5591 -19.1087 0
    endloop
  endfacet
  facet normal 0.442237 -0.896898 0
    outer loop
      vertex -16.8028 -12.4315 0
      vertex -16.4274 -12.2464 1.6
      vertex -16.8028 -12.4315 1.6
    endloop
  endfacet
  facet normal 0.442237 -0.896898 0
    outer loop
      vertex -16.4274 -12.2464 1.6
      vertex -16.8028 -12.4315 0
      vertex -16.4274 -12.2464 0
    endloop
  endfacet
  facet normal -0.0654566 -0.997855 0
    outer loop
      vertex -15.2028 -12.0028 0
      vertex -14.7851 -12.0302 1.6
      vertex -15.2028 -12.0028 1.6
    endloop
  endfacet
  facet normal -0.0654566 -0.997855 -0
    outer loop
      vertex -14.7851 -12.0302 1.6
      vertex -15.2028 -12.0028 0
      vertex -14.7851 -12.0302 0
    endloop
  endfacet
  facet normal -0.321526 -0.946901 0
    outer loop
      vertex -14.3746 -12.1118 0
      vertex -13.9782 -12.2464 1.6
      vertex -14.3746 -12.1118 1.6
    endloop
  endfacet
  facet normal -0.321526 -0.946901 -0
    outer loop
      vertex -13.9782 -12.2464 1.6
      vertex -14.3746 -12.1118 0
      vertex -13.9782 -12.2464 0
    endloop
  endfacet
  facet normal 0.831527 0.555484 0
    outer loop
      vertex -18.7522 -18.4199 1.6
      vertex -18.883 -18.2241 0
      vertex -18.883 -18.2241 1.6
    endloop
  endfacet
  facet normal 0.831527 0.555484 0
    outer loop
      vertex -18.883 -18.2241 0
      vertex -18.7522 -18.4199 1.6
      vertex -18.7522 -18.4199 0
    endloop
  endfacet
  facet normal -0.659367 0.751821 0
    outer loop
      vertex -12.9401 -17.4655 0
      vertex -13.2548 -17.7415 1.6
      vertex -12.9401 -17.4655 1.6
    endloop
  endfacet
  facet normal -0.659367 0.751821 0
    outer loop
      vertex -13.2548 -17.7415 1.6
      vertex -12.9401 -17.4655 0
      vertex -13.2548 -17.7415 0
    endloop
  endfacet
  facet normal 0.659367 -0.751821 0
    outer loop
      vertex -17.4655 -12.9401 0
      vertex -17.1508 -12.6641 1.6
      vertex -17.4655 -12.9401 1.6
    endloop
  endfacet
  facet normal 0.659367 -0.751821 0
    outer loop
      vertex -17.1508 -12.6641 1.6
      vertex -17.4655 -12.9401 0
      vertex -17.1508 -12.6641 0
    endloop
  endfacet
  facet normal -0.194967 -0.98081 0
    outer loop
      vertex -14.7851 -12.0302 0
      vertex -14.3746 -12.1118 1.6
      vertex -14.7851 -12.0302 1.6
    endloop
  endfacet
  facet normal -0.194967 -0.98081 -0
    outer loop
      vertex -14.3746 -12.1118 1.6
      vertex -14.7851 -12.0302 0
      vertex -14.3746 -12.1118 0
    endloop
  endfacet
  facet normal -0.194891 0.980825 0
    outer loop
      vertex -16.8582 -19.0628 0
      vertex -17.0892 -19.1087 1.6
      vertex -16.8582 -19.0628 1.6
    endloop
  endfacet
  facet normal -0.194891 0.980825 0
    outer loop
      vertex -17.0892 -19.1087 1.6
      vertex -16.8582 -19.0628 0
      vertex -17.0892 -19.1087 0
    endloop
  endfacet
  facet normal -0.442237 -0.896898 0
    outer loop
      vertex -13.9782 -12.2464 0
      vertex -13.6028 -12.4315 1.6
      vertex -13.9782 -12.2464 1.6
    endloop
  endfacet
  facet normal -0.442237 -0.896898 -0
    outer loop
      vertex -13.6028 -12.4315 1.6
      vertex -13.9782 -12.2464 0
      vertex -13.6028 -12.4315 0
    endloop
  endfacet
  facet normal 0.831388 -0.555692 0
    outer loop
      vertex 12.4315 -13.6028 1.6
      vertex 12.6641 -13.2548 0
      vertex 12.6641 -13.2548 1.6
    endloop
  endfacet
  facet normal 0.831388 -0.555692 0
    outer loop
      vertex 12.6641 -13.2548 0
      vertex 12.4315 -13.6028 1.6
      vertex 12.4315 -13.6028 0
    endloop
  endfacet
  facet normal 0.831388 0.555692 0
    outer loop
      vertex 12.6641 -17.1508 1.6
      vertex 12.4315 -16.8028 0
      vertex 12.4315 -16.8028 1.6
    endloop
  endfacet
  facet normal 0.831388 0.555692 0
    outer loop
      vertex 12.4315 -16.8028 0
      vertex 12.6641 -17.1508 1.6
      vertex 12.6641 -17.1508 0
    endloop
  endfacet
  facet normal 0.751821 -0.659367 0
    outer loop
      vertex 12.6641 -13.2548 1.6
      vertex 12.9401 -12.9401 0
      vertex 12.9401 -12.9401 1.6
    endloop
  endfacet
  facet normal 0.751821 -0.659367 0
    outer loop
      vertex 12.9401 -12.9401 0
      vertex 12.6641 -13.2548 1.6
      vertex 12.6641 -13.2548 0
    endloop
  endfacet
  facet normal 0.295777 0.955257 -0
    outer loop
      vertex 16.8582 -19.0628 0
      vertex 14.3746 -18.2938 1.6
      vertex 16.8582 -19.0628 1.6
    endloop
  endfacet
  facet normal 0.295777 0.955257 0
    outer loop
      vertex 14.3746 -18.2938 1.6
      vertex 16.8582 -19.0628 0
      vertex 14.3746 -18.2938 0
    endloop
  endfacet
  facet normal -0.997858 -0.0654194 0
    outer loop
      vertex 19.1241 -17.3241 0
      vertex 19.1087 -17.0892 1.6
      vertex 19.1087 -17.0892 0
    endloop
  endfacet
  facet normal -0.997858 -0.0654194 0
    outer loop
      vertex 19.1087 -17.0892 1.6
      vertex 19.1241 -17.3241 0
      vertex 19.1241 -17.3241 1.6
    endloop
  endfacet
  facet normal 0.321526 0.946901 -0
    outer loop
      vertex 14.3746 -18.2938 0
      vertex 13.9782 -18.1592 1.6
      vertex 14.3746 -18.2938 1.6
    endloop
  endfacet
  facet normal 0.321526 0.946901 0
    outer loop
      vertex 13.9782 -18.1592 1.6
      vertex 14.3746 -18.2938 0
      vertex 13.9782 -18.1592 0
    endloop
  endfacet
  facet normal 0.98081 0.194967 0
    outer loop
      vertex 12.1118 -16.031 1.6
      vertex 12.0302 -15.6205 0
      vertex 12.0302 -15.6205 1.6
    endloop
  endfacet
  facet normal 0.98081 0.194967 0
    outer loop
      vertex 12.0302 -15.6205 0
      vertex 12.1118 -16.031 1.6
      vertex 12.1118 -16.031 0
    endloop
  endfacet
  facet normal 0.997855 0.0654566 0
    outer loop
      vertex 12.0302 -15.6205 1.6
      vertex 12.0028 -15.2028 0
      vertex 12.0028 -15.2028 1.6
    endloop
  endfacet
  facet normal 0.997855 0.0654566 0
    outer loop
      vertex 12.0028 -15.2028 0
      vertex 12.0302 -15.6205 1.6
      vertex 12.0302 -15.6205 0
    endloop
  endfacet
  facet normal -0.896898 -0.442237 0
    outer loop
      vertex 18.1592 -13.9782 0
      vertex 17.9741 -13.6028 1.6
      vertex 17.9741 -13.6028 0
    endloop
  endfacet
  facet normal -0.896898 -0.442237 0
    outer loop
      vertex 17.9741 -13.6028 1.6
      vertex 18.1592 -13.9782 0
      vertex 18.1592 -13.9782 1.6
    endloop
  endfacet
  facet normal -0.659367 -0.751821 0
    outer loop
      vertex 17.1508 -12.6641 0
      vertex 17.4655 -12.9401 1.6
      vertex 17.1508 -12.6641 1.6
    endloop
  endfacet
  facet normal -0.659367 -0.751821 -0
    outer loop
      vertex 17.4655 -12.9401 1.6
      vertex 17.1508 -12.6641 0
      vertex 17.4655 -12.9401 0
    endloop
  endfacet
  facet normal -0.442237 -0.896898 0
    outer loop
      vertex 16.4274 -12.2464 0
      vertex 16.8028 -12.4315 1.6
      vertex 16.4274 -12.2464 1.6
    endloop
  endfacet
  facet normal -0.442237 -0.896898 -0
    outer loop
      vertex 16.8028 -12.4315 1.6
      vertex 16.4274 -12.2464 0
      vertex 16.8028 -12.4315 0
    endloop
  endfacet
  facet normal -0.980809 0.194972 0
    outer loop
      vertex 19.0628 -17.79 0
      vertex 19.1087 -17.5591 1.6
      vertex 19.1087 -17.5591 0
    endloop
  endfacet
  facet normal -0.980809 0.194972 0
    outer loop
      vertex 19.1087 -17.5591 1.6
      vertex 19.0628 -17.79 0
      vertex 19.0628 -17.79 1.6
    endloop
  endfacet
  facet normal -0.946884 0.321575 0
    outer loop
      vertex 18.9871 -18.0129 0
      vertex 19.0628 -17.79 1.6
      vertex 19.0628 -17.79 0
    endloop
  endfacet
  facet normal -0.946884 0.321575 0
    outer loop
      vertex 19.0628 -17.79 1.6
      vertex 18.9871 -18.0129 0
      vertex 18.9871 -18.0129 1.6
    endloop
  endfacet
  facet normal -0.0654566 -0.997855 0
    outer loop
      vertex 15.2028 -12.0028 0
      vertex 15.6205 -12.0302 1.6
      vertex 15.2028 -12.0028 1.6
    endloop
  endfacet
  facet normal -0.0654566 -0.997855 -0
    outer loop
      vertex 15.6205 -12.0302 1.6
      vertex 15.2028 -12.0028 0
      vertex 15.6205 -12.0302 0
    endloop
  endfacet
  facet normal -0.194967 -0.98081 0
    outer loop
      vertex 15.6205 -12.0302 0
      vertex 16.031 -12.1118 1.6
      vertex 15.6205 -12.0302 1.6
    endloop
  endfacet
  facet normal -0.194967 -0.98081 -0
    outer loop
      vertex 16.031 -12.1118 1.6
      vertex 15.6205 -12.0302 0
      vertex 16.031 -12.1118 0
    endloop
  endfacet
  facet normal -0.0653917 0.99786 0
    outer loop
      vertex 17.5591 -19.1087 0
      vertex 17.3241 -19.1241 1.6
      vertex 17.5591 -19.1087 1.6
    endloop
  endfacet
  facet normal -0.0653917 0.99786 0
    outer loop
      vertex 17.3241 -19.1241 1.6
      vertex 17.5591 -19.1087 0
      vertex 17.3241 -19.1241 0
    endloop
  endfacet
  facet normal 0.194891 0.980825 -0
    outer loop
      vertex 17.0892 -19.1087 0
      vertex 16.8582 -19.0628 1.6
      vertex 17.0892 -19.1087 1.6
    endloop
  endfacet
  facet normal 0.194891 0.980825 0
    outer loop
      vertex 16.8582 -19.0628 1.6
      vertex 17.0892 -19.1087 0
      vertex 16.8582 -19.0628 0
    endloop
  endfacet
  facet normal 0.0654566 -0.997855 0
    outer loop
      vertex 14.7851 -12.0302 0
      vertex 15.2028 -12.0028 1.6
      vertex 14.7851 -12.0302 1.6
    endloop
  endfacet
  facet normal 0.0654566 -0.997855 0
    outer loop
      vertex 15.2028 -12.0028 1.6
      vertex 14.7851 -12.0302 0
      vertex 15.2028 -12.0028 0
    endloop
  endfacet
  facet normal -0.659526 0.751682 0
    outer loop
      vertex 18.5969 -18.5969 0
      vertex 18.4199 -18.7522 1.6
      vertex 18.5969 -18.5969 1.6
    endloop
  endfacet
  facet normal -0.659526 0.751682 0
    outer loop
      vertex 18.4199 -18.7522 1.6
      vertex 18.5969 -18.5969 0
      vertex 18.4199 -18.7522 0
    endloop
  endfacet
  facet normal -0.831527 0.555484 0
    outer loop
      vertex 18.7522 -18.4199 0
      vertex 18.883 -18.2241 1.6
      vertex 18.883 -18.2241 0
    endloop
  endfacet
  facet normal -0.831527 0.555484 0
    outer loop
      vertex 18.883 -18.2241 1.6
      vertex 18.7522 -18.4199 0
      vertex 18.7522 -18.4199 1.6
    endloop
  endfacet
  facet normal -0.896961 0.44211 0
    outer loop
      vertex 18.883 -18.2241 0
      vertex 18.9871 -18.0129 1.6
      vertex 18.9871 -18.0129 0
    endloop
  endfacet
  facet normal -0.896961 0.44211 0
    outer loop
      vertex 18.9871 -18.0129 1.6
      vertex 18.883 -18.2241 0
      vertex 18.883 -18.2241 1.6
    endloop
  endfacet
  facet normal -0.194972 0.980809 0
    outer loop
      vertex 17.79 -19.0628 0
      vertex 17.5591 -19.1087 1.6
      vertex 17.79 -19.0628 1.6
    endloop
  endfacet
  facet normal -0.194972 0.980809 0
    outer loop
      vertex 17.5591 -19.1087 1.6
      vertex 17.79 -19.0628 0
      vertex 17.5591 -19.1087 0
    endloop
  endfacet
  facet normal -0.955257 -0.295777 0
    outer loop
      vertex 19.0628 -16.8582 0
      vertex 18.2938 -14.3746 1.6
      vertex 18.2938 -14.3746 0
    endloop
  endfacet
  facet normal -0.955257 -0.295777 0
    outer loop
      vertex 18.2938 -14.3746 1.6
      vertex 19.0628 -16.8582 0
      vertex 19.0628 -16.8582 1.6
    endloop
  endfacet
  facet normal -0.321575 0.946884 0
    outer loop
      vertex 18.0129 -18.9871 0
      vertex 17.79 -19.0628 1.6
      vertex 18.0129 -18.9871 1.6
    endloop
  endfacet
  facet normal -0.321575 0.946884 0
    outer loop
      vertex 17.79 -19.0628 1.6
      vertex 18.0129 -18.9871 0
      vertex 17.79 -19.0628 0
    endloop
  endfacet
  facet normal -0.946901 -0.321526 0
    outer loop
      vertex 18.2938 -14.3746 0
      vertex 18.1592 -13.9782 1.6
      vertex 18.1592 -13.9782 0
    endloop
  endfacet
  facet normal -0.946901 -0.321526 0
    outer loop
      vertex 18.1592 -13.9782 1.6
      vertex 18.2938 -14.3746 0
      vertex 18.2938 -14.3746 1.6
    endloop
  endfacet
  facet normal 0.194967 -0.98081 0
    outer loop
      vertex 14.3746 -12.1118 0
      vertex 14.7851 -12.0302 1.6
      vertex 14.3746 -12.1118 1.6
    endloop
  endfacet
  facet normal 0.194967 -0.98081 0
    outer loop
      vertex 14.7851 -12.0302 1.6
      vertex 14.3746 -12.1118 0
      vertex 14.7851 -12.0302 0
    endloop
  endfacet
  facet normal 0.442237 -0.896898 0
    outer loop
      vertex 13.6028 -12.4315 0
      vertex 13.9782 -12.2464 1.6
      vertex 13.6028 -12.4315 1.6
    endloop
  endfacet
  facet normal 0.442237 -0.896898 0
    outer loop
      vertex 13.9782 -12.2464 1.6
      vertex 13.6028 -12.4315 0
      vertex 13.9782 -12.2464 0
    endloop
  endfacet
  facet normal -0.44211 0.896961 0
    outer loop
      vertex 18.2241 -18.883 0
      vertex 18.0129 -18.9871 1.6
      vertex 18.2241 -18.883 1.6
    endloop
  endfacet
  facet normal -0.44211 0.896961 0
    outer loop
      vertex 18.0129 -18.9871 1.6
      vertex 18.2241 -18.883 0
      vertex 18.0129 -18.9871 0
    endloop
  endfacet
  facet normal -0.555692 -0.831388 0
    outer loop
      vertex 16.8028 -12.4315 0
      vertex 17.1508 -12.6641 1.6
      vertex 16.8028 -12.4315 1.6
    endloop
  endfacet
  facet normal -0.555692 -0.831388 -0
    outer loop
      vertex 17.1508 -12.6641 1.6
      vertex 16.8028 -12.4315 0
      vertex 17.1508 -12.6641 0
    endloop
  endfacet
  facet normal -0.321526 -0.946901 0
    outer loop
      vertex 16.031 -12.1118 0
      vertex 16.4274 -12.2464 1.6
      vertex 16.031 -12.1118 1.6
    endloop
  endfacet
  facet normal -0.321526 -0.946901 -0
    outer loop
      vertex 16.4274 -12.2464 1.6
      vertex 16.031 -12.1118 0
      vertex 16.4274 -12.2464 0
    endloop
  endfacet
  facet normal 0.946901 0.321526 0
    outer loop
      vertex 12.2464 -16.4274 1.6
      vertex 12.1118 -16.031 0
      vertex 12.1118 -16.031 1.6
    endloop
  endfacet
  facet normal 0.946901 0.321526 0
    outer loop
      vertex 12.1118 -16.031 0
      vertex 12.2464 -16.4274 1.6
      vertex 12.2464 -16.4274 0
    endloop
  endfacet
  facet normal 0.442237 0.896898 -0
    outer loop
      vertex 13.9782 -18.1592 0
      vertex 13.6028 -17.9741 1.6
      vertex 13.9782 -18.1592 1.6
    endloop
  endfacet
  facet normal 0.442237 0.896898 0
    outer loop
      vertex 13.6028 -17.9741 1.6
      vertex 13.9782 -18.1592 0
      vertex 13.6028 -17.9741 0
    endloop
  endfacet
  facet normal 0.555692 0.831388 -0
    outer loop
      vertex 13.6028 -17.9741 0
      vertex 13.2548 -17.7415 1.6
      vertex 13.6028 -17.9741 1.6
    endloop
  endfacet
  facet normal 0.555692 0.831388 0
    outer loop
      vertex 13.2548 -17.7415 1.6
      vertex 13.6028 -17.9741 0
      vertex 13.2548 -17.7415 0
    endloop
  endfacet
  facet normal -0.555484 0.831527 0
    outer loop
      vertex 18.4199 -18.7522 0
      vertex 18.2241 -18.883 1.6
      vertex 18.4199 -18.7522 1.6
    endloop
  endfacet
  facet normal -0.555484 0.831527 0
    outer loop
      vertex 18.2241 -18.883 1.6
      vertex 18.4199 -18.7522 0
      vertex 18.2241 -18.883 0
    endloop
  endfacet
  facet normal 0.555692 -0.831388 0
    outer loop
      vertex 13.2548 -12.6641 0
      vertex 13.6028 -12.4315 1.6
      vertex 13.2548 -12.6641 1.6
    endloop
  endfacet
  facet normal 0.555692 -0.831388 0
    outer loop
      vertex 13.6028 -12.4315 1.6
      vertex 13.2548 -12.6641 0
      vertex 13.6028 -12.4315 0
    endloop
  endfacet
  facet normal 0.659367 -0.751821 0
    outer loop
      vertex 12.9401 -12.9401 0
      vertex 13.2548 -12.6641 1.6
      vertex 12.9401 -12.9401 1.6
    endloop
  endfacet
  facet normal 0.659367 -0.751821 0
    outer loop
      vertex 13.2548 -12.6641 1.6
      vertex 12.9401 -12.9401 0
      vertex 13.2548 -12.6641 0
    endloop
  endfacet
  facet normal 0.0654194 0.997858 -0
    outer loop
      vertex 17.3241 -19.1241 0
      vertex 17.0892 -19.1087 1.6
      vertex 17.3241 -19.1241 1.6
    endloop
  endfacet
  facet normal 0.0654194 0.997858 0
    outer loop
      vertex 17.0892 -19.1087 1.6
      vertex 17.3241 -19.1241 0
      vertex 17.0892 -19.1087 0
    endloop
  endfacet
  facet normal -0.751682 0.659526 0
    outer loop
      vertex 18.5969 -18.5969 0
      vertex 18.7522 -18.4199 1.6
      vertex 18.7522 -18.4199 0
    endloop
  endfacet
  facet normal -0.751682 0.659526 0
    outer loop
      vertex 18.7522 -18.4199 1.6
      vertex 18.5969 -18.5969 0
      vertex 18.5969 -18.5969 1.6
    endloop
  endfacet
  facet normal -0.831388 -0.555692 0
    outer loop
      vertex 17.9741 -13.6028 0
      vertex 17.7415 -13.2548 1.6
      vertex 17.7415 -13.2548 0
    endloop
  endfacet
  facet normal -0.831388 -0.555692 0
    outer loop
      vertex 17.7415 -13.2548 1.6
      vertex 17.9741 -13.6028 0
      vertex 17.9741 -13.6028 1.6
    endloop
  endfacet
  facet normal 0.321526 -0.946901 0
    outer loop
      vertex 13.9782 -12.2464 0
      vertex 14.3746 -12.1118 1.6
      vertex 13.9782 -12.2464 1.6
    endloop
  endfacet
  facet normal 0.321526 -0.946901 0
    outer loop
      vertex 14.3746 -12.1118 1.6
      vertex 13.9782 -12.2464 0
      vertex 14.3746 -12.1118 0
    endloop
  endfacet
  facet normal 0.659367 0.751821 -0
    outer loop
      vertex 13.2548 -17.7415 0
      vertex 12.9401 -17.4655 1.6
      vertex 13.2548 -17.7415 1.6
    endloop
  endfacet
  facet normal 0.659367 0.751821 0
    outer loop
      vertex 12.9401 -17.4655 1.6
      vertex 13.2548 -17.7415 0
      vertex 12.9401 -17.4655 0
    endloop
  endfacet
  facet normal -0.99786 0.0653917 0
    outer loop
      vertex 19.1087 -17.5591 0
      vertex 19.1241 -17.3241 1.6
      vertex 19.1241 -17.3241 0
    endloop
  endfacet
  facet normal -0.99786 0.0653917 0
    outer loop
      vertex 19.1241 -17.3241 1.6
      vertex 19.1087 -17.5591 0
      vertex 19.1087 -17.5591 1.6
    endloop
  endfacet
  facet normal 0.896898 -0.442237 0
    outer loop
      vertex 12.2464 -13.9782 1.6
      vertex 12.4315 -13.6028 0
      vertex 12.4315 -13.6028 1.6
    endloop
  endfacet
  facet normal 0.896898 -0.442237 0
    outer loop
      vertex 12.4315 -13.6028 0
      vertex 12.2464 -13.9782 1.6
      vertex 12.2464 -13.9782 0
    endloop
  endfacet
  facet normal 0.896898 0.442237 0
    outer loop
      vertex 12.4315 -16.8028 1.6
      vertex 12.2464 -16.4274 0
      vertex 12.2464 -16.4274 1.6
    endloop
  endfacet
  facet normal 0.896898 0.442237 0
    outer loop
      vertex 12.2464 -16.4274 0
      vertex 12.4315 -16.8028 1.6
      vertex 12.4315 -16.8028 0
    endloop
  endfacet
  facet normal 0.997855 -0.0654566 0
    outer loop
      vertex 12.0028 -15.2028 1.6
      vertex 12.0302 -14.7851 0
      vertex 12.0302 -14.7851 1.6
    endloop
  endfacet
  facet normal 0.997855 -0.0654566 0
    outer loop
      vertex 12.0302 -14.7851 0
      vertex 12.0028 -15.2028 1.6
      vertex 12.0028 -15.2028 0
    endloop
  endfacet
  facet normal 0.946901 -0.321526 0
    outer loop
      vertex 12.1118 -14.3746 1.6
      vertex 12.2464 -13.9782 0
      vertex 12.2464 -13.9782 1.6
    endloop
  endfacet
  facet normal 0.946901 -0.321526 0
    outer loop
      vertex 12.2464 -13.9782 0
      vertex 12.1118 -14.3746 1.6
      vertex 12.1118 -14.3746 0
    endloop
  endfacet
  facet normal -0.751821 -0.659367 0
    outer loop
      vertex 17.7415 -13.2548 0
      vertex 17.4655 -12.9401 1.6
      vertex 17.4655 -12.9401 0
    endloop
  endfacet
  facet normal -0.751821 -0.659367 0
    outer loop
      vertex 17.4655 -12.9401 1.6
      vertex 17.7415 -13.2548 0
      vertex 17.7415 -13.2548 1.6
    endloop
  endfacet
  facet normal 0.751821 0.659367 0
    outer loop
      vertex 12.9401 -17.4655 1.6
      vertex 12.6641 -17.1508 0
      vertex 12.6641 -17.1508 1.6
    endloop
  endfacet
  facet normal 0.751821 0.659367 0
    outer loop
      vertex 12.6641 -17.1508 0
      vertex 12.9401 -17.4655 1.6
      vertex 12.9401 -17.4655 0
    endloop
  endfacet
  facet normal 0.98081 -0.194967 0
    outer loop
      vertex 12.0302 -14.7851 1.6
      vertex 12.1118 -14.3746 0
      vertex 12.1118 -14.3746 1.6
    endloop
  endfacet
  facet normal 0.98081 -0.194967 0
    outer loop
      vertex 12.1118 -14.3746 0
      vertex 12.0302 -14.7851 1.6
      vertex 12.0302 -14.7851 0
    endloop
  endfacet
  facet normal -0.980825 -0.194891 0
    outer loop
      vertex 19.1087 -17.0892 0
      vertex 19.0628 -16.8582 1.6
      vertex 19.0628 -16.8582 0
    endloop
  endfacet
  facet normal -0.980825 -0.194891 0
    outer loop
      vertex 19.0628 -16.8582 1.6
      vertex 19.1087 -17.0892 0
      vertex 19.1087 -17.0892 1.6
    endloop
  endfacet
  facet normal -0.707108 -0.707106 0
    outer loop
      vertex 10.1116 -5.16188 0
      vertex 13.5057 -8.55599 1.6
      vertex 10.1116 -5.16188 1.6
    endloop
  endfacet
  facet normal -0.707108 -0.707106 -0
    outer loop
      vertex 13.5057 -8.55599 1.6
      vertex 10.1116 -5.16188 0
      vertex 13.5057 -8.55599 0
    endloop
  endfacet
  facet normal 0.707106 0.707108 0
    outer loop
      vertex 8.55599 -13.5057 1.6
      vertex 5.16188 -10.1116 0
      vertex 5.16188 -10.1116 1.6
    endloop
  endfacet
  facet normal 0.707106 0.707108 0
    outer loop
      vertex 5.16188 -10.1116 0
      vertex 8.55599 -13.5057 1.6
      vertex 8.55599 -13.5057 0
    endloop
  endfacet
  facet normal 0.707107 -0.707107 0
    outer loop
      vertex 5.16188 -10.1116 1.6
      vertex 10.1116 -5.16188 0
      vertex 10.1116 -5.16188 1.6
    endloop
  endfacet
  facet normal 0.707107 -0.707107 0
    outer loop
      vertex 10.1116 -5.16188 0
      vertex 5.16188 -10.1116 1.6
      vertex 5.16188 -10.1116 0
    endloop
  endfacet
  facet normal -0.707107 0.707107 0
    outer loop
      vertex 8.55599 -13.5057 0
      vertex 13.5057 -8.55599 1.6
      vertex 13.5057 -8.55599 0
    endloop
  endfacet
  facet normal -0.707107 0.707107 0
    outer loop
      vertex 13.5057 -8.55599 1.6
      vertex 8.55599 -13.5057 0
      vertex 8.55599 -13.5057 1.6
    endloop
  endfacet
  facet normal -0.707106 -0.707108 0
    outer loop
      vertex -5.16188 10.1116 0
      vertex -8.55599 13.5057 1.6
      vertex -8.55599 13.5057 0
    endloop
  endfacet
  facet normal -0.707106 -0.707108 0
    outer loop
      vertex -8.55599 13.5057 1.6
      vertex -5.16188 10.1116 0
      vertex -5.16188 10.1116 1.6
    endloop
  endfacet
  facet normal 0.707108 0.707106 -0
    outer loop
      vertex -10.1116 5.16188 0
      vertex -13.5057 8.55599 1.6
      vertex -10.1116 5.16188 1.6
    endloop
  endfacet
  facet normal 0.707108 0.707106 0
    outer loop
      vertex -13.5057 8.55599 1.6
      vertex -10.1116 5.16188 0
      vertex -13.5057 8.55599 0
    endloop
  endfacet
  facet normal 0.707107 -0.707107 0
    outer loop
      vertex -13.5057 8.55599 1.6
      vertex -8.55599 13.5057 0
      vertex -8.55599 13.5057 1.6
    endloop
  endfacet
  facet normal 0.707107 -0.707107 0
    outer loop
      vertex -8.55599 13.5057 0
      vertex -13.5057 8.55599 1.6
      vertex -13.5057 8.55599 0
    endloop
  endfacet
  facet normal -0.707107 0.707107 0
    outer loop
      vertex -10.1116 5.16188 0
      vertex -5.16188 10.1116 1.6
      vertex -5.16188 10.1116 0
    endloop
  endfacet
  facet normal -0.707107 0.707107 0
    outer loop
      vertex -5.16188 10.1116 1.6
      vertex -10.1116 5.16188 0
      vertex -10.1116 5.16188 1.6
    endloop
  endfacet
  facet normal 0.555676 0.831399 -0
    outer loop
      vertex 18.7322 9.67531 1.6
      vertex 18.5691 9.78432 3.59
      vertex 18.7322 9.67531 3.59
    endloop
  endfacet
  facet normal 0.555676 0.831399 0
    outer loop
      vertex 18.5691 9.78432 3.59
      vertex 18.7322 9.67531 1.6
      vertex 18.5691 9.78432 1.6
    endloop
  endfacet
  facet normal 0.659139 0.752021 -0
    outer loop
      vertex 18.8798 9.54594 1.6
      vertex 18.7322 9.67531 3.59
      vertex 18.8798 9.54594 3.59
    endloop
  endfacet
  facet normal 0.659139 0.752021 0
    outer loop
      vertex 18.7322 9.67531 3.59
      vertex 18.8798 9.54594 1.6
      vertex 18.7322 9.67531 1.6
    endloop
  endfacet
  facet normal 0.89684 -0.442355 0
    outer loop
      vertex 19.1181 7.73528 3.59
      vertex 19.2049 7.91126 1.6
      vertex 19.2049 7.91126 3.59
    endloop
  endfacet
  facet normal 0.89684 -0.442355 0
    outer loop
      vertex 19.2049 7.91126 1.6
      vertex 19.1181 7.73528 3.59
      vertex 19.1181 7.73528 1.6
    endloop
  endfacet
  facet normal 0.195136 0.980776 -0
    outer loop
      vertex 18.2073 9.93417 1.6
      vertex 18.0149 9.97245 3.59
      vertex 18.2073 9.93417 3.59
    endloop
  endfacet
  facet normal 0.195136 0.980776 0
    outer loop
      vertex 18.0149 9.97245 3.59
      vertex 18.2073 9.93417 1.6
      vertex 18.0149 9.97245 1.6
    endloop
  endfacet
  facet normal -0.946879 -0.321589 0
    outer loop
      vertex 16.4333 7.91126 1.6
      vertex 16.3702 8.09705 3.59
      vertex 16.3702 8.09705 1.6
    endloop
  endfacet
  facet normal -0.946879 -0.321589 0
    outer loop
      vertex 16.3702 8.09705 3.59
      vertex 16.4333 7.91126 1.6
      vertex 16.4333 7.91126 3.59
    endloop
  endfacet
  facet normal -0.980764 0.195195 0
    outer loop
      vertex 16.3319 8.68107 1.6
      vertex 16.3702 8.87351 3.59
      vertex 16.3702 8.87351 1.6
    endloop
  endfacet
  facet normal -0.980764 0.195195 0
    outer loop
      vertex 16.3702 8.87351 3.59
      vertex 16.3319 8.68107 1.6
      vertex 16.3319 8.68107 3.59
    endloop
  endfacet
  facet normal -0.99787 0.0652369 0
    outer loop
      vertex 16.3191 8.48528 1.6
      vertex 16.3319 8.68107 3.59
      vertex 16.3319 8.68107 1.6
    endloop
  endfacet
  facet normal -0.99787 0.0652369 0
    outer loop
      vertex 16.3319 8.68107 3.59
      vertex 16.3191 8.48528 1.6
      vertex 16.3191 8.48528 3.59
    endloop
  endfacet
  facet normal -0.99787 -0.0652369 0
    outer loop
      vertex 16.3319 8.28949 1.6
      vertex 16.3191 8.48528 3.59
      vertex 16.3191 8.48528 1.6
    endloop
  endfacet
  facet normal -0.99787 -0.0652369 0
    outer loop
      vertex 16.3191 8.48528 3.59
      vertex 16.3319 8.28949 1.6
      vertex 16.3319 8.28949 3.59
    endloop
  endfacet
  facet normal 0.89683 0.442376 0
    outer loop
      vertex 19.2049 9.05931 3.59
      vertex 19.1181 9.23528 1.6
      vertex 19.1181 9.23528 3.59
    endloop
  endfacet
  facet normal 0.89683 0.442376 0
    outer loop
      vertex 19.1181 9.23528 1.6
      vertex 19.2049 9.05931 3.59
      vertex 19.2049 9.05931 1.6
    endloop
  endfacet
  facet normal -0.752021 -0.65914 0
    outer loop
      vertex 16.7584 7.42462 1.6
      vertex 16.6291 7.57214 3.59
      vertex 16.6291 7.57214 1.6
    endloop
  endfacet
  facet normal -0.752021 -0.65914 0
    outer loop
      vertex 16.6291 7.57214 3.59
      vertex 16.7584 7.42462 1.6
      vertex 16.7584 7.42462 3.59
    endloop
  endfacet
  facet normal -0.195136 0.980776 0
    outer loop
      vertex 17.6233 9.97245 1.6
      vertex 17.4309 9.93417 3.59
      vertex 17.6233 9.97245 3.59
    endloop
  endfacet
  facet normal -0.195136 0.980776 0
    outer loop
      vertex 17.4309 9.93417 3.59
      vertex 17.6233 9.97245 1.6
      vertex 17.4309 9.93417 1.6
    endloop
  endfacet
  facet normal 0.442233 -0.8969 0
    outer loop
      vertex 18.3931 7.09946 1.6
      vertex 18.5691 7.18624 3.59
      vertex 18.3931 7.09946 3.59
    endloop
  endfacet
  facet normal 0.442233 -0.8969 0
    outer loop
      vertex 18.5691 7.18624 3.59
      vertex 18.3931 7.09946 1.6
      vertex 18.5691 7.18624 1.6
    endloop
  endfacet
  facet normal 0.831485 -0.555547 0
    outer loop
      vertex 19.0091 7.57214 3.59
      vertex 19.1181 7.73528 1.6
      vertex 19.1181 7.73528 3.59
    endloop
  endfacet
  facet normal 0.831485 -0.555547 0
    outer loop
      vertex 19.1181 7.73528 1.6
      vertex 19.0091 7.57214 3.59
      vertex 19.0091 7.57214 1.6
    endloop
  endfacet
  facet normal -0.89683 0.442376 0
    outer loop
      vertex 16.4333 9.05931 1.6
      vertex 16.5201 9.23528 3.59
      vertex 16.5201 9.23528 1.6
    endloop
  endfacet
  facet normal -0.89683 0.442376 0
    outer loop
      vertex 16.5201 9.23528 3.59
      vertex 16.4333 9.05931 1.6
      vertex 16.4333 9.05931 3.59
    endloop
  endfacet
  facet normal -0.195087 -0.980786 0
    outer loop
      vertex 17.4309 7.03639 1.6
      vertex 17.6233 6.99812 3.59
      vertex 17.4309 7.03639 3.59
    endloop
  endfacet
  facet normal -0.195087 -0.980786 -0
    outer loop
      vertex 17.6233 6.99812 3.59
      vertex 17.4309 7.03639 1.6
      vertex 17.6233 6.99812 1.6
    endloop
  endfacet
  facet normal 0.980764 -0.195195 0
    outer loop
      vertex 19.268 8.09705 3.59
      vertex 19.3063 8.28949 1.6
      vertex 19.3063 8.28949 3.59
    endloop
  endfacet
  facet normal 0.980764 -0.195195 0
    outer loop
      vertex 19.3063 8.28949 1.6
      vertex 19.268 8.09705 3.59
      vertex 19.268 8.09705 1.6
    endloop
  endfacet
  facet normal -0.89684 -0.442355 0
    outer loop
      vertex 16.5201 7.73528 1.6
      vertex 16.4333 7.91126 3.59
      vertex 16.4333 7.91126 1.6
    endloop
  endfacet
  facet normal -0.89684 -0.442355 0
    outer loop
      vertex 16.4333 7.91126 3.59
      vertex 16.5201 7.73528 1.6
      vertex 16.5201 7.73528 3.59
    endloop
  endfacet
  facet normal -0.442233 0.8969 0
    outer loop
      vertex 17.2451 9.8711 1.6
      vertex 17.0691 9.78432 3.59
      vertex 17.2451 9.8711 3.59
    endloop
  endfacet
  facet normal -0.442233 0.8969 0
    outer loop
      vertex 17.0691 9.78432 3.59
      vertex 17.2451 9.8711 1.6
      vertex 17.0691 9.78432 1.6
    endloop
  endfacet
  facet normal -0.659392 0.751799 0
    outer loop
      vertex 16.9059 9.67531 1.6
      vertex 16.7584 9.54594 3.59
      vertex 16.9059 9.67531 3.59
    endloop
  endfacet
  facet normal -0.659392 0.751799 0
    outer loop
      vertex 16.7584 9.54594 3.59
      vertex 16.9059 9.67531 1.6
      vertex 16.7584 9.54594 1.6
    endloop
  endfacet
  facet normal -0.946885 0.321574 0
    outer loop
      vertex 16.3702 8.87351 1.6
      vertex 16.4333 9.05931 3.59
      vertex 16.4333 9.05931 1.6
    endloop
  endfacet
  facet normal -0.946885 0.321574 0
    outer loop
      vertex 16.4333 9.05931 3.59
      vertex 16.3702 8.87351 1.6
      vertex 16.3702 8.87351 3.59
    endloop
  endfacet
  facet normal 0.980764 0.195195 0
    outer loop
      vertex 19.3063 8.68107 3.59
      vertex 19.268 8.87351 1.6
      vertex 19.268 8.87351 3.59
    endloop
  endfacet
  facet normal 0.980764 0.195195 0
    outer loop
      vertex 19.268 8.87351 1.6
      vertex 19.3063 8.68107 3.59
      vertex 19.3063 8.68107 1.6
    endloop
  endfacet
  facet normal -0.659392 -0.751799 0
    outer loop
      vertex 16.7584 7.42462 1.6
      vertex 16.9059 7.29525 3.59
      vertex 16.7584 7.42462 3.59
    endloop
  endfacet
  facet normal -0.659392 -0.751799 -0
    outer loop
      vertex 16.9059 7.29525 3.59
      vertex 16.7584 7.42462 1.6
      vertex 16.9059 7.29525 1.6
    endloop
  endfacet
  facet normal -0.442233 -0.8969 0
    outer loop
      vertex 17.0691 7.18624 1.6
      vertex 17.2451 7.09946 3.59
      vertex 17.0691 7.18624 3.59
    endloop
  endfacet
  facet normal -0.442233 -0.8969 -0
    outer loop
      vertex 17.2451 7.09946 3.59
      vertex 17.0691 7.18624 1.6
      vertex 17.2451 7.09946 1.6
    endloop
  endfacet
  facet normal 0.0654366 -0.997857 0
    outer loop
      vertex 17.8191 6.98528 1.6
      vertex 18.0149 6.99812 3.59
      vertex 17.8191 6.98528 3.59
    endloop
  endfacet
  facet normal 0.0654366 -0.997857 0
    outer loop
      vertex 18.0149 6.99812 3.59
      vertex 17.8191 6.98528 1.6
      vertex 18.0149 6.99812 1.6
    endloop
  endfacet
  facet normal -0.321437 0.946931 0
    outer loop
      vertex 17.4309 9.93417 1.6
      vertex 17.2451 9.8711 3.59
      vertex 17.4309 9.93417 3.59
    endloop
  endfacet
  facet normal -0.321437 0.946931 0
    outer loop
      vertex 17.2451 9.8711 3.59
      vertex 17.4309 9.93417 1.6
      vertex 17.2451 9.8711 1.6
    endloop
  endfacet
  facet normal -0.831485 0.555547 0
    outer loop
      vertex 16.5201 9.23528 1.6
      vertex 16.6291 9.39842 3.59
      vertex 16.6291 9.39842 1.6
    endloop
  endfacet
  facet normal -0.831485 0.555547 0
    outer loop
      vertex 16.6291 9.39842 3.59
      vertex 16.5201 9.23528 1.6
      vertex 16.5201 9.23528 3.59
    endloop
  endfacet
  facet normal 0.0653858 0.99786 -0
    outer loop
      vertex 18.0149 9.97245 1.6
      vertex 17.8191 9.98528 3.59
      vertex 18.0149 9.97245 3.59
    endloop
  endfacet
  facet normal 0.0653858 0.99786 0
    outer loop
      vertex 17.8191 9.98528 3.59
      vertex 18.0149 9.97245 1.6
      vertex 17.8191 9.98528 1.6
    endloop
  endfacet
  facet normal -0.555441 0.831556 0
    outer loop
      vertex 17.0691 9.78432 1.6
      vertex 16.9059 9.67531 3.59
      vertex 17.0691 9.78432 3.59
    endloop
  endfacet
  facet normal -0.555441 0.831556 0
    outer loop
      vertex 16.9059 9.67531 3.59
      vertex 17.0691 9.78432 1.6
      vertex 16.9059 9.67531 1.6
    endloop
  endfacet
  facet normal 0.99787 0.0652369 0
    outer loop
      vertex 19.3191 8.48528 3.59
      vertex 19.3063 8.68107 1.6
      vertex 19.3063 8.68107 3.59
    endloop
  endfacet
  facet normal 0.99787 0.0652369 0
    outer loop
      vertex 19.3063 8.68107 1.6
      vertex 19.3191 8.48528 3.59
      vertex 19.3191 8.48528 1.6
    endloop
  endfacet
  facet normal 0.321437 -0.946931 0
    outer loop
      vertex 18.2073 7.03639 1.6
      vertex 18.3931 7.09946 3.59
      vertex 18.2073 7.03639 3.59
    endloop
  endfacet
  facet normal 0.321437 -0.946931 0
    outer loop
      vertex 18.3931 7.09946 3.59
      vertex 18.2073 7.03639 1.6
      vertex 18.3931 7.09946 1.6
    endloop
  endfacet
  facet normal -0.752021 0.65914 0
    outer loop
      vertex 16.6291 9.39842 1.6
      vertex 16.7584 9.54594 3.59
      vertex 16.7584 9.54594 1.6
    endloop
  endfacet
  facet normal -0.752021 0.65914 0
    outer loop
      vertex 16.7584 9.54594 3.59
      vertex 16.6291 9.39842 1.6
      vertex 16.6291 9.39842 3.59
    endloop
  endfacet
  facet normal -0.831485 -0.555547 0
    outer loop
      vertex 16.6291 7.57214 1.6
      vertex 16.5201 7.73528 3.59
      vertex 16.5201 7.73528 1.6
    endloop
  endfacet
  facet normal -0.831485 -0.555547 0
    outer loop
      vertex 16.5201 7.73528 3.59
      vertex 16.6291 7.57214 1.6
      vertex 16.6291 7.57214 3.59
    endloop
  endfacet
  facet normal 0.752021 -0.65914 0
    outer loop
      vertex 18.8798 7.42462 3.59
      vertex 19.0091 7.57214 1.6
      vertex 19.0091 7.57214 3.59
    endloop
  endfacet
  facet normal 0.752021 -0.65914 0
    outer loop
      vertex 19.0091 7.57214 1.6
      vertex 18.8798 7.42462 3.59
      vertex 18.8798 7.42462 1.6
    endloop
  endfacet
  facet normal 0.946879 -0.321589 0
    outer loop
      vertex 19.2049 7.91126 3.59
      vertex 19.268 8.09705 1.6
      vertex 19.268 8.09705 3.59
    endloop
  endfacet
  facet normal 0.946879 -0.321589 0
    outer loop
      vertex 19.268 8.09705 1.6
      vertex 19.2049 7.91126 3.59
      vertex 19.2049 7.91126 1.6
    endloop
  endfacet
  facet normal 0.99787 -0.0652369 0
    outer loop
      vertex 19.3063 8.28949 3.59
      vertex 19.3191 8.48528 1.6
      vertex 19.3191 8.48528 3.59
    endloop
  endfacet
  facet normal 0.99787 -0.0652369 0
    outer loop
      vertex 19.3191 8.48528 1.6
      vertex 19.3063 8.28949 3.59
      vertex 19.3063 8.28949 1.6
    endloop
  endfacet
  facet normal -0.321437 -0.946931 0
    outer loop
      vertex 17.2451 7.09946 1.6
      vertex 17.4309 7.03639 3.59
      vertex 17.2451 7.09946 3.59
    endloop
  endfacet
  facet normal -0.321437 -0.946931 -0
    outer loop
      vertex 17.4309 7.03639 3.59
      vertex 17.2451 7.09946 1.6
      vertex 17.4309 7.03639 1.6
    endloop
  endfacet
  facet normal 0.946885 0.321574 0
    outer loop
      vertex 19.268 8.87351 3.59
      vertex 19.2049 9.05931 1.6
      vertex 19.2049 9.05931 3.59
    endloop
  endfacet
  facet normal 0.946885 0.321574 0
    outer loop
      vertex 19.2049 9.05931 1.6
      vertex 19.268 8.87351 3.59
      vertex 19.268 8.87351 1.6
    endloop
  endfacet
  facet normal -0.0653858 0.99786 0
    outer loop
      vertex 17.8191 9.98528 1.6
      vertex 17.6233 9.97245 3.59
      vertex 17.8191 9.98528 3.59
    endloop
  endfacet
  facet normal -0.0653858 0.99786 0
    outer loop
      vertex 17.6233 9.97245 3.59
      vertex 17.8191 9.98528 1.6
      vertex 17.6233 9.97245 1.6
    endloop
  endfacet
  facet normal 0.752021 0.65914 0
    outer loop
      vertex 19.0091 9.39842 3.59
      vertex 18.8798 9.54594 1.6
      vertex 18.8798 9.54594 3.59
    endloop
  endfacet
  facet normal 0.752021 0.65914 0
    outer loop
      vertex 18.8798 9.54594 1.6
      vertex 19.0091 9.39842 3.59
      vertex 19.0091 9.39842 1.6
    endloop
  endfacet
  facet normal 0.195087 -0.980786 0
    outer loop
      vertex 18.0149 6.99812 1.6
      vertex 18.2073 7.03639 3.59
      vertex 18.0149 6.99812 3.59
    endloop
  endfacet
  facet normal 0.195087 -0.980786 0
    outer loop
      vertex 18.2073 7.03639 3.59
      vertex 18.0149 6.99812 1.6
      vertex 18.2073 7.03639 1.6
    endloop
  endfacet
  facet normal 0.321437 0.946931 -0
    outer loop
      vertex 18.3931 9.8711 1.6
      vertex 18.2073 9.93417 3.59
      vertex 18.3931 9.8711 3.59
    endloop
  endfacet
  facet normal 0.321437 0.946931 0
    outer loop
      vertex 18.2073 9.93417 3.59
      vertex 18.3931 9.8711 1.6
      vertex 18.2073 9.93417 1.6
    endloop
  endfacet
  facet normal 0.831485 0.555547 0
    outer loop
      vertex 19.1181 9.23528 3.59
      vertex 19.0091 9.39842 1.6
      vertex 19.0091 9.39842 3.59
    endloop
  endfacet
  facet normal 0.831485 0.555547 0
    outer loop
      vertex 19.0091 9.39842 1.6
      vertex 19.1181 9.23528 3.59
      vertex 19.1181 9.23528 1.6
    endloop
  endfacet
  facet normal 0.442233 0.8969 -0
    outer loop
      vertex 18.5691 9.78432 1.6
      vertex 18.3931 9.8711 3.59
      vertex 18.5691 9.78432 3.59
    endloop
  endfacet
  facet normal 0.442233 0.8969 0
    outer loop
      vertex 18.3931 9.8711 3.59
      vertex 18.5691 9.78432 1.6
      vertex 18.3931 9.8711 1.6
    endloop
  endfacet
  facet normal -0.555441 -0.831556 0
    outer loop
      vertex 16.9059 7.29525 1.6
      vertex 17.0691 7.18624 3.59
      vertex 16.9059 7.29525 3.59
    endloop
  endfacet
  facet normal -0.555441 -0.831556 -0
    outer loop
      vertex 17.0691 7.18624 3.59
      vertex 16.9059 7.29525 1.6
      vertex 17.0691 7.18624 1.6
    endloop
  endfacet
  facet normal -0.0654366 -0.997857 0
    outer loop
      vertex 17.6233 6.99812 1.6
      vertex 17.8191 6.98528 3.59
      vertex 17.6233 6.99812 3.59
    endloop
  endfacet
  facet normal -0.0654366 -0.997857 -0
    outer loop
      vertex 17.8191 6.98528 3.59
      vertex 17.6233 6.99812 1.6
      vertex 17.8191 6.98528 1.6
    endloop
  endfacet
  facet normal 0.555676 -0.831399 0
    outer loop
      vertex 18.5691 7.18624 1.6
      vertex 18.7322 7.29525 3.59
      vertex 18.5691 7.18624 3.59
    endloop
  endfacet
  facet normal 0.555676 -0.831399 0
    outer loop
      vertex 18.7322 7.29525 3.59
      vertex 18.5691 7.18624 1.6
      vertex 18.7322 7.29525 1.6
    endloop
  endfacet
  facet normal -0.980764 -0.195195 0
    outer loop
      vertex 16.3702 8.09705 1.6
      vertex 16.3319 8.28949 3.59
      vertex 16.3319 8.28949 1.6
    endloop
  endfacet
  facet normal -0.980764 -0.195195 0
    outer loop
      vertex 16.3319 8.28949 3.59
      vertex 16.3702 8.09705 1.6
      vertex 16.3702 8.09705 3.59
    endloop
  endfacet
  facet normal 0.659139 -0.752021 0
    outer loop
      vertex 18.7322 7.29525 1.6
      vertex 18.8798 7.42462 3.59
      vertex 18.7322 7.29525 3.59
    endloop
  endfacet
  facet normal 0.659139 -0.752021 0
    outer loop
      vertex 18.8798 7.42462 3.59
      vertex 18.7322 7.29525 1.6
      vertex 18.8798 7.42462 1.6
    endloop
  endfacet
  facet normal 0.670327 0.227548 -0.706317
    outer loop
      vertex 19.8475 9.0288 4.19
      vertex 19.268 8.87351 3.59
      vertex 19.7592 9.28892 4.19
    endloop
  endfacet
  facet normal -0.634808 -0.313111 -0.706385
    outer loop
      vertex 16.5201 7.73528 3.59
      vertex 15.8789 7.68165 4.19
      vertex 16.4333 7.91126 3.59
    endloop
  endfacet
  facet normal 0.466734 0.532225 -0.706326
    outer loop
      vertex 19.304 9.97021 4.19
      vertex 18.8798 9.54594 3.59
      vertex 19.0975 10.1513 4.19
    endloop
  endfacet
  facet normal 0.466572 0.532319 -0.706362
    outer loop
      vertex 18.8798 9.54594 3.59
      vertex 18.7322 9.67531 3.59
      vertex 19.0975 10.1513 4.19
    endloop
  endfacet
  facet normal -0.670255 0.227627 -0.70636
    outer loop
      vertex 16.3702 8.87351 3.59
      vertex 15.9191 9.27229 4.14655
      vertex 16.4333 9.05931 3.59
    endloop
  endfacet
  facet normal -0.669908 0.228213 -0.7065
    outer loop
      vertex 15.9191 9.27229 4.14655
      vertex 16.3702 8.87351 3.59
      vertex 15.9097 9.2629 4.15243
    endloop
  endfacet
  facet normal 0.670324 -0.227556 -0.706317
    outer loop
      vertex 19.7592 7.68165 4.19
      vertex 19.268 8.09705 3.59
      vertex 19.8475 7.94176 4.19
    endloop
  endfacet
  facet normal -0.706399 0.0461817 -0.706305
    outer loop
      vertex 16.3191 8.48528 3.59
      vertex 15.7371 8.75939 4.19
      vertex 16.3319 8.68107 3.59
    endloop
  endfacet
  facet normal 0.138132 0.694269 -0.706336
    outer loop
      vertex 18.3626 10.5137 4.19
      vertex 18.2073 9.93417 3.59
      vertex 18.0932 10.5673 4.19
    endloop
  endfacet
  facet normal 0.634862 0.313102 -0.706341
    outer loop
      vertex 19.7592 9.28892 4.19
      vertex 19.1181 9.23528 3.59
      vertex 19.6377 9.53528 4.19
    endloop
  endfacet
  facet normal -0.138132 0.694269 -0.706336
    outer loop
      vertex 17.545 10.5673 4.19
      vertex 17.4309 9.93417 3.59
      vertex 17.2756 10.5137 4.19
    endloop
  endfacet
  facet normal 0.634849 0.313149 -0.706332
    outer loop
      vertex 19.7592 9.28892 4.19
      vertex 19.2049 9.05931 3.59
      vertex 19.1181 9.23528 3.59
    endloop
  endfacet
  facet normal -0.313039 -0.634889 -0.706344
    outer loop
      vertex 17.0155 6.54514 4.19
      vertex 16.7691 6.66663 4.19
      vertex 17.0691 7.18624 3.59
    endloop
  endfacet
  facet normal -0.69429 -0.137868 -0.706367
    outer loop
      vertex 16.3702 8.09705 3.59
      vertex 15.7906 7.94176 4.19
      vertex 15.7371 8.21118 4.19
    endloop
  endfacet
  facet normal 0.532249 0.466713 -0.706321
    outer loop
      vertex 19.4851 9.76368 4.19
      vertex 18.8798 9.54594 3.59
      vertex 19.304 9.97021 4.19
    endloop
  endfacet
  facet normal 0.706346 -0.0463853 -0.706346
    outer loop
      vertex 19.9011 8.21118 4.19
      vertex 19.3191 8.48528 3.59
      vertex 19.9191 8.48528 4.19
    endloop
  endfacet
  facet normal 0.0463201 -0.706345 -0.706351
    outer loop
      vertex 18.0149 6.99812 3.59
      vertex 18.0932 6.40325 4.19
      vertex 17.8191 6.98528 3.59
    endloop
  endfacet
  facet normal -0.532108 -0.46687 -0.706324
    outer loop
      vertex 16.7584 7.42462 3.59
      vertex 16.3342 7.00036 4.19
      vertex 16.153 7.20688 4.19
    endloop
  endfacet
  facet normal 0.706399 0.0461817 -0.706305
    outer loop
      vertex 19.9011 8.75939 4.19
      vertex 19.3191 8.48528 3.59
      vertex 19.3063 8.68107 3.59
    endloop
  endfacet
  facet normal -0.138105 -0.694263 -0.706347
    outer loop
      vertex 17.545 6.40325 4.19
      vertex 17.2756 6.45684 4.19
      vertex 17.4309 7.03639 3.59
    endloop
  endfacet
  facet normal 0.227536 -0.670305 -0.706342
    outer loop
      vertex 18.3931 7.09946 3.59
      vertex 18.6227 6.54514 4.19
      vertex 18.2073 7.03639 3.59
    endloop
  endfacet
  facet normal -0.0463201 -0.706345 -0.706351
    outer loop
      vertex 17.8191 6.98528 3.59
      vertex 17.545 6.40325 4.19
      vertex 17.6233 6.99812 3.59
    endloop
  endfacet
  facet normal 0.706346 0.0463837 -0.706346
    outer loop
      vertex 19.9191 8.48528 4.19
      vertex 19.3191 8.48528 3.59
      vertex 19.9011 8.75939 4.19
    endloop
  endfacet
  facet normal 0.532327 0.46658 -0.706351
    outer loop
      vertex 19.4851 9.76368 4.19
      vertex 19.0091 9.39842 3.59
      vertex 18.8798 9.54594 3.59
    endloop
  endfacet
  facet normal -0.694289 -0.13818 -0.706307
    outer loop
      vertex 16.3702 8.09705 3.59
      vertex 15.7371 8.21118 4.19
      vertex 16.3319 8.28949 3.59
    endloop
  endfacet
  facet normal 0.588583 0.393255 -0.706343
    outer loop
      vertex 19.4851 9.76368 4.19
      vertex 19.1181 9.23528 3.59
      vertex 19.0091 9.39842 3.59
    endloop
  endfacet
  facet normal 0.694288 0.138131 -0.706317
    outer loop
      vertex 19.9011 8.75939 4.19
      vertex 19.268 8.87351 3.59
      vertex 19.8475 9.0288 4.19
    endloop
  endfacet
  facet normal -0.313041 0.634884 -0.706348
    outer loop
      vertex 17.0198 10.373 4.14097
      vertex 17.2451 9.8711 3.59
      vertex 17.0691 9.78432 3.59
    endloop
  endfacet
  facet normal -0.314 0.634432 -0.706328
    outer loop
      vertex 17.2451 9.8711 3.59
      vertex 17.0198 10.373 4.14097
      vertex 17.0321 10.3853 4.14655
    endloop
  endfacet
  facet normal -0.63482 -0.313068 -0.706394
    outer loop
      vertex 16.5201 7.73528 3.59
      vertex 16.0004 7.43528 4.19
      vertex 15.8789 7.68165 4.19
    endloop
  endfacet
  facet normal 0.634867 -0.313092 -0.706341
    outer loop
      vertex 19.6377 7.43528 4.19
      vertex 19.1181 7.73528 3.59
      vertex 19.7592 7.68165 4.19
    endloop
  endfacet
  facet normal -0.670244 0.227628 -0.70637
    outer loop
      vertex 15.7906 9.0288 4.19
      vertex 15.9097 9.2629 4.15243
      vertex 16.3702 8.87351 3.59
    endloop
  endfacet
  facet normal -0.670802 0.228017 -0.705714
    outer loop
      vertex 15.9097 9.2629 4.15243
      vertex 15.7906 9.0288 4.19
      vertex 15.8498 9.20296 4.19
    endloop
  endfacet
  facet normal -0.706346 -0.0463853 -0.706346
    outer loop
      vertex 16.3191 8.48528 3.59
      vertex 15.7371 8.21118 4.19
      vertex 15.7191 8.48528 4.19
    endloop
  endfacet
  facet normal -0.466776 -0.53219 -0.706324
    outer loop
      vertex 16.9059 7.29525 3.59
      vertex 16.5407 6.81924 4.19
      vertex 16.7584 7.42462 3.59
    endloop
  endfacet
  facet normal 0.313043 -0.634888 -0.706343
    outer loop
      vertex 18.5691 7.18624 3.59
      vertex 18.6227 6.54514 4.19
      vertex 18.3931 7.09946 3.59
    endloop
  endfacet
  facet normal 0.393266 -0.588572 -0.706346
    outer loop
      vertex 19.0975 6.81924 4.19
      vertex 18.8691 6.66663 4.19
      vertex 18.5691 7.18624 3.59
    endloop
  endfacet
  facet normal 0.138105 -0.694263 -0.706347
    outer loop
      vertex 18.3626 6.45684 4.19
      vertex 18.0932 6.40325 4.19
      vertex 18.2073 7.03639 3.59
    endloop
  endfacet
  facet normal -0.67022 -0.227627 -0.706393
    outer loop
      vertex 16.4333 7.91126 3.59
      vertex 15.8789 7.68165 4.19
      vertex 16.3702 8.09705 3.59
    endloop
  endfacet
  facet normal 0.670277 0.227635 -0.706336
    outer loop
      vertex 19.7592 9.28892 4.19
      vertex 19.268 8.87351 3.59
      vertex 19.2049 9.05931 3.59
    endloop
  endfacet
  facet normal 0.694289 -0.138126 -0.706317
    outer loop
      vertex 19.8475 7.94176 4.19
      vertex 19.268 8.09705 3.59
      vertex 19.9011 8.21118 4.19
    endloop
  endfacet
  facet normal 0.588587 0.393251 -0.706342
    outer loop
      vertex 19.6377 9.53528 4.19
      vertex 19.1181 9.23528 3.59
      vertex 19.4851 9.76368 4.19
    endloop
  endfacet
  facet normal -0.227555 -0.670294 -0.706346
    outer loop
      vertex 17.2756 6.45684 4.19
      vertex 17.0155 6.54514 4.19
      vertex 17.4309 7.03639 3.59
    endloop
  endfacet
  facet normal -0.313043 -0.634888 -0.706343
    outer loop
      vertex 17.2451 7.09946 3.59
      vertex 17.0155 6.54514 4.19
      vertex 17.0691 7.18624 3.59
    endloop
  endfacet
  facet normal 0.588583 -0.393255 -0.706343
    outer loop
      vertex 19.4851 7.20688 4.19
      vertex 19.0091 7.57214 3.59
      vertex 19.1181 7.73528 3.59
    endloop
  endfacet
  facet normal 0.532327 -0.46658 -0.706351
    outer loop
      vertex 19.4851 7.20688 4.19
      vertex 18.8798 7.42462 3.59
      vertex 19.0091 7.57214 3.59
    endloop
  endfacet
  facet normal -0.694289 0.137873 -0.706367
    outer loop
      vertex 16.3702 8.87351 3.59
      vertex 15.7371 8.75939 4.19
      vertex 15.7906 9.0288 4.19
    endloop
  endfacet
  facet normal 0.138095 -0.694263 -0.706349
    outer loop
      vertex 18.2073 7.03639 3.59
      vertex 18.0932 6.40325 4.19
      vertex 18.0149 6.99812 3.59
    endloop
  endfacet
  facet normal -0.670271 -0.227538 -0.706373
    outer loop
      vertex 16.3702 8.09705 3.59
      vertex 15.8789 7.68165 4.19
      vertex 15.7906 7.94176 4.19
    endloop
  endfacet
  facet normal 0.466779 -0.532188 -0.706323
    outer loop
      vertex 19.304 7.00036 4.19
      vertex 19.0975 6.81924 4.19
      vertex 18.8798 7.42462 3.59
    endloop
  endfacet
  facet normal 0.227555 -0.670294 -0.706346
    outer loop
      vertex 18.6227 6.54514 4.19
      vertex 18.3626 6.45684 4.19
      vertex 18.2073 7.03639 3.59
    endloop
  endfacet
  facet normal 0.694289 -0.13818 -0.706307
    outer loop
      vertex 19.9011 8.21118 4.19
      vertex 19.268 8.09705 3.59
      vertex 19.3063 8.28949 3.59
    endloop
  endfacet
  facet normal -0.39319 -0.588648 -0.706325
    outer loop
      vertex 17.0691 7.18624 3.59
      vertex 16.5407 6.81924 4.19
      vertex 16.9059 7.29525 3.59
    endloop
  endfacet
  facet normal -0.6348 0.313146 -0.706377
    outer loop
      vertex 16.5201 9.23528 3.59
      vertex 15.9313 9.28453 4.14097
      vertex 16.1156 9.46879 4.05703
    endloop
  endfacet
  facet normal -0.466759 0.532207 -0.706322
    outer loop
      vertex 16.6088 9.96199 4.00235
      vertex 16.7584 9.54594 3.59
      vertex 16.4756 9.82878 3.99
    endloop
  endfacet
  facet normal -0.466779 -0.532188 -0.706323
    outer loop
      vertex 16.5407 6.81924 4.19
      vertex 16.3342 7.00036 4.19
      vertex 16.7584 7.42462 3.59
    endloop
  endfacet
  facet normal -0.7064 -0.0461817 -0.706305
    outer loop
      vertex 16.3319 8.28949 3.59
      vertex 15.7371 8.21118 4.19
      vertex 16.3191 8.48528 3.59
    endloop
  endfacet
  facet normal -0.0463082 -0.706348 -0.706348
    outer loop
      vertex 17.8191 6.38528 4.19
      vertex 17.545 6.40325 4.19
      vertex 17.8191 6.98528 3.59
    endloop
  endfacet
  facet normal -0.22753 0.670287 -0.706361
    outer loop
      vertex 17.0321 10.3853 4.14655
      vertex 17.4309 9.93417 3.59
      vertex 17.2451 9.8711 3.59
    endloop
  endfacet
  facet normal -0.22805 0.669979 -0.706485
    outer loop
      vertex 17.4309 9.93417 3.59
      vertex 17.0321 10.3853 4.14655
      vertex 17.0415 10.3947 4.15243
    endloop
  endfacet
  facet normal -0.706346 0.0463837 -0.706346
    outer loop
      vertex 16.3191 8.48528 3.59
      vertex 15.7191 8.48528 4.19
      vertex 15.7371 8.75939 4.19
    endloop
  endfacet
  facet normal -0.588578 0.393251 -0.706349
    outer loop
      vertex 16.2586 9.61176 4.0175
      vertex 16.6291 9.39842 3.59
      vertex 16.5201 9.23528 3.59
    endloop
  endfacet
  facet normal -0.588843 0.392825 -0.706366
    outer loop
      vertex 16.6291 9.39842 3.59
      vertex 16.2586 9.61176 4.0175
      vertex 16.2987 9.65191 4.0064
    endloop
  endfacet
  facet normal 0.53224 -0.466728 -0.706318
    outer loop
      vertex 19.4851 7.20688 4.19
      vertex 19.304 7.00036 4.19
      vertex 18.8798 7.42462 3.59
    endloop
  endfacet
  facet normal 0.694288 0.138179 -0.706308
    outer loop
      vertex 19.9011 8.75939 4.19
      vertex 19.3063 8.68107 3.59
      vertex 19.268 8.87351 3.59
    endloop
  endfacet
  facet normal 0.393334 -0.588504 -0.706365
    outer loop
      vertex 19.0975 6.81924 4.19
      vertex 18.5691 7.18624 3.59
      vertex 18.7322 7.29525 3.59
    endloop
  endfacet
  facet normal 0.313039 -0.634889 -0.706344
    outer loop
      vertex 18.8691 6.66663 4.19
      vertex 18.6227 6.54514 4.19
      vertex 18.5691 7.18624 3.59
    endloop
  endfacet
  facet normal -0.393189 0.588647 -0.706327
    outer loop
      vertex 16.9059 9.67531 3.59
      vertex 16.6926 10.0458 4.0175
      vertex 17.0691 9.78432 3.59
    endloop
  endfacet
  facet normal -0.393152 0.588669 -0.706328
    outer loop
      vertex 16.6926 10.0458 4.0175
      vertex 16.9059 9.67531 3.59
      vertex 16.6525 10.0057 4.0064
    endloop
  endfacet
  facet normal -0.634805 0.313128 -0.706381
    outer loop
      vertex 16.4333 9.05931 3.59
      vertex 15.9313 9.28453 4.14097
      vertex 16.5201 9.23528 3.59
    endloop
  endfacet
  facet normal -0.635585 0.311467 -0.706413
    outer loop
      vertex 15.9313 9.28453 4.14097
      vertex 16.4333 9.05931 3.59
      vertex 15.9191 9.27229 4.14655
    endloop
  endfacet
  facet normal -0.138095 -0.694263 -0.706349
    outer loop
      vertex 17.6233 6.99812 3.59
      vertex 17.545 6.40325 4.19
      vertex 17.4309 7.03639 3.59
    endloop
  endfacet
  facet normal 0.588587 -0.393251 -0.706342
    outer loop
      vertex 19.6377 7.43528 4.19
      vertex 19.4851 7.20688 4.19
      vertex 19.1181 7.73528 3.59
    endloop
  endfacet
  facet normal -0.393266 -0.588572 -0.706346
    outer loop
      vertex 16.7691 6.66663 4.19
      vertex 16.5407 6.81924 4.19
      vertex 17.0691 7.18624 3.59
    endloop
  endfacet
  facet normal 0.7064 -0.0461817 -0.706305
    outer loop
      vertex 19.9011 8.21118 4.19
      vertex 19.3063 8.28949 3.59
      vertex 19.3191 8.48528 3.59
    endloop
  endfacet
  facet normal 0.670273 -0.227645 -0.706337
    outer loop
      vertex 19.7592 7.68165 4.19
      vertex 19.2049 7.91126 3.59
      vertex 19.268 8.09705 3.59
    endloop
  endfacet
  facet normal 0.634856 -0.313135 -0.706332
    outer loop
      vertex 19.7592 7.68165 4.19
      vertex 19.1181 7.73528 3.59
      vertex 19.2049 7.91126 3.59
    endloop
  endfacet
  facet normal -0.532293 -0.466551 -0.706395
    outer loop
      vertex 16.7584 7.42462 3.59
      vertex 16.153 7.20688 4.19
      vertex 16.6291 7.57214 3.59
    endloop
  endfacet
  facet normal 0.466566 -0.532312 -0.706371
    outer loop
      vertex 18.8798 7.42462 3.59
      vertex 19.0975 6.81924 4.19
      vertex 18.7322 7.29525 3.59
    endloop
  endfacet
  facet normal 0.0463082 -0.706348 -0.706348
    outer loop
      vertex 18.0932 6.40325 4.19
      vertex 17.8191 6.38528 4.19
      vertex 17.8191 6.98528 3.59
    endloop
  endfacet
  facet normal -0.393288 0.588548 -0.706354
    outer loop
      vertex 17.0691 9.78432 3.59
      vertex 16.6926 10.0458 4.0175
      vertex 16.8356 10.1888 4.05703
    endloop
  endfacet
  facet normal -0.227401 0.670352 -0.706341
    outer loop
      vertex 17.0415 10.3947 4.15243
      vertex 17.2756 10.5137 4.19
      vertex 17.4309 9.93417 3.59
    endloop
  endfacet
  facet normal -0.227451 0.670424 -0.706256
    outer loop
      vertex 17.2756 10.5137 4.19
      vertex 17.0415 10.3947 4.15243
      vertex 17.1014 10.4546 4.19
    endloop
  endfacet
  facet normal -0.313007 0.634893 -0.706355
    outer loop
      vertex 17.0198 10.373 4.14097
      vertex 17.0691 9.78432 3.59
      vertex 16.8356 10.1888 4.05703
    endloop
  endfacet
  facet normal -0.588547 -0.393223 -0.706391
    outer loop
      vertex 16.5201 7.73528 3.59
      vertex 16.153 7.20688 4.19
      vertex 16.0004 7.43528 4.19
    endloop
  endfacet
  facet normal 0.138132 0.694269 -0.706336
    outer loop
      vertex 18.2073 9.93417 3.59
      vertex 18.0149 9.97245 3.59
      vertex 18.0932 10.5673 4.19
    endloop
  endfacet
  facet normal -0.694288 0.138179 -0.706308
    outer loop
      vertex 16.3319 8.68107 3.59
      vertex 15.7371 8.75939 4.19
      vertex 16.3702 8.87351 3.59
    endloop
  endfacet
  facet normal -0.532229 0.466741 -0.706318
    outer loop
      vertex 16.7584 9.54594 3.59
      vertex 16.3424 9.69558 4.00235
      vertex 16.4756 9.82878 3.99
    endloop
  endfacet
  facet normal -0.588506 0.393324 -0.706369
    outer loop
      vertex 16.5201 9.23528 3.59
      vertex 16.1156 9.46879 4.05703
      vertex 16.2586 9.61176 4.0175
    endloop
  endfacet
  facet normal 0.227558 0.670304 -0.706335
    outer loop
      vertex 18.6227 10.4254 4.19
      vertex 18.2073 9.93417 3.59
      vertex 18.3626 10.5137 4.19
    endloop
  endfacet
  facet normal -0.138132 0.694269 -0.706336
    outer loop
      vertex 17.6233 9.97245 3.59
      vertex 17.4309 9.93417 3.59
      vertex 17.545 10.5673 4.19
    endloop
  endfacet
  facet normal -0.46678 0.532195 -0.706318
    outer loop
      vertex 16.6088 9.96199 4.00235
      vertex 16.9059 9.67531 3.59
      vertex 16.7584 9.54594 3.59
    endloop
  endfacet
  facet normal -0.46682 0.532158 -0.70632
    outer loop
      vertex 16.9059 9.67531 3.59
      vertex 16.6088 9.96199 4.00235
      vertex 16.6525 10.0057 4.0064
    endloop
  endfacet
  facet normal -0.227536 -0.670305 -0.706342
    outer loop
      vertex 17.4309 7.03639 3.59
      vertex 17.0155 6.54514 4.19
      vertex 17.2451 7.09946 3.59
    endloop
  endfacet
  facet normal 0.313066 0.634893 -0.706329
    outer loop
      vertex 18.8691 10.3039 4.19
      vertex 18.5691 9.78432 3.59
      vertex 18.6227 10.4254 4.19
    endloop
  endfacet
  facet normal 0.393256 0.588596 -0.706332
    outer loop
      vertex 19.0975 10.1513 4.19
      vertex 18.5691 9.78432 3.59
      vertex 18.8691 10.3039 4.19
    endloop
  endfacet
  facet normal -0.588542 -0.393227 -0.706392
    outer loop
      vertex 16.6291 7.57214 3.59
      vertex 16.153 7.20688 4.19
      vertex 16.5201 7.73528 3.59
    endloop
  endfacet
  facet normal -0.0463846 0.706334 -0.706357
    outer loop
      vertex 17.8191 10.5853 4.19
      vertex 17.8191 9.98528 3.59
      vertex 17.545 10.5673 4.19
    endloop
  endfacet
  facet normal -0.532324 0.466577 -0.706355
    outer loop
      vertex 16.6291 9.39842 3.59
      vertex 16.3424 9.69558 4.00235
      vertex 16.7584 9.54594 3.59
    endloop
  endfacet
  facet normal -0.53203 0.466886 -0.706372
    outer loop
      vertex 16.3424 9.69558 4.00235
      vertex 16.6291 9.39842 3.59
      vertex 16.2987 9.65191 4.0064
    endloop
  endfacet
  facet normal 0.0463846 0.706334 -0.706357
    outer loop
      vertex 18.0932 10.5673 4.19
      vertex 17.8191 9.98528 3.59
      vertex 17.8191 10.5853 4.19
    endloop
  endfacet
  facet normal -0.046285 0.70636 -0.706338
    outer loop
      vertex 17.8191 9.98528 3.59
      vertex 17.6233 9.97245 3.59
      vertex 17.545 10.5673 4.19
    endloop
  endfacet
  facet normal 0.046285 0.70636 -0.706338
    outer loop
      vertex 18.0149 9.97245 3.59
      vertex 17.8191 9.98528 3.59
      vertex 18.0932 10.5673 4.19
    endloop
  endfacet
  facet normal 0.227539 0.670315 -0.706331
    outer loop
      vertex 18.3931 9.8711 3.59
      vertex 18.2073 9.93417 3.59
      vertex 18.6227 10.4254 4.19
    endloop
  endfacet
  facet normal 0.39334 0.588512 -0.706355
    outer loop
      vertex 18.7322 9.67531 3.59
      vertex 18.5691 9.78432 3.59
      vertex 19.0975 10.1513 4.19
    endloop
  endfacet
  facet normal 0.313048 0.634898 -0.706333
    outer loop
      vertex 18.5691 9.78432 3.59
      vertex 18.3931 9.8711 3.59
      vertex 18.6227 10.4254 4.19
    endloop
  endfacet
  facet normal 0.997851 0.0655259 0
    outer loop
      vertex 19.9191 8.48528 4.59
      vertex 19.9011 8.75939 4.19
      vertex 19.9011 8.75939 4.59
    endloop
  endfacet
  facet normal 0.997851 0.0655259 0
    outer loop
      vertex 19.9011 8.75939 4.19
      vertex 19.9191 8.48528 4.59
      vertex 19.9191 8.48528 4.19
    endloop
  endfacet
  facet normal 0.55554 0.83149 -0
    outer loop
      vertex 19.0975 10.1513 4.19
      vertex 18.8691 10.3039 4.59
      vertex 19.0975 10.1513 4.59
    endloop
  endfacet
  facet normal 0.55554 0.83149 0
    outer loop
      vertex 18.8691 10.3039 4.59
      vertex 19.0975 10.1513 4.19
      vertex 18.8691 10.3039 4.19
    endloop
  endfacet
  facet normal 0.659334 0.75185 -0
    outer loop
      vertex 19.304 9.97021 4.19
      vertex 19.0975 10.1513 4.59
      vertex 19.304 9.97021 4.59
    endloop
  endfacet
  facet normal 0.659334 0.75185 0
    outer loop
      vertex 19.0975 10.1513 4.59
      vertex 19.304 9.97021 4.19
      vertex 19.0975 10.1513 4.19
    endloop
  endfacet
  facet normal 0.442256 0.896889 -0
    outer loop
      vertex 18.8691 10.3039 4.19
      vertex 18.6227 10.4254 4.59
      vertex 18.8691 10.3039 4.59
    endloop
  endfacet
  facet normal 0.442256 0.896889 0
    outer loop
      vertex 18.6227 10.4254 4.59
      vertex 18.8691 10.3039 4.19
      vertex 18.6227 10.4254 4.19
    endloop
  endfacet
  facet normal 0.195136 0.980776 -0
    outer loop
      vertex 18.3626 10.5137 4.19
      vertex 18.0932 10.5673 4.59
      vertex 18.3626 10.5137 4.59
    endloop
  endfacet
  facet normal 0.195136 0.980776 0
    outer loop
      vertex 18.0932 10.5673 4.59
      vertex 18.3626 10.5137 4.19
      vertex 18.0932 10.5673 4.19
    endloop
  endfacet
  facet normal 0.195101 -0.980783 0
    outer loop
      vertex 18.0932 6.40325 4.19
      vertex 18.3626 6.45684 4.59
      vertex 18.0932 6.40325 4.59
    endloop
  endfacet
  facet normal 0.195101 -0.980783 0
    outer loop
      vertex 18.3626 6.45684 4.59
      vertex 18.0932 6.40325 4.19
      vertex 18.3626 6.45684 4.19
    endloop
  endfacet
  facet normal 0.751879 0.659301 0
    outer loop
      vertex 19.4851 9.76368 4.59
      vertex 19.304 9.97021 4.19
      vertex 19.304 9.97021 4.59
    endloop
  endfacet
  facet normal 0.751879 0.659301 0
    outer loop
      vertex 19.304 9.97021 4.19
      vertex 19.4851 9.76368 4.59
      vertex 19.4851 9.76368 4.19
    endloop
  endfacet
  facet normal 0.321465 0.946921 -0
    outer loop
      vertex 18.6227 10.4254 4.19
      vertex 18.3626 10.5137 4.59
      vertex 18.6227 10.4254 4.59
    endloop
  endfacet
  facet normal 0.321465 0.946921 0
    outer loop
      vertex 18.3626 10.5137 4.59
      vertex 18.6227 10.4254 4.19
      vertex 18.3626 10.5137 4.19
    endloop
  endfacet
  facet normal -0.442227 -0.896903 0
    outer loop
      vertex 16.7691 6.66663 4.19
      vertex 17.0155 6.54514 4.59
      vertex 16.7691 6.66663 4.59
    endloop
  endfacet
  facet normal -0.442227 -0.896903 -0
    outer loop
      vertex 17.0155 6.54514 4.59
      vertex 16.7691 6.66663 4.19
      vertex 17.0155 6.54514 4.19
    endloop
  endfacet
  facet normal -0.83149 -0.55554 0
    outer loop
      vertex 16.153 7.20688 4.19
      vertex 16.0004 7.43528 4.59
      vertex 16.0004 7.43528 4.19
    endloop
  endfacet
  facet normal -0.83149 -0.55554 0
    outer loop
      vertex 16.0004 7.43528 4.59
      vertex 16.153 7.20688 4.19
      vertex 16.153 7.20688 4.59
    endloop
  endfacet
  facet normal 0.0654196 -0.997858 0
    outer loop
      vertex 17.8191 6.38528 4.19
      vertex 18.0932 6.40325 4.59
      vertex 17.8191 6.38528 4.59
    endloop
  endfacet
  facet normal 0.0654196 -0.997858 0
    outer loop
      vertex 18.0932 6.40325 4.59
      vertex 17.8191 6.38528 4.19
      vertex 18.0932 6.40325 4.19
    endloop
  endfacet
  facet normal 0.83149 -0.55554 0
    outer loop
      vertex 19.4851 7.20688 4.59
      vertex 19.6377 7.43528 4.19
      vertex 19.6377 7.43528 4.59
    endloop
  endfacet
  facet normal 0.83149 -0.55554 0
    outer loop
      vertex 19.6377 7.43528 4.19
      vertex 19.4851 7.20688 4.59
      vertex 19.4851 7.20688 4.19
    endloop
  endfacet
  facet normal 0.946925 -0.321454 0
    outer loop
      vertex 19.7592 7.68165 4.59
      vertex 19.8475 7.94176 4.19
      vertex 19.8475 7.94176 4.59
    endloop
  endfacet
  facet normal 0.946925 -0.321454 0
    outer loop
      vertex 19.8475 7.94176 4.19
      vertex 19.7592 7.68165 4.59
      vertex 19.7592 7.68165 4.19
    endloop
  endfacet
  facet normal -0.980849 -0.194772 0
    outer loop
      vertex 15.7906 7.94176 4.19
      vertex 15.7371 8.21118 4.59
      vertex 15.7371 8.21118 4.19
    endloop
  endfacet
  facet normal -0.980849 -0.194772 0
    outer loop
      vertex 15.7371 8.21118 4.59
      vertex 15.7906 7.94176 4.19
      vertex 15.7906 7.94176 4.59
    endloop
  endfacet
  facet normal -0.195136 0.980776 0
    outer loop
      vertex 17.545 10.5673 4.19
      vertex 17.2756 10.5137 4.59
      vertex 17.545 10.5673 4.59
    endloop
  endfacet
  facet normal -0.195136 0.980776 0
    outer loop
      vertex 17.2756 10.5137 4.59
      vertex 17.545 10.5673 4.19
      vertex 17.2756 10.5137 4.19
    endloop
  endfacet
  facet normal 0 0 1
    outer loop
      vertex 19.9011 8.75939 4.59
      vertex 19.9011 8.21118 4.59
      vertex 19.9191 8.48528 4.59
    endloop
  endfacet
  facet normal 0 0 1
    outer loop
      vertex 19.8475 9.0288 4.59
      vertex 19.9011 8.21118 4.59
      vertex 19.9011 8.75939 4.59
    endloop
  endfacet
  facet normal 0 0 1
    outer loop
      vertex 19.8475 9.0288 4.59
      vertex 19.8475 7.94176 4.59
      vertex 19.9011 8.21118 4.59
    endloop
  endfacet
  facet normal 0 0 1
    outer loop
      vertex 19.7592 9.28892 4.59
      vertex 19.8475 7.94176 4.59
      vertex 19.8475 9.0288 4.59
    endloop
  endfacet
  facet normal 0 0 1
    outer loop
      vertex 19.7592 9.28892 4.59
      vertex 19.7592 7.68165 4.59
      vertex 19.8475 7.94176 4.59
    endloop
  endfacet
  facet normal 0 0 1
    outer loop
      vertex 19.6377 9.53528 4.59
      vertex 19.7592 7.68165 4.59
      vertex 19.7592 9.28892 4.59
    endloop
  endfacet
  facet normal 0 0 1
    outer loop
      vertex 19.6377 9.53528 4.59
      vertex 19.6377 7.43528 4.59
      vertex 19.7592 7.68165 4.59
    endloop
  endfacet
  facet normal 0 0 1
    outer loop
      vertex 19.4851 9.76368 4.59
      vertex 19.6377 7.43528 4.59
      vertex 19.6377 9.53528 4.59
    endloop
  endfacet
  facet normal 0 0 1
    outer loop
      vertex 19.4851 9.76368 4.59
      vertex 19.4851 7.20688 4.59
      vertex 19.6377 7.43528 4.59
    endloop
  endfacet
  facet normal 0 0 1
    outer loop
      vertex 19.304 9.97021 4.59
      vertex 19.4851 7.20688 4.59
      vertex 19.4851 9.76368 4.59
    endloop
  endfacet
  facet normal 0 0 1
    outer loop
      vertex 19.304 9.97021 4.59
      vertex 19.304 7.00036 4.59
      vertex 19.4851 7.20688 4.59
    endloop
  endfacet
  facet normal 0 0 1
    outer loop
      vertex 19.0975 10.1513 4.59
      vertex 19.304 7.00036 4.59
      vertex 19.304 9.97021 4.59
    endloop
  endfacet
  facet normal 0 0 1
    outer loop
      vertex 19.0975 10.1513 4.59
      vertex 19.0975 6.81924 4.59
      vertex 19.304 7.00036 4.59
    endloop
  endfacet
  facet normal 0 0 1
    outer loop
      vertex 18.8691 10.3039 4.59
      vertex 19.0975 6.81924 4.59
      vertex 19.0975 10.1513 4.59
    endloop
  endfacet
  facet normal 0 0 1
    outer loop
      vertex 18.8691 10.3039 4.59
      vertex 18.8691 6.66663 4.59
      vertex 19.0975 6.81924 4.59
    endloop
  endfacet
  facet normal 0 0 1
    outer loop
      vertex 18.6227 10.4254 4.59
      vertex 18.8691 6.66663 4.59
      vertex 18.8691 10.3039 4.59
    endloop
  endfacet
  facet normal 0 0 1
    outer loop
      vertex 18.6227 10.4254 4.59
      vertex 18.6227 6.54514 4.59
      vertex 18.8691 6.66663 4.59
    endloop
  endfacet
  facet normal 0 0 1
    outer loop
      vertex 18.3626 10.5137 4.59
      vertex 18.6227 6.54514 4.59
      vertex 18.6227 10.4254 4.59
    endloop
  endfacet
  facet normal 0 0 1
    outer loop
      vertex 18.3626 10.5137 4.59
      vertex 18.3626 6.45684 4.59
      vertex 18.6227 6.54514 4.59
    endloop
  endfacet
  facet normal 0 0 1
    outer loop
      vertex 18.0932 10.5673 4.59
      vertex 18.3626 6.45684 4.59
      vertex 18.3626 10.5137 4.59
    endloop
  endfacet
  facet normal 0 0 1
    outer loop
      vertex 18.0932 10.5673 4.59
      vertex 18.0932 6.40325 4.59
      vertex 18.3626 6.45684 4.59
    endloop
  endfacet
  facet normal 0 0 1
    outer loop
      vertex 17.8191 10.5853 4.59
      vertex 18.0932 6.40325 4.59
      vertex 18.0932 10.5673 4.59
    endloop
  endfacet
  facet normal 0 0 1
    outer loop
      vertex 17.8191 10.5853 4.59
      vertex 17.8191 6.38528 4.59
      vertex 18.0932 6.40325 4.59
    endloop
  endfacet
  facet normal -0 0 1
    outer loop
      vertex 17.545 10.5673 4.59
      vertex 17.8191 6.38528 4.59
      vertex 17.8191 10.5853 4.59
    endloop
  endfacet
  facet normal 0 0 1
    outer loop
      vertex 17.545 10.5673 4.59
      vertex 17.545 6.40325 4.59
      vertex 17.8191 6.38528 4.59
    endloop
  endfacet
  facet normal 0 0 1
    outer loop
      vertex 17.1014 10.4546 4.59
      vertex 17.545 10.5673 4.59
      vertex 17.2756 10.5137 4.59
    endloop
  endfacet
  facet normal 0 0 1
    outer loop
      vertex 17.545 10.5673 4.59
      vertex 17.1014 10.4546 4.59
      vertex 17.545 6.40325 4.59
    endloop
  endfacet
  facet normal 0 0 1
    outer loop
      vertex 17.545 6.40325 4.59
      vertex 17.1014 10.4546 4.59
      vertex 17.2756 6.45684 4.59
    endloop
  endfacet
  facet normal 0 0 1
    outer loop
      vertex 17.1014 10.4546 4.59
      vertex 17.0155 6.54514 4.59
      vertex 17.2756 6.45684 4.59
    endloop
  endfacet
  facet normal 0 0 1
    outer loop
      vertex 17.1014 10.4546 4.59
      vertex 16.7691 6.66663 4.59
      vertex 17.0155 6.54514 4.59
    endloop
  endfacet
  facet normal 0 0 1
    outer loop
      vertex 17.1014 10.4546 4.59
      vertex 16.5407 6.81924 4.59
      vertex 16.7691 6.66663 4.59
    endloop
  endfacet
  facet normal 0 0 1
    outer loop
      vertex 17.1014 10.4546 4.59
      vertex 16.3342 7.00036 4.59
      vertex 16.5407 6.81924 4.59
    endloop
  endfacet
  facet normal 0 0 1
    outer loop
      vertex 17.1014 10.4546 4.59
      vertex 16.153 7.20688 4.59
      vertex 16.3342 7.00036 4.59
    endloop
  endfacet
  facet normal 0 0 1
    outer loop
      vertex 17.1014 10.4546 4.59
      vertex 16.0004 7.43528 4.59
      vertex 16.153 7.20688 4.59
    endloop
  endfacet
  facet normal 0 0 1
    outer loop
      vertex 17.1014 10.4546 4.59
      vertex 15.8789 7.68165 4.59
      vertex 16.0004 7.43528 4.59
    endloop
  endfacet
  facet normal -0 0 1
    outer loop
      vertex 15.8498 9.20296 4.59
      vertex 15.8789 7.68165 4.59
      vertex 17.1014 10.4546 4.59
    endloop
  endfacet
  facet normal 0 0 1
    outer loop
      vertex 15.7371 8.75939 4.59
      vertex 15.8498 9.20296 4.59
      vertex 15.7906 9.0288 4.59
    endloop
  endfacet
  facet normal 0 0 1
    outer loop
      vertex 15.8498 9.20296 4.59
      vertex 15.7906 7.94176 4.59
      vertex 15.8789 7.68165 4.59
    endloop
  endfacet
  facet normal 0 0 1
    outer loop
      vertex 15.8498 9.20296 4.59
      vertex 15.7371 8.75939 4.59
      vertex 15.7906 7.94176 4.59
    endloop
  endfacet
  facet normal 0 0 1
    outer loop
      vertex 15.7371 8.75939 4.59
      vertex 15.7371 8.21118 4.59
      vertex 15.7906 7.94176 4.59
    endloop
  endfacet
  facet normal 0 -0 1
    outer loop
      vertex 15.7371 8.21118 4.59
      vertex 15.7371 8.75939 4.59
      vertex 15.7191 8.48528 4.59
    endloop
  endfacet
  facet normal 0.980778 0.195129 0
    outer loop
      vertex 19.9011 8.75939 4.59
      vertex 19.8475 9.0288 4.19
      vertex 19.8475 9.0288 4.59
    endloop
  endfacet
  facet normal 0.980778 0.195129 0
    outer loop
      vertex 19.8475 9.0288 4.19
      vertex 19.9011 8.75939 4.59
      vertex 19.9011 8.75939 4.19
    endloop
  endfacet
  facet normal -0.321279 0.946985 0
    outer loop
      vertex 17.2756 10.5137 4.19
      vertex 17.1014 10.4546 4.59
      vertex 17.2756 10.5137 4.59
    endloop
  endfacet
  facet normal -0.321279 0.946985 0
    outer loop
      vertex 17.1014 10.4546 4.59
      vertex 17.2756 10.5137 4.19
      vertex 17.1014 10.4546 4.19
    endloop
  endfacet
  facet normal 0.83149 0.55554 0
    outer loop
      vertex 19.6377 9.53528 4.59
      vertex 19.4851 9.76368 4.19
      vertex 19.4851 9.76368 4.59
    endloop
  endfacet
  facet normal 0.83149 0.55554 0
    outer loop
      vertex 19.4851 9.76368 4.19
      vertex 19.6377 9.53528 4.59
      vertex 19.6377 9.53528 4.19
    endloop
  endfacet
  facet normal -0.0655283 0.997851 0
    outer loop
      vertex 17.8191 10.5853 4.19
      vertex 17.545 10.5673 4.59
      vertex 17.8191 10.5853 4.59
    endloop
  endfacet
  facet normal -0.0655283 0.997851 0
    outer loop
      vertex 17.545 10.5673 4.59
      vertex 17.8191 10.5853 4.19
      vertex 17.545 10.5673 4.19
    endloop
  endfacet
  facet normal -0.946797 0.321833 0
    outer loop
      vertex 15.7906 9.0288 4.19
      vertex 15.8498 9.20296 4.59
      vertex 15.8498 9.20296 4.19
    endloop
  endfacet
  facet normal -0.946797 0.321833 0
    outer loop
      vertex 15.8498 9.20296 4.59
      vertex 15.7906 9.0288 4.19
      vertex 15.7906 9.0288 4.59
    endloop
  endfacet
  facet normal -0.980847 0.194779 0
    outer loop
      vertex 15.7371 8.75939 4.19
      vertex 15.7906 9.0288 4.59
      vertex 15.7906 9.0288 4.19
    endloop
  endfacet
  facet normal -0.980847 0.194779 0
    outer loop
      vertex 15.7906 9.0288 4.59
      vertex 15.7371 8.75939 4.19
      vertex 15.7371 8.75939 4.59
    endloop
  endfacet
  facet normal 0.997851 -0.0655283 0
    outer loop
      vertex 19.9011 8.21118 4.59
      vertex 19.9191 8.48528 4.19
      vertex 19.9191 8.48528 4.59
    endloop
  endfacet
  facet normal 0.997851 -0.0655283 0
    outer loop
      vertex 19.9191 8.48528 4.19
      vertex 19.9011 8.21118 4.59
      vertex 19.9011 8.21118 4.19
    endloop
  endfacet
  facet normal -0.997851 -0.0655283 0
    outer loop
      vertex 15.7371 8.21118 4.19
      vertex 15.7191 8.48528 4.59
      vertex 15.7191 8.48528 4.19
    endloop
  endfacet
  facet normal -0.997851 -0.0655283 0
    outer loop
      vertex 15.7191 8.48528 4.59
      vertex 15.7371 8.21118 4.19
      vertex 15.7371 8.21118 4.59
    endloop
  endfacet
  facet normal 0.896867 -0.4423 0
    outer loop
      vertex 19.6377 7.43528 4.59
      vertex 19.7592 7.68165 4.19
      vertex 19.7592 7.68165 4.59
    endloop
  endfacet
  facet normal 0.896867 -0.4423 0
    outer loop
      vertex 19.7592 7.68165 4.19
      vertex 19.6377 7.43528 4.59
      vertex 19.6377 7.43528 4.19
    endloop
  endfacet
  facet normal 0.442227 -0.896903 0
    outer loop
      vertex 18.6227 6.54514 4.19
      vertex 18.8691 6.66663 4.59
      vertex 18.6227 6.54514 4.59
    endloop
  endfacet
  facet normal 0.442227 -0.896903 0
    outer loop
      vertex 18.8691 6.66663 4.59
      vertex 18.6227 6.54514 4.19
      vertex 18.8691 6.66663 4.19
    endloop
  endfacet
  facet normal -0.0654196 -0.997858 0
    outer loop
      vertex 17.545 6.40325 4.19
      vertex 17.8191 6.38528 4.59
      vertex 17.545 6.40325 4.59
    endloop
  endfacet
  facet normal -0.0654196 -0.997858 -0
    outer loop
      vertex 17.8191 6.38528 4.59
      vertex 17.545 6.40325 4.19
      vertex 17.8191 6.38528 4.19
    endloop
  endfacet
  facet normal -0.946925 -0.321454 0
    outer loop
      vertex 15.8789 7.68165 4.19
      vertex 15.7906 7.94176 4.59
      vertex 15.7906 7.94176 4.19
    endloop
  endfacet
  facet normal -0.946925 -0.321454 0
    outer loop
      vertex 15.7906 7.94176 4.59
      vertex 15.8789 7.68165 4.19
      vertex 15.8789 7.68165 4.59
    endloop
  endfacet
  facet normal 0.946929 0.321443 0
    outer loop
      vertex 19.8475 9.0288 4.59
      vertex 19.7592 9.28892 4.19
      vertex 19.7592 9.28892 4.59
    endloop
  endfacet
  facet normal 0.946929 0.321443 0
    outer loop
      vertex 19.7592 9.28892 4.19
      vertex 19.8475 9.0288 4.59
      vertex 19.8475 9.0288 4.19
    endloop
  endfacet
  facet normal -0.896867 -0.4423 0
    outer loop
      vertex 16.0004 7.43528 4.19
      vertex 15.8789 7.68165 4.59
      vertex 15.8789 7.68165 4.19
    endloop
  endfacet
  facet normal -0.896867 -0.4423 0
    outer loop
      vertex 15.8789 7.68165 4.59
      vertex 16.0004 7.43528 4.19
      vertex 16.0004 7.43528 4.59
    endloop
  endfacet
  facet normal 0.89686 0.442314 0
    outer loop
      vertex 19.7592 9.28892 4.59
      vertex 19.6377 9.53528 4.19
      vertex 19.6377 9.53528 4.59
    endloop
  endfacet
  facet normal 0.89686 0.442314 0
    outer loop
      vertex 19.6377 9.53528 4.19
      vertex 19.7592 9.28892 4.59
      vertex 19.7592 9.28892 4.19
    endloop
  endfacet
  facet normal -0.555565 -0.831473 0
    outer loop
      vertex 16.5407 6.81924 4.19
      vertex 16.7691 6.66663 4.59
      vertex 16.5407 6.81924 4.59
    endloop
  endfacet
  facet normal -0.555565 -0.831473 -0
    outer loop
      vertex 16.7691 6.66663 4.59
      vertex 16.5407 6.81924 4.19
      vertex 16.7691 6.66663 4.19
    endloop
  endfacet
  facet normal 0.0655283 0.997851 -0
    outer loop
      vertex 18.0932 10.5673 4.19
      vertex 17.8191 10.5853 4.59
      vertex 18.0932 10.5673 4.59
    endloop
  endfacet
  facet normal 0.0655283 0.997851 0
    outer loop
      vertex 17.8191 10.5853 4.59
      vertex 18.0932 10.5673 4.19
      vertex 17.8191 10.5853 4.19
    endloop
  endfacet
  facet normal -0.997851 0.0655259 0
    outer loop
      vertex 15.7191 8.48528 4.19
      vertex 15.7371 8.75939 4.59
      vertex 15.7371 8.75939 4.19
    endloop
  endfacet
  facet normal -0.997851 0.0655259 0
    outer loop
      vertex 15.7371 8.75939 4.59
      vertex 15.7191 8.48528 4.19
      vertex 15.7191 8.48528 4.59
    endloop
  endfacet
  facet normal -0.321465 -0.946921 0
    outer loop
      vertex 17.0155 6.54514 4.19
      vertex 17.2756 6.45684 4.59
      vertex 17.0155 6.54514 4.59
    endloop
  endfacet
  facet normal -0.321465 -0.946921 -0
    outer loop
      vertex 17.2756 6.45684 4.59
      vertex 17.0155 6.54514 4.19
      vertex 17.2756 6.45684 4.19
    endloop
  endfacet
  facet normal 0.751864 -0.659319 0
    outer loop
      vertex 19.304 7.00036 4.59
      vertex 19.4851 7.20688 4.19
      vertex 19.4851 7.20688 4.59
    endloop
  endfacet
  facet normal 0.751864 -0.659319 0
    outer loop
      vertex 19.4851 7.20688 4.19
      vertex 19.304 7.00036 4.59
      vertex 19.304 7.00036 4.19
    endloop
  endfacet
  facet normal 0.659396 -0.751796 0
    outer loop
      vertex 19.0975 6.81924 4.19
      vertex 19.304 7.00036 4.59
      vertex 19.0975 6.81924 4.59
    endloop
  endfacet
  facet normal 0.659396 -0.751796 0
    outer loop
      vertex 19.304 7.00036 4.59
      vertex 19.0975 6.81924 4.19
      vertex 19.304 7.00036 4.19
    endloop
  endfacet
  facet normal -0.751683 -0.659524 0
    outer loop
      vertex 16.3342 7.00036 4.19
      vertex 16.153 7.20688 4.59
      vertex 16.153 7.20688 4.19
    endloop
  endfacet
  facet normal -0.751683 -0.659524 0
    outer loop
      vertex 16.153 7.20688 4.59
      vertex 16.3342 7.00036 4.19
      vertex 16.3342 7.00036 4.59
    endloop
  endfacet
  facet normal -0.195101 -0.980783 0
    outer loop
      vertex 17.2756 6.45684 4.19
      vertex 17.545 6.40325 4.59
      vertex 17.2756 6.45684 4.59
    endloop
  endfacet
  facet normal -0.195101 -0.980783 -0
    outer loop
      vertex 17.545 6.40325 4.59
      vertex 17.2756 6.45684 4.19
      vertex 17.545 6.40325 4.19
    endloop
  endfacet
  facet normal 0.980779 -0.195122 0
    outer loop
      vertex 19.8475 7.94176 4.59
      vertex 19.9011 8.21118 4.19
      vertex 19.9011 8.21118 4.59
    endloop
  endfacet
  facet normal 0.980779 -0.195122 0
    outer loop
      vertex 19.9011 8.21118 4.19
      vertex 19.8475 7.94176 4.59
      vertex 19.8475 7.94176 4.19
    endloop
  endfacet
  facet normal -0.659396 -0.751796 0
    outer loop
      vertex 16.3342 7.00036 4.19
      vertex 16.5407 6.81924 4.59
      vertex 16.3342 7.00036 4.59
    endloop
  endfacet
  facet normal -0.659396 -0.751796 -0
    outer loop
      vertex 16.5407 6.81924 4.59
      vertex 16.3342 7.00036 4.19
      vertex 16.5407 6.81924 4.19
    endloop
  endfacet
  facet normal 0.555565 -0.831473 0
    outer loop
      vertex 18.8691 6.66663 4.19
      vertex 19.0975 6.81924 4.59
      vertex 18.8691 6.66663 4.59
    endloop
  endfacet
  facet normal 0.555565 -0.831473 0
    outer loop
      vertex 19.0975 6.81924 4.59
      vertex 18.8691 6.66663 4.19
      vertex 19.0975 6.81924 4.19
    endloop
  endfacet
  facet normal 0.321465 -0.946921 0
    outer loop
      vertex 18.3626 6.45684 4.19
      vertex 18.6227 6.54514 4.59
      vertex 18.3626 6.45684 4.59
    endloop
  endfacet
  facet normal 0.321465 -0.946921 0
    outer loop
      vertex 18.6227 6.54514 4.59
      vertex 18.3626 6.45684 4.19
      vertex 18.6227 6.54514 4.19
    endloop
  endfacet
  facet normal 0.555547 0.831485 -0
    outer loop
      vertex 9.39842 19.0091 1.6
      vertex 9.23528 19.1181 3.59
      vertex 9.39842 19.0091 3.59
    endloop
  endfacet
  facet normal 0.555547 0.831485 0
    outer loop
      vertex 9.23528 19.1181 3.59
      vertex 9.39842 19.0091 1.6
      vertex 9.23528 19.1181 1.6
    endloop
  endfacet
  facet normal 0.65914 0.752021 -0
    outer loop
      vertex 9.54594 18.8798 1.6
      vertex 9.39842 19.0091 3.59
      vertex 9.54594 18.8798 3.59
    endloop
  endfacet
  facet normal 0.65914 0.752021 0
    outer loop
      vertex 9.39842 19.0091 3.59
      vertex 9.54594 18.8798 1.6
      vertex 9.39842 19.0091 1.6
    endloop
  endfacet
  facet normal 0.8969 -0.442233 0
    outer loop
      vertex 9.78432 17.0691 3.59
      vertex 9.8711 17.2451 1.6
      vertex 9.8711 17.2451 3.59
    endloop
  endfacet
  facet normal 0.8969 -0.442233 0
    outer loop
      vertex 9.8711 17.2451 1.6
      vertex 9.78432 17.0691 3.59
      vertex 9.78432 17.0691 1.6
    endloop
  endfacet
  facet normal 0.195195 0.980764 -0
    outer loop
      vertex 8.87351 19.268 1.6
      vertex 8.68107 19.3063 3.59
      vertex 8.87351 19.268 3.59
    endloop
  endfacet
  facet normal 0.195195 0.980764 0
    outer loop
      vertex 8.68107 19.3063 3.59
      vertex 8.87351 19.268 1.6
      vertex 8.68107 19.3063 1.6
    endloop
  endfacet
  facet normal -0.946931 -0.321437 0
    outer loop
      vertex 7.09946 17.2451 1.6
      vertex 7.03639 17.4309 3.59
      vertex 7.03639 17.4309 1.6
    endloop
  endfacet
  facet normal -0.946931 -0.321437 0
    outer loop
      vertex 7.03639 17.4309 3.59
      vertex 7.09946 17.2451 1.6
      vertex 7.09946 17.2451 3.59
    endloop
  endfacet
  facet normal -0.980786 0.195087 0
    outer loop
      vertex 6.99812 18.0149 1.6
      vertex 7.03639 18.2073 3.59
      vertex 7.03639 18.2073 1.6
    endloop
  endfacet
  facet normal -0.980786 0.195087 0
    outer loop
      vertex 7.03639 18.2073 3.59
      vertex 6.99812 18.0149 1.6
      vertex 6.99812 18.0149 3.59
    endloop
  endfacet
  facet normal -0.997857 0.0654366 0
    outer loop
      vertex 6.98528 17.8191 1.6
      vertex 6.99812 18.0149 3.59
      vertex 6.99812 18.0149 1.6
    endloop
  endfacet
  facet normal -0.997857 0.0654366 0
    outer loop
      vertex 6.99812 18.0149 3.59
      vertex 6.98528 17.8191 1.6
      vertex 6.98528 17.8191 3.59
    endloop
  endfacet
  facet normal -0.997857 -0.0654366 0
    outer loop
      vertex 6.99812 17.6233 1.6
      vertex 6.98528 17.8191 3.59
      vertex 6.98528 17.8191 1.6
    endloop
  endfacet
  facet normal -0.997857 -0.0654366 0
    outer loop
      vertex 6.98528 17.8191 3.59
      vertex 6.99812 17.6233 1.6
      vertex 6.99812 17.6233 3.59
    endloop
  endfacet
  facet normal 0.8969 0.442233 0
    outer loop
      vertex 9.8711 18.3931 3.59
      vertex 9.78432 18.5691 1.6
      vertex 9.78432 18.5691 3.59
    endloop
  endfacet
  facet normal 0.8969 0.442233 0
    outer loop
      vertex 9.78432 18.5691 1.6
      vertex 9.8711 18.3931 3.59
      vertex 9.8711 18.3931 1.6
    endloop
  endfacet
  facet normal -0.751799 -0.659392 0
    outer loop
      vertex 7.42462 16.7584 1.6
      vertex 7.29525 16.9059 3.59
      vertex 7.29525 16.9059 1.6
    endloop
  endfacet
  facet normal -0.751799 -0.659392 0
    outer loop
      vertex 7.29525 16.9059 3.59
      vertex 7.42462 16.7584 1.6
      vertex 7.42462 16.7584 3.59
    endloop
  endfacet
  facet normal -0.195195 0.980764 0
    outer loop
      vertex 8.28949 19.3063 1.6
      vertex 8.09705 19.268 3.59
      vertex 8.28949 19.3063 3.59
    endloop
  endfacet
  facet normal -0.195195 0.980764 0
    outer loop
      vertex 8.09705 19.268 3.59
      vertex 8.28949 19.3063 1.6
      vertex 8.09705 19.268 1.6
    endloop
  endfacet
  facet normal 0.442376 -0.89683 0
    outer loop
      vertex 9.05931 16.4333 1.6
      vertex 9.23528 16.5201 3.59
      vertex 9.05931 16.4333 3.59
    endloop
  endfacet
  facet normal 0.442376 -0.89683 0
    outer loop
      vertex 9.23528 16.5201 3.59
      vertex 9.05931 16.4333 1.6
      vertex 9.23528 16.5201 1.6
    endloop
  endfacet
  facet normal 0.831556 -0.555441 0
    outer loop
      vertex 9.67531 16.9059 3.59
      vertex 9.78432 17.0691 1.6
      vertex 9.78432 17.0691 3.59
    endloop
  endfacet
  facet normal 0.831556 -0.555441 0
    outer loop
      vertex 9.78432 17.0691 1.6
      vertex 9.67531 16.9059 3.59
      vertex 9.67531 16.9059 1.6
    endloop
  endfacet
  facet normal -0.8969 0.442233 0
    outer loop
      vertex 7.09946 18.3931 1.6
      vertex 7.18624 18.5691 3.59
      vertex 7.18624 18.5691 1.6
    endloop
  endfacet
  facet normal -0.8969 0.442233 0
    outer loop
      vertex 7.18624 18.5691 3.59
      vertex 7.09946 18.3931 1.6
      vertex 7.09946 18.3931 3.59
    endloop
  endfacet
  facet normal -0.195195 -0.980764 0
    outer loop
      vertex 8.09705 16.3702 1.6
      vertex 8.28949 16.3319 3.59
      vertex 8.09705 16.3702 3.59
    endloop
  endfacet
  facet normal -0.195195 -0.980764 -0
    outer loop
      vertex 8.28949 16.3319 3.59
      vertex 8.09705 16.3702 1.6
      vertex 8.28949 16.3319 1.6
    endloop
  endfacet
  facet normal 0.980776 -0.195136 0
    outer loop
      vertex 9.93417 17.4309 3.59
      vertex 9.97245 17.6233 1.6
      vertex 9.97245 17.6233 3.59
    endloop
  endfacet
  facet normal 0.980776 -0.195136 0
    outer loop
      vertex 9.97245 17.6233 1.6
      vertex 9.93417 17.4309 3.59
      vertex 9.93417 17.4309 1.6
    endloop
  endfacet
  facet normal -0.8969 -0.442233 0
    outer loop
      vertex 7.18624 17.0691 1.6
      vertex 7.09946 17.2451 3.59
      vertex 7.09946 17.2451 1.6
    endloop
  endfacet
  facet normal -0.8969 -0.442233 0
    outer loop
      vertex 7.09946 17.2451 3.59
      vertex 7.18624 17.0691 1.6
      vertex 7.18624 17.0691 3.59
    endloop
  endfacet
  facet normal -0.442355 0.89684 0
    outer loop
      vertex 7.91126 19.2049 1.6
      vertex 7.73528 19.1181 3.59
      vertex 7.91126 19.2049 3.59
    endloop
  endfacet
  facet normal -0.442355 0.89684 0
    outer loop
      vertex 7.73528 19.1181 3.59
      vertex 7.91126 19.2049 1.6
      vertex 7.73528 19.1181 1.6
    endloop
  endfacet
  facet normal -0.65914 0.752021 0
    outer loop
      vertex 7.57214 19.0091 1.6
      vertex 7.42462 18.8798 3.59
      vertex 7.57214 19.0091 3.59
    endloop
  endfacet
  facet normal -0.65914 0.752021 0
    outer loop
      vertex 7.42462 18.8798 3.59
      vertex 7.57214 19.0091 1.6
      vertex 7.42462 18.8798 1.6
    endloop
  endfacet
  facet normal -0.946931 0.321437 0
    outer loop
      vertex 7.03639 18.2073 1.6
      vertex 7.09946 18.3931 3.59
      vertex 7.09946 18.3931 1.6
    endloop
  endfacet
  facet normal -0.946931 0.321437 0
    outer loop
      vertex 7.09946 18.3931 3.59
      vertex 7.03639 18.2073 1.6
      vertex 7.03639 18.2073 3.59
    endloop
  endfacet
  facet normal 0.980776 0.195136 0
    outer loop
      vertex 9.97245 18.0149 3.59
      vertex 9.93417 18.2073 1.6
      vertex 9.93417 18.2073 3.59
    endloop
  endfacet
  facet normal 0.980776 0.195136 0
    outer loop
      vertex 9.93417 18.2073 1.6
      vertex 9.97245 18.0149 3.59
      vertex 9.97245 18.0149 1.6
    endloop
  endfacet
  facet normal -0.65914 -0.752021 0
    outer loop
      vertex 7.42462 16.7584 1.6
      vertex 7.57214 16.6291 3.59
      vertex 7.42462 16.7584 3.59
    endloop
  endfacet
  facet normal -0.65914 -0.752021 -0
    outer loop
      vertex 7.57214 16.6291 3.59
      vertex 7.42462 16.7584 1.6
      vertex 7.57214 16.6291 1.6
    endloop
  endfacet
  facet normal -0.442355 -0.89684 0
    outer loop
      vertex 7.73528 16.5201 1.6
      vertex 7.91126 16.4333 3.59
      vertex 7.73528 16.5201 3.59
    endloop
  endfacet
  facet normal -0.442355 -0.89684 -0
    outer loop
      vertex 7.91126 16.4333 3.59
      vertex 7.73528 16.5201 1.6
      vertex 7.91126 16.4333 1.6
    endloop
  endfacet
  facet normal 0.0652369 -0.99787 0
    outer loop
      vertex 8.48528 16.3191 1.6
      vertex 8.68107 16.3319 3.59
      vertex 8.48528 16.3191 3.59
    endloop
  endfacet
  facet normal 0.0652369 -0.99787 0
    outer loop
      vertex 8.68107 16.3319 3.59
      vertex 8.48528 16.3191 1.6
      vertex 8.68107 16.3319 1.6
    endloop
  endfacet
  facet normal -0.321589 0.946879 0
    outer loop
      vertex 8.09705 19.268 1.6
      vertex 7.91126 19.2049 3.59
      vertex 8.09705 19.268 3.59
    endloop
  endfacet
  facet normal -0.321589 0.946879 0
    outer loop
      vertex 7.91126 19.2049 3.59
      vertex 8.09705 19.268 1.6
      vertex 7.91126 19.2049 1.6
    endloop
  endfacet
  facet normal -0.831399 0.555676 0
    outer loop
      vertex 7.18624 18.5691 1.6
      vertex 7.29525 18.7322 3.59
      vertex 7.29525 18.7322 1.6
    endloop
  endfacet
  facet normal -0.831399 0.555676 0
    outer loop
      vertex 7.29525 18.7322 3.59
      vertex 7.18624 18.5691 1.6
      vertex 7.18624 18.5691 3.59
    endloop
  endfacet
  facet normal 0.0652369 0.99787 -0
    outer loop
      vertex 8.68107 19.3063 1.6
      vertex 8.48528 19.3191 3.59
      vertex 8.68107 19.3063 3.59
    endloop
  endfacet
  facet normal 0.0652369 0.99787 0
    outer loop
      vertex 8.48528 19.3191 3.59
      vertex 8.68107 19.3063 1.6
      vertex 8.48528 19.3191 1.6
    endloop
  endfacet
  facet normal -0.555547 0.831485 0
    outer loop
      vertex 7.73528 19.1181 1.6
      vertex 7.57214 19.0091 3.59
      vertex 7.73528 19.1181 3.59
    endloop
  endfacet
  facet normal -0.555547 0.831485 0
    outer loop
      vertex 7.57214 19.0091 3.59
      vertex 7.73528 19.1181 1.6
      vertex 7.57214 19.0091 1.6
    endloop
  endfacet
  facet normal 0.99786 0.0653858 0
    outer loop
      vertex 9.98528 17.8191 3.59
      vertex 9.97245 18.0149 1.6
      vertex 9.97245 18.0149 3.59
    endloop
  endfacet
  facet normal 0.99786 0.0653858 0
    outer loop
      vertex 9.97245 18.0149 1.6
      vertex 9.98528 17.8191 3.59
      vertex 9.98528 17.8191 1.6
    endloop
  endfacet
  facet normal 0.321574 -0.946885 0
    outer loop
      vertex 8.87351 16.3702 1.6
      vertex 9.05931 16.4333 3.59
      vertex 8.87351 16.3702 3.59
    endloop
  endfacet
  facet normal 0.321574 -0.946885 0
    outer loop
      vertex 9.05931 16.4333 3.59
      vertex 8.87351 16.3702 1.6
      vertex 9.05931 16.4333 1.6
    endloop
  endfacet
  facet normal -0.752021 0.659139 0
    outer loop
      vertex 7.29525 18.7322 1.6
      vertex 7.42462 18.8798 3.59
      vertex 7.42462 18.8798 1.6
    endloop
  endfacet
  facet normal -0.752021 0.659139 0
    outer loop
      vertex 7.42462 18.8798 3.59
      vertex 7.29525 18.7322 1.6
      vertex 7.29525 18.7322 3.59
    endloop
  endfacet
  facet normal -0.831556 -0.555441 0
    outer loop
      vertex 7.29525 16.9059 1.6
      vertex 7.18624 17.0691 3.59
      vertex 7.18624 17.0691 1.6
    endloop
  endfacet
  facet normal -0.831556 -0.555441 0
    outer loop
      vertex 7.18624 17.0691 3.59
      vertex 7.29525 16.9059 1.6
      vertex 7.29525 16.9059 3.59
    endloop
  endfacet
  facet normal 0.751799 -0.659392 0
    outer loop
      vertex 9.54594 16.7584 3.59
      vertex 9.67531 16.9059 1.6
      vertex 9.67531 16.9059 3.59
    endloop
  endfacet
  facet normal 0.751799 -0.659392 0
    outer loop
      vertex 9.67531 16.9059 1.6
      vertex 9.54594 16.7584 3.59
      vertex 9.54594 16.7584 1.6
    endloop
  endfacet
  facet normal 0.946931 -0.321437 0
    outer loop
      vertex 9.8711 17.2451 3.59
      vertex 9.93417 17.4309 1.6
      vertex 9.93417 17.4309 3.59
    endloop
  endfacet
  facet normal 0.946931 -0.321437 0
    outer loop
      vertex 9.93417 17.4309 1.6
      vertex 9.8711 17.2451 3.59
      vertex 9.8711 17.2451 1.6
    endloop
  endfacet
  facet normal 0.99786 -0.0653858 0
    outer loop
      vertex 9.97245 17.6233 3.59
      vertex 9.98528 17.8191 1.6
      vertex 9.98528 17.8191 3.59
    endloop
  endfacet
  facet normal 0.99786 -0.0653858 0
    outer loop
      vertex 9.98528 17.8191 1.6
      vertex 9.97245 17.6233 3.59
      vertex 9.97245 17.6233 1.6
    endloop
  endfacet
  facet normal -0.321589 -0.946879 0
    outer loop
      vertex 7.91126 16.4333 1.6
      vertex 8.09705 16.3702 3.59
      vertex 7.91126 16.4333 3.59
    endloop
  endfacet
  facet normal -0.321589 -0.946879 -0
    outer loop
      vertex 8.09705 16.3702 3.59
      vertex 7.91126 16.4333 1.6
      vertex 8.09705 16.3702 1.6
    endloop
  endfacet
  facet normal 0.946931 0.321437 0
    outer loop
      vertex 9.93417 18.2073 3.59
      vertex 9.8711 18.3931 1.6
      vertex 9.8711 18.3931 3.59
    endloop
  endfacet
  facet normal 0.946931 0.321437 0
    outer loop
      vertex 9.8711 18.3931 1.6
      vertex 9.93417 18.2073 3.59
      vertex 9.93417 18.2073 1.6
    endloop
  endfacet
  facet normal -0.0652369 0.99787 0
    outer loop
      vertex 8.48528 19.3191 1.6
      vertex 8.28949 19.3063 3.59
      vertex 8.48528 19.3191 3.59
    endloop
  endfacet
  facet normal -0.0652369 0.99787 0
    outer loop
      vertex 8.28949 19.3063 3.59
      vertex 8.48528 19.3191 1.6
      vertex 8.28949 19.3063 1.6
    endloop
  endfacet
  facet normal 0.752021 0.659139 0
    outer loop
      vertex 9.67531 18.7322 3.59
      vertex 9.54594 18.8798 1.6
      vertex 9.54594 18.8798 3.59
    endloop
  endfacet
  facet normal 0.752021 0.659139 0
    outer loop
      vertex 9.54594 18.8798 1.6
      vertex 9.67531 18.7322 3.59
      vertex 9.67531 18.7322 1.6
    endloop
  endfacet
  facet normal 0.195195 -0.980764 0
    outer loop
      vertex 8.68107 16.3319 1.6
      vertex 8.87351 16.3702 3.59
      vertex 8.68107 16.3319 3.59
    endloop
  endfacet
  facet normal 0.195195 -0.980764 0
    outer loop
      vertex 8.87351 16.3702 3.59
      vertex 8.68107 16.3319 1.6
      vertex 8.87351 16.3702 1.6
    endloop
  endfacet
  facet normal 0.321574 0.946885 -0
    outer loop
      vertex 9.05931 19.2049 1.6
      vertex 8.87351 19.268 3.59
      vertex 9.05931 19.2049 3.59
    endloop
  endfacet
  facet normal 0.321574 0.946885 0
    outer loop
      vertex 8.87351 19.268 3.59
      vertex 9.05931 19.2049 1.6
      vertex 8.87351 19.268 1.6
    endloop
  endfacet
  facet normal 0.831399 0.555676 0
    outer loop
      vertex 9.78432 18.5691 3.59
      vertex 9.67531 18.7322 1.6
      vertex 9.67531 18.7322 3.59
    endloop
  endfacet
  facet normal 0.831399 0.555676 0
    outer loop
      vertex 9.67531 18.7322 1.6
      vertex 9.78432 18.5691 3.59
      vertex 9.78432 18.5691 1.6
    endloop
  endfacet
  facet normal 0.442376 0.89683 -0
    outer loop
      vertex 9.23528 19.1181 1.6
      vertex 9.05931 19.2049 3.59
      vertex 9.23528 19.1181 3.59
    endloop
  endfacet
  facet normal 0.442376 0.89683 0
    outer loop
      vertex 9.05931 19.2049 3.59
      vertex 9.23528 19.1181 1.6
      vertex 9.05931 19.2049 1.6
    endloop
  endfacet
  facet normal -0.555547 -0.831485 0
    outer loop
      vertex 7.57214 16.6291 1.6
      vertex 7.73528 16.5201 3.59
      vertex 7.57214 16.6291 3.59
    endloop
  endfacet
  facet normal -0.555547 -0.831485 -0
    outer loop
      vertex 7.73528 16.5201 3.59
      vertex 7.57214 16.6291 1.6
      vertex 7.73528 16.5201 1.6
    endloop
  endfacet
  facet normal -0.0652369 -0.99787 0
    outer loop
      vertex 8.28949 16.3319 1.6
      vertex 8.48528 16.3191 3.59
      vertex 8.28949 16.3319 3.59
    endloop
  endfacet
  facet normal -0.0652369 -0.99787 -0
    outer loop
      vertex 8.48528 16.3191 3.59
      vertex 8.28949 16.3319 1.6
      vertex 8.48528 16.3191 1.6
    endloop
  endfacet
  facet normal 0.555547 -0.831485 0
    outer loop
      vertex 9.23528 16.5201 1.6
      vertex 9.39842 16.6291 3.59
      vertex 9.23528 16.5201 3.59
    endloop
  endfacet
  facet normal 0.555547 -0.831485 0
    outer loop
      vertex 9.39842 16.6291 3.59
      vertex 9.23528 16.5201 1.6
      vertex 9.39842 16.6291 1.6
    endloop
  endfacet
  facet normal -0.980786 -0.195087 0
    outer loop
      vertex 7.03639 17.4309 1.6
      vertex 6.99812 17.6233 3.59
      vertex 6.99812 17.6233 1.6
    endloop
  endfacet
  facet normal -0.980786 -0.195087 0
    outer loop
      vertex 6.99812 17.6233 3.59
      vertex 7.03639 17.4309 1.6
      vertex 7.03639 17.4309 3.59
    endloop
  endfacet
  facet normal 0.65914 -0.752021 0
    outer loop
      vertex 9.39842 16.6291 1.6
      vertex 9.54594 16.7584 3.59
      vertex 9.39842 16.6291 3.59
    endloop
  endfacet
  facet normal 0.65914 -0.752021 0
    outer loop
      vertex 9.54594 16.7584 3.59
      vertex 9.39842 16.6291 1.6
      vertex 9.54594 16.7584 1.6
    endloop
  endfacet
  facet normal 0.670304 0.227558 -0.706335
    outer loop
      vertex 10.5137 18.3626 4.19
      vertex 9.93417 18.2073 3.59
      vertex 10.4254 18.6227 4.19
    endloop
  endfacet
  facet normal -0.634888 -0.313043 -0.706343
    outer loop
      vertex 7.18624 17.0691 3.59
      vertex 6.54514 17.0155 4.19
      vertex 7.09946 17.2451 3.59
    endloop
  endfacet
  facet normal 0.466713 0.532249 -0.706321
    outer loop
      vertex 9.97021 19.304 4.19
      vertex 9.54594 18.8798 3.59
      vertex 9.76368 19.4851 4.19
    endloop
  endfacet
  facet normal 0.46658 0.532327 -0.706351
    outer loop
      vertex 9.54594 18.8798 3.59
      vertex 9.39842 19.0091 3.59
      vertex 9.76368 19.4851 4.19
    endloop
  endfacet
  facet normal -0.670305 0.227536 -0.706342
    outer loop
      vertex 7.03639 18.2073 3.59
      vertex 6.54514 18.6227 4.19
      vertex 7.09946 18.3931 3.59
    endloop
  endfacet
  facet normal 0.670424 -0.227451 -0.706256
    outer loop
      vertex 10.3947 17.0415 4.15243
      vertex 10.5137 17.2756 4.19
      vertex 10.4546 17.1014 4.19
    endloop
  endfacet
  facet normal 0.670352 -0.227401 -0.706341
    outer loop
      vertex 10.5137 17.2756 4.19
      vertex 10.3947 17.0415 4.15243
      vertex 9.93417 17.4309 3.59
    endloop
  endfacet
  facet normal -0.706345 0.0463201 -0.706351
    outer loop
      vertex 6.98528 17.8191 3.59
      vertex 6.40325 18.0932 4.19
      vertex 6.99812 18.0149 3.59
    endloop
  endfacet
  facet normal 0.138131 0.694288 -0.706317
    outer loop
      vertex 9.0288 19.8475 4.19
      vertex 8.87351 19.268 3.59
      vertex 8.75939 19.9011 4.19
    endloop
  endfacet
  facet normal 0.634893 0.313066 -0.706329
    outer loop
      vertex 10.4254 18.6227 4.19
      vertex 9.78432 18.5691 3.59
      vertex 10.3039 18.8691 4.19
    endloop
  endfacet
  facet normal -0.138126 0.694289 -0.706317
    outer loop
      vertex 8.21118 19.9011 4.19
      vertex 8.09705 19.268 3.59
      vertex 7.94176 19.8475 4.19
    endloop
  endfacet
  facet normal 0.634898 0.313048 -0.706333
    outer loop
      vertex 10.4254 18.6227 4.19
      vertex 9.8711 18.3931 3.59
      vertex 9.78432 18.5691 3.59
    endloop
  endfacet
  facet normal -0.313068 -0.63482 -0.706394
    outer loop
      vertex 7.68165 15.8789 4.19
      vertex 7.43528 16.0004 4.19
      vertex 7.73528 16.5201 3.59
    endloop
  endfacet
  facet normal -0.694263 -0.138105 -0.706347
    outer loop
      vertex 7.03639 17.4309 3.59
      vertex 6.45684 17.2756 4.19
      vertex 6.40325 17.545 4.19
    endloop
  endfacet
  facet normal 0.532225 0.466734 -0.706326
    outer loop
      vertex 10.1513 19.0975 4.19
      vertex 9.54594 18.8798 3.59
      vertex 9.97021 19.304 4.19
    endloop
  endfacet
  facet normal 0.706334 -0.0463846 -0.706357
    outer loop
      vertex 10.5673 17.545 4.19
      vertex 9.98528 17.8191 3.59
      vertex 10.5853 17.8191 4.19
    endloop
  endfacet
  facet normal 0.0461817 -0.706399 -0.706305
    outer loop
      vertex 8.68107 16.3319 3.59
      vertex 8.75939 15.7371 4.19
      vertex 8.48528 16.3191 3.59
    endloop
  endfacet
  facet normal -0.532188 -0.466779 -0.706323
    outer loop
      vertex 7.42462 16.7584 3.59
      vertex 7.00036 16.3342 4.19
      vertex 6.81924 16.5407 4.19
    endloop
  endfacet
  facet normal 0.70636 0.046285 -0.706338
    outer loop
      vertex 10.5673 18.0932 4.19
      vertex 9.98528 17.8191 3.59
      vertex 9.97245 18.0149 3.59
    endloop
  endfacet
  facet normal -0.137868 -0.69429 -0.706367
    outer loop
      vertex 8.21118 15.7371 4.19
      vertex 7.94176 15.7906 4.19
      vertex 8.09705 16.3702 3.59
    endloop
  endfacet
  facet normal 0.228213 -0.669908 -0.7065
    outer loop
      vertex 8.87351 16.3702 3.59
      vertex 9.27229 15.9191 4.14655
      vertex 9.2629 15.9097 4.15243
    endloop
  endfacet
  facet normal 0.227627 -0.670255 -0.70636
    outer loop
      vertex 9.27229 15.9191 4.14655
      vertex 8.87351 16.3702 3.59
      vertex 9.05931 16.4333 3.59
    endloop
  endfacet
  facet normal -0.0461817 -0.7064 -0.706305
    outer loop
      vertex 8.48528 16.3191 3.59
      vertex 8.21118 15.7371 4.19
      vertex 8.28949 16.3319 3.59
    endloop
  endfacet
  facet normal 0.706334 0.0463846 -0.706357
    outer loop
      vertex 10.5853 17.8191 4.19
      vertex 9.98528 17.8191 3.59
      vertex 10.5673 18.0932 4.19
    endloop
  endfacet
  facet normal 0.532319 0.466572 -0.706362
    outer loop
      vertex 10.1513 19.0975 4.19
      vertex 9.67531 18.7322 3.59
      vertex 9.54594 18.8798 3.59
    endloop
  endfacet
  facet normal -0.694263 -0.138095 -0.706349
    outer loop
      vertex 7.03639 17.4309 3.59
      vertex 6.40325 17.545 4.19
      vertex 6.99812 17.6233 3.59
    endloop
  endfacet
  facet normal 0.588512 0.39334 -0.706355
    outer loop
      vertex 10.1513 19.0975 4.19
      vertex 9.78432 18.5691 3.59
      vertex 9.67531 18.7322 3.59
    endloop
  endfacet
  facet normal 0.694269 0.138132 -0.706336
    outer loop
      vertex 10.5673 18.0932 4.19
      vertex 9.93417 18.2073 3.59
      vertex 10.5137 18.3626 4.19
    endloop
  endfacet
  facet normal -0.313135 0.634856 -0.706332
    outer loop
      vertex 7.91126 19.2049 3.59
      vertex 7.73528 19.1181 3.59
      vertex 7.68165 19.7592 4.19
    endloop
  endfacet
  facet normal -0.634889 -0.313039 -0.706344
    outer loop
      vertex 7.18624 17.0691 3.59
      vertex 6.66663 16.7691 4.19
      vertex 6.54514 17.0155 4.19
    endloop
  endfacet
  facet normal 0.634893 -0.313007 -0.706355
    outer loop
      vertex 10.1888 16.8356 4.05703
      vertex 9.78432 17.0691 3.59
      vertex 10.373 17.0198 4.14097
    endloop
  endfacet
  facet normal -0.670294 0.227555 -0.706346
    outer loop
      vertex 7.03639 18.2073 3.59
      vertex 6.45684 18.3626 4.19
      vertex 6.54514 18.6227 4.19
    endloop
  endfacet
  facet normal -0.706348 -0.0463082 -0.706348
    outer loop
      vertex 6.98528 17.8191 3.59
      vertex 6.40325 17.545 4.19
      vertex 6.38528 17.8191 4.19
    endloop
  endfacet
  facet normal -0.466551 -0.532293 -0.706395
    outer loop
      vertex 7.57214 16.6291 3.59
      vertex 7.20688 16.153 4.19
      vertex 7.42462 16.7584 3.59
    endloop
  endfacet
  facet normal 0.311467 -0.635585 -0.706413
    outer loop
      vertex 9.05931 16.4333 3.59
      vertex 9.28453 15.9313 4.14097
      vertex 9.27229 15.9191 4.14655
    endloop
  endfacet
  facet normal 0.313128 -0.634805 -0.706381
    outer loop
      vertex 9.28453 15.9313 4.14097
      vertex 9.05931 16.4333 3.59
      vertex 9.23528 16.5201 3.59
    endloop
  endfacet
  facet normal 0.393324 -0.588506 -0.706369
    outer loop
      vertex 9.61176 16.2586 4.0175
      vertex 9.46879 16.1156 4.05703
      vertex 9.23528 16.5201 3.59
    endloop
  endfacet
  facet normal 0.137873 -0.694289 -0.706367
    outer loop
      vertex 9.0288 15.7906 4.19
      vertex 8.75939 15.7371 4.19
      vertex 8.87351 16.3702 3.59
    endloop
  endfacet
  facet normal -0.670305 -0.227536 -0.706342
    outer loop
      vertex 7.09946 17.2451 3.59
      vertex 6.54514 17.0155 4.19
      vertex 7.03639 17.4309 3.59
    endloop
  endfacet
  facet normal 0.670315 0.227539 -0.706331
    outer loop
      vertex 10.4254 18.6227 4.19
      vertex 9.93417 18.2073 3.59
      vertex 9.8711 18.3931 3.59
    endloop
  endfacet
  facet normal 0.694269 -0.138132 -0.706336
    outer loop
      vertex 10.5137 17.2756 4.19
      vertex 9.93417 17.4309 3.59
      vertex 10.5673 17.545 4.19
    endloop
  endfacet
  facet normal 0.588596 0.393256 -0.706332
    outer loop
      vertex 10.3039 18.8691 4.19
      vertex 9.78432 18.5691 3.59
      vertex 10.1513 19.0975 4.19
    endloop
  endfacet
  facet normal -0.227538 -0.670271 -0.706373
    outer loop
      vertex 7.94176 15.7906 4.19
      vertex 7.68165 15.8789 4.19
      vertex 8.09705 16.3702 3.59
    endloop
  endfacet
  facet normal -0.313111 -0.634808 -0.706385
    outer loop
      vertex 7.91126 16.4333 3.59
      vertex 7.68165 15.8789 4.19
      vertex 7.73528 16.5201 3.59
    endloop
  endfacet
  facet normal 0.588669 -0.393152 -0.706328
    outer loop
      vertex 9.67531 16.9059 3.59
      vertex 10.0458 16.6926 4.0175
      vertex 10.0057 16.6525 4.0064
    endloop
  endfacet
  facet normal 0.588647 -0.393189 -0.706327
    outer loop
      vertex 10.0458 16.6926 4.0175
      vertex 9.67531 16.9059 3.59
      vertex 9.78432 17.0691 3.59
    endloop
  endfacet
  facet normal 0.532158 -0.46682 -0.70632
    outer loop
      vertex 9.96199 16.6088 4.00235
      vertex 9.67531 16.9059 3.59
      vertex 10.0057 16.6525 4.0064
    endloop
  endfacet
  facet normal 0.532195 -0.46678 -0.706318
    outer loop
      vertex 9.67531 16.9059 3.59
      vertex 9.96199 16.6088 4.00235
      vertex 9.54594 16.7584 3.59
    endloop
  endfacet
  facet normal -0.694263 0.138105 -0.706347
    outer loop
      vertex 7.03639 18.2073 3.59
      vertex 6.40325 18.0932 4.19
      vertex 6.45684 18.3626 4.19
    endloop
  endfacet
  facet normal 0.138179 -0.694288 -0.706308
    outer loop
      vertex 8.87351 16.3702 3.59
      vertex 8.75939 15.7371 4.19
      vertex 8.68107 16.3319 3.59
    endloop
  endfacet
  facet normal -0.670294 -0.227555 -0.706346
    outer loop
      vertex 7.03639 17.4309 3.59
      vertex 6.54514 17.0155 4.19
      vertex 6.45684 17.2756 4.19
    endloop
  endfacet
  facet normal 0.466741 -0.532229 -0.706318
    outer loop
      vertex 9.82878 16.4756 3.99
      vertex 9.69558 16.3424 4.00235
      vertex 9.54594 16.7584 3.59
    endloop
  endfacet
  facet normal 0.228017 -0.670802 -0.705714
    outer loop
      vertex 9.0288 15.7906 4.19
      vertex 9.2629 15.9097 4.15243
      vertex 9.20296 15.8498 4.19
    endloop
  endfacet
  facet normal 0.227628 -0.670244 -0.70637
    outer loop
      vertex 9.2629 15.9097 4.15243
      vertex 9.0288 15.7906 4.19
      vertex 8.87351 16.3702 3.59
    endloop
  endfacet
  facet normal 0.694269 -0.138132 -0.706336
    outer loop
      vertex 10.5673 17.545 4.19
      vertex 9.93417 17.4309 3.59
      vertex 9.97245 17.6233 3.59
    endloop
  endfacet
  facet normal -0.393227 -0.588542 -0.706392
    outer loop
      vertex 7.73528 16.5201 3.59
      vertex 7.20688 16.153 4.19
      vertex 7.57214 16.6291 3.59
    endloop
  endfacet
  facet normal -0.634889 0.313039 -0.706344
    outer loop
      vertex 7.18624 18.5691 3.59
      vertex 6.54514 18.6227 4.19
      vertex 6.66663 18.8691 4.19
    endloop
  endfacet
  facet normal -0.466728 0.53224 -0.706318
    outer loop
      vertex 7.20688 19.4851 4.19
      vertex 7.42462 18.8798 3.59
      vertex 7.00036 19.304 4.19
    endloop
  endfacet
  facet normal -0.46687 -0.532108 -0.706324
    outer loop
      vertex 7.20688 16.153 4.19
      vertex 7.00036 16.3342 4.19
      vertex 7.42462 16.7584 3.59
    endloop
  endfacet
  facet normal -0.706345 -0.0463201 -0.706351
    outer loop
      vertex 6.99812 17.6233 3.59
      vertex 6.40325 17.545 4.19
      vertex 6.98528 17.8191 3.59
    endloop
  endfacet
  facet normal -0.0463853 -0.706346 -0.706346
    outer loop
      vertex 8.48528 15.7191 4.19
      vertex 8.21118 15.7371 4.19
      vertex 8.48528 16.3191 3.59
    endloop
  endfacet
  facet normal -0.227645 0.670273 -0.706337
    outer loop
      vertex 8.09705 19.268 3.59
      vertex 7.91126 19.2049 3.59
      vertex 7.68165 19.7592 4.19
    endloop
  endfacet
  facet normal -0.706348 0.0463082 -0.706348
    outer loop
      vertex 6.98528 17.8191 3.59
      vertex 6.38528 17.8191 4.19
      vertex 6.40325 18.0932 4.19
    endloop
  endfacet
  facet normal -0.588504 0.393334 -0.706365
    outer loop
      vertex 7.29525 18.7322 3.59
      vertex 7.18624 18.5691 3.59
      vertex 6.81924 19.0975 4.19
    endloop
  endfacet
  facet normal 0.532207 -0.466759 -0.706322
    outer loop
      vertex 9.96199 16.6088 4.00235
      vertex 9.82878 16.4756 3.99
      vertex 9.54594 16.7584 3.59
    endloop
  endfacet
  facet normal 0.694269 0.138132 -0.706336
    outer loop
      vertex 10.5673 18.0932 4.19
      vertex 9.97245 18.0149 3.59
      vertex 9.93417 18.2073 3.59
    endloop
  endfacet
  facet normal 0.392825 -0.588843 -0.706366
    outer loop
      vertex 9.61176 16.2586 4.0175
      vertex 9.39842 16.6291 3.59
      vertex 9.65191 16.2987 4.0064
    endloop
  endfacet
  facet normal 0.393251 -0.588578 -0.706349
    outer loop
      vertex 9.39842 16.6291 3.59
      vertex 9.61176 16.2586 4.0175
      vertex 9.23528 16.5201 3.59
    endloop
  endfacet
  facet normal 0.313146 -0.6348 -0.706377
    outer loop
      vertex 9.46879 16.1156 4.05703
      vertex 9.28453 15.9313 4.14097
      vertex 9.23528 16.5201 3.59
    endloop
  endfacet
  facet normal -0.393255 0.588583 -0.706343
    outer loop
      vertex 7.73528 19.1181 3.59
      vertex 7.57214 19.0091 3.59
      vertex 7.20688 19.4851 4.19
    endloop
  endfacet
  facet normal -0.634888 0.313043 -0.706343
    outer loop
      vertex 7.09946 18.3931 3.59
      vertex 6.54514 18.6227 4.19
      vertex 7.18624 18.5691 3.59
    endloop
  endfacet
  facet normal -0.13818 -0.694289 -0.706307
    outer loop
      vertex 8.28949 16.3319 3.59
      vertex 8.21118 15.7371 4.19
      vertex 8.09705 16.3702 3.59
    endloop
  endfacet
  facet normal 0.588548 -0.393288 -0.706354
    outer loop
      vertex 10.1888 16.8356 4.05703
      vertex 10.0458 16.6926 4.0175
      vertex 9.78432 17.0691 3.59
    endloop
  endfacet
  facet normal -0.393223 -0.588547 -0.706391
    outer loop
      vertex 7.43528 16.0004 4.19
      vertex 7.20688 16.153 4.19
      vertex 7.73528 16.5201 3.59
    endloop
  endfacet
  facet normal 0.70636 -0.046285 -0.706338
    outer loop
      vertex 10.5673 17.545 4.19
      vertex 9.97245 17.6233 3.59
      vertex 9.98528 17.8191 3.59
    endloop
  endfacet
  facet normal 0.669979 -0.22805 -0.706485
    outer loop
      vertex 10.3853 17.0321 4.14655
      vertex 9.93417 17.4309 3.59
      vertex 10.3947 17.0415 4.15243
    endloop
  endfacet
  facet normal 0.670287 -0.22753 -0.706361
    outer loop
      vertex 9.93417 17.4309 3.59
      vertex 10.3853 17.0321 4.14655
      vertex 9.8711 17.2451 3.59
    endloop
  endfacet
  facet normal 0.634432 -0.314 -0.706328
    outer loop
      vertex 10.373 17.0198 4.14097
      vertex 9.8711 17.2451 3.59
      vertex 10.3853 17.0321 4.14655
    endloop
  endfacet
  facet normal 0.634884 -0.313041 -0.706348
    outer loop
      vertex 9.8711 17.2451 3.59
      vertex 10.373 17.0198 4.14097
      vertex 9.78432 17.0691 3.59
    endloop
  endfacet
  facet normal -0.53219 -0.466776 -0.706324
    outer loop
      vertex 7.42462 16.7584 3.59
      vertex 6.81924 16.5407 4.19
      vertex 7.29525 16.9059 3.59
    endloop
  endfacet
  facet normal 0.466886 -0.53203 -0.706372
    outer loop
      vertex 9.39842 16.6291 3.59
      vertex 9.69558 16.3424 4.00235
      vertex 9.65191 16.2987 4.0064
    endloop
  endfacet
  facet normal 0.466577 -0.532324 -0.706355
    outer loop
      vertex 9.69558 16.3424 4.00235
      vertex 9.39842 16.6291 3.59
      vertex 9.54594 16.7584 3.59
    endloop
  endfacet
  facet normal 0.0463837 -0.706346 -0.706346
    outer loop
      vertex 8.75939 15.7371 4.19
      vertex 8.48528 15.7191 4.19
      vertex 8.48528 16.3191 3.59
    endloop
  endfacet
  facet normal -0.393251 0.588587 -0.706342
    outer loop
      vertex 7.73528 19.1181 3.59
      vertex 7.20688 19.4851 4.19
      vertex 7.43528 19.6377 4.19
    endloop
  endfacet
  facet normal -0.227556 0.670324 -0.706317
    outer loop
      vertex 7.94176 19.8475 4.19
      vertex 8.09705 19.268 3.59
      vertex 7.68165 19.7592 4.19
    endloop
  endfacet
  facet normal -0.313092 0.634867 -0.706341
    outer loop
      vertex 7.68165 19.7592 4.19
      vertex 7.73528 19.1181 3.59
      vertex 7.43528 19.6377 4.19
    endloop
  endfacet
  facet normal -0.588572 -0.393266 -0.706346
    outer loop
      vertex 7.18624 17.0691 3.59
      vertex 6.81924 16.5407 4.19
      vertex 6.66663 16.7691 4.19
    endloop
  endfacet
  facet normal 0.138179 0.694288 -0.706308
    outer loop
      vertex 8.87351 19.268 3.59
      vertex 8.68107 19.3063 3.59
      vertex 8.75939 19.9011 4.19
    endloop
  endfacet
  facet normal -0.694263 0.138095 -0.706349
    outer loop
      vertex 6.99812 18.0149 3.59
      vertex 6.40325 18.0932 4.19
      vertex 7.03639 18.2073 3.59
    endloop
  endfacet
  facet normal -0.532188 0.466779 -0.706323
    outer loop
      vertex 7.42462 18.8798 3.59
      vertex 6.81924 19.0975 4.19
      vertex 7.00036 19.304 4.19
    endloop
  endfacet
  facet normal -0.588572 0.393266 -0.706346
    outer loop
      vertex 7.18624 18.5691 3.59
      vertex 6.66663 18.8691 4.19
      vertex 6.81924 19.0975 4.19
    endloop
  endfacet
  facet normal 0.227548 0.670327 -0.706317
    outer loop
      vertex 9.28892 19.7592 4.19
      vertex 8.87351 19.268 3.59
      vertex 9.0288 19.8475 4.19
    endloop
  endfacet
  facet normal -0.13818 0.694289 -0.706307
    outer loop
      vertex 8.28949 19.3063 3.59
      vertex 8.09705 19.268 3.59
      vertex 8.21118 19.9011 4.19
    endloop
  endfacet
  facet normal -0.46658 0.532327 -0.706351
    outer loop
      vertex 7.57214 19.0091 3.59
      vertex 7.42462 18.8798 3.59
      vertex 7.20688 19.4851 4.19
    endloop
  endfacet
  facet normal -0.227627 -0.67022 -0.706393
    outer loop
      vertex 8.09705 16.3702 3.59
      vertex 7.68165 15.8789 4.19
      vertex 7.91126 16.4333 3.59
    endloop
  endfacet
  facet normal 0.313102 0.634862 -0.706341
    outer loop
      vertex 9.53528 19.6377 4.19
      vertex 9.23528 19.1181 3.59
      vertex 9.28892 19.7592 4.19
    endloop
  endfacet
  facet normal 0.393251 0.588587 -0.706342
    outer loop
      vertex 9.76368 19.4851 4.19
      vertex 9.23528 19.1181 3.59
      vertex 9.53528 19.6377 4.19
    endloop
  endfacet
  facet normal -0.588648 -0.39319 -0.706325
    outer loop
      vertex 7.29525 16.9059 3.59
      vertex 6.81924 16.5407 4.19
      vertex 7.18624 17.0691 3.59
    endloop
  endfacet
  facet normal -0.0463853 0.706346 -0.706346
    outer loop
      vertex 8.48528 19.9191 4.19
      vertex 8.48528 19.3191 3.59
      vertex 8.21118 19.9011 4.19
    endloop
  endfacet
  facet normal -0.532312 0.466566 -0.706371
    outer loop
      vertex 7.29525 18.7322 3.59
      vertex 6.81924 19.0975 4.19
      vertex 7.42462 18.8798 3.59
    endloop
  endfacet
  facet normal 0.0463837 0.706346 -0.706346
    outer loop
      vertex 8.75939 19.9011 4.19
      vertex 8.48528 19.3191 3.59
      vertex 8.48528 19.9191 4.19
    endloop
  endfacet
  facet normal -0.0461817 0.7064 -0.706305
    outer loop
      vertex 8.48528 19.3191 3.59
      vertex 8.28949 19.3063 3.59
      vertex 8.21118 19.9011 4.19
    endloop
  endfacet
  facet normal 0.0461817 0.706399 -0.706305
    outer loop
      vertex 8.68107 19.3063 3.59
      vertex 8.48528 19.3191 3.59
      vertex 8.75939 19.9011 4.19
    endloop
  endfacet
  facet normal 0.227635 0.670277 -0.706336
    outer loop
      vertex 9.05931 19.2049 3.59
      vertex 8.87351 19.268 3.59
      vertex 9.28892 19.7592 4.19
    endloop
  endfacet
  facet normal 0.393255 0.588583 -0.706343
    outer loop
      vertex 9.39842 19.0091 3.59
      vertex 9.23528 19.1181 3.59
      vertex 9.76368 19.4851 4.19
    endloop
  endfacet
  facet normal 0.313149 0.634849 -0.706332
    outer loop
      vertex 9.23528 19.1181 3.59
      vertex 9.05931 19.2049 3.59
      vertex 9.28892 19.7592 4.19
    endloop
  endfacet
  facet normal 0.997851 0.0655283 0
    outer loop
      vertex 10.5853 17.8191 4.59
      vertex 10.5673 18.0932 4.19
      vertex 10.5673 18.0932 4.59
    endloop
  endfacet
  facet normal 0.997851 0.0655283 0
    outer loop
      vertex 10.5673 18.0932 4.19
      vertex 10.5853 17.8191 4.59
      vertex 10.5853 17.8191 4.19
    endloop
  endfacet
  facet normal 0.55554 0.83149 -0
    outer loop
      vertex 9.76368 19.4851 4.19
      vertex 9.53528 19.6377 4.59
      vertex 9.76368 19.4851 4.59
    endloop
  endfacet
  facet normal 0.55554 0.83149 0
    outer loop
      vertex 9.53528 19.6377 4.59
      vertex 9.76368 19.4851 4.19
      vertex 9.53528 19.6377 4.19
    endloop
  endfacet
  facet normal 0.659301 0.751879 -0
    outer loop
      vertex 9.97021 19.304 4.19
      vertex 9.76368 19.4851 4.59
      vertex 9.97021 19.304 4.59
    endloop
  endfacet
  facet normal 0.659301 0.751879 0
    outer loop
      vertex 9.76368 19.4851 4.59
      vertex 9.97021 19.304 4.19
      vertex 9.76368 19.4851 4.19
    endloop
  endfacet
  facet normal 0.442314 0.89686 -0
    outer loop
      vertex 9.53528 19.6377 4.19
      vertex 9.28892 19.7592 4.59
      vertex 9.53528 19.6377 4.59
    endloop
  endfacet
  facet normal 0.442314 0.89686 0
    outer loop
      vertex 9.28892 19.7592 4.59
      vertex 9.53528 19.6377 4.19
      vertex 9.28892 19.7592 4.19
    endloop
  endfacet
  facet normal 0.195129 0.980778 -0
    outer loop
      vertex 9.0288 19.8475 4.19
      vertex 8.75939 19.9011 4.59
      vertex 9.0288 19.8475 4.59
    endloop
  endfacet
  facet normal 0.195129 0.980778 0
    outer loop
      vertex 8.75939 19.9011 4.59
      vertex 9.0288 19.8475 4.19
      vertex 8.75939 19.9011 4.19
    endloop
  endfacet
  facet normal 0.194779 -0.980847 0
    outer loop
      vertex 8.75939 15.7371 4.19
      vertex 9.0288 15.7906 4.59
      vertex 8.75939 15.7371 4.59
    endloop
  endfacet
  facet normal 0.194779 -0.980847 0
    outer loop
      vertex 9.0288 15.7906 4.59
      vertex 8.75939 15.7371 4.19
      vertex 9.0288 15.7906 4.19
    endloop
  endfacet
  facet normal -0.55554 0.83149 0
    outer loop
      vertex 7.43528 19.6377 4.19
      vertex 7.20688 19.4851 4.59
      vertex 7.43528 19.6377 4.59
    endloop
  endfacet
  facet normal -0.55554 0.83149 0
    outer loop
      vertex 7.20688 19.4851 4.59
      vertex 7.43528 19.6377 4.19
      vertex 7.20688 19.4851 4.19
    endloop
  endfacet
  facet normal 0.75185 0.659334 0
    outer loop
      vertex 10.1513 19.0975 4.59
      vertex 9.97021 19.304 4.19
      vertex 9.97021 19.304 4.59
    endloop
  endfacet
  facet normal 0.75185 0.659334 0
    outer loop
      vertex 9.97021 19.304 4.19
      vertex 10.1513 19.0975 4.59
      vertex 10.1513 19.0975 4.19
    endloop
  endfacet
  facet normal 0.321443 0.946929 -0
    outer loop
      vertex 9.28892 19.7592 4.19
      vertex 9.0288 19.8475 4.59
      vertex 9.28892 19.7592 4.59
    endloop
  endfacet
  facet normal 0.321443 0.946929 0
    outer loop
      vertex 9.0288 19.8475 4.59
      vertex 9.28892 19.7592 4.19
      vertex 9.0288 19.8475 4.19
    endloop
  endfacet
  facet normal -0.4423 -0.896867 0
    outer loop
      vertex 7.43528 16.0004 4.19
      vertex 7.68165 15.8789 4.59
      vertex 7.43528 16.0004 4.59
    endloop
  endfacet
  facet normal -0.4423 -0.896867 -0
    outer loop
      vertex 7.68165 15.8789 4.59
      vertex 7.43528 16.0004 4.19
      vertex 7.68165 15.8789 4.19
    endloop
  endfacet
  facet normal -0.831473 -0.555565 0
    outer loop
      vertex 6.81924 16.5407 4.19
      vertex 6.66663 16.7691 4.59
      vertex 6.66663 16.7691 4.19
    endloop
  endfacet
  facet normal -0.831473 -0.555565 0
    outer loop
      vertex 6.66663 16.7691 4.59
      vertex 6.81924 16.5407 4.19
      vertex 6.81924 16.5407 4.59
    endloop
  endfacet
  facet normal 0.0655259 -0.997851 0
    outer loop
      vertex 8.48528 15.7191 4.19
      vertex 8.75939 15.7371 4.59
      vertex 8.48528 15.7191 4.59
    endloop
  endfacet
  facet normal 0.0655259 -0.997851 0
    outer loop
      vertex 8.75939 15.7371 4.59
      vertex 8.48528 15.7191 4.19
      vertex 8.75939 15.7371 4.19
    endloop
  endfacet
  facet normal -0.831473 0.555565 0
    outer loop
      vertex 6.66663 18.8691 4.19
      vertex 6.81924 19.0975 4.59
      vertex 6.81924 19.0975 4.19
    endloop
  endfacet
  facet normal -0.831473 0.555565 0
    outer loop
      vertex 6.81924 19.0975 4.59
      vertex 6.66663 18.8691 4.19
      vertex 6.66663 18.8691 4.59
    endloop
  endfacet
  facet normal 0.946985 -0.321279 0
    outer loop
      vertex 10.4546 17.1014 4.59
      vertex 10.5137 17.2756 4.19
      vertex 10.5137 17.2756 4.59
    endloop
  endfacet
  facet normal 0.946985 -0.321279 0
    outer loop
      vertex 10.5137 17.2756 4.19
      vertex 10.4546 17.1014 4.59
      vertex 10.4546 17.1014 4.19
    endloop
  endfacet
  facet normal -0.980783 -0.195101 0
    outer loop
      vertex 6.45684 17.2756 4.19
      vertex 6.40325 17.545 4.59
      vertex 6.40325 17.545 4.19
    endloop
  endfacet
  facet normal -0.980783 -0.195101 0
    outer loop
      vertex 6.40325 17.545 4.59
      vertex 6.45684 17.2756 4.19
      vertex 6.45684 17.2756 4.59
    endloop
  endfacet
  facet normal -0.195122 0.980779 0
    outer loop
      vertex 8.21118 19.9011 4.19
      vertex 7.94176 19.8475 4.59
      vertex 8.21118 19.9011 4.59
    endloop
  endfacet
  facet normal -0.195122 0.980779 0
    outer loop
      vertex 7.94176 19.8475 4.59
      vertex 8.21118 19.9011 4.19
      vertex 7.94176 19.8475 4.19
    endloop
  endfacet
  facet normal 0 0 1
    outer loop
      vertex 10.5673 18.0932 4.59
      vertex 10.5673 17.545 4.59
      vertex 10.5853 17.8191 4.59
    endloop
  endfacet
  facet normal 0 0 1
    outer loop
      vertex 10.5137 18.3626 4.59
      vertex 10.5673 17.545 4.59
      vertex 10.5673 18.0932 4.59
    endloop
  endfacet
  facet normal 0 0 1
    outer loop
      vertex 10.4546 17.1014 4.59
      vertex 10.5673 17.545 4.59
      vertex 10.5137 18.3626 4.59
    endloop
  endfacet
  facet normal 0 0 1
    outer loop
      vertex 10.5673 17.545 4.59
      vertex 10.4546 17.1014 4.59
      vertex 10.5137 17.2756 4.59
    endloop
  endfacet
  facet normal 0 0 1
    outer loop
      vertex 10.4254 18.6227 4.59
      vertex 10.4546 17.1014 4.59
      vertex 10.5137 18.3626 4.59
    endloop
  endfacet
  facet normal 0 0 1
    outer loop
      vertex 10.3039 18.8691 4.59
      vertex 10.4546 17.1014 4.59
      vertex 10.4254 18.6227 4.59
    endloop
  endfacet
  facet normal 0 0 1
    outer loop
      vertex 10.1513 19.0975 4.59
      vertex 10.4546 17.1014 4.59
      vertex 10.3039 18.8691 4.59
    endloop
  endfacet
  facet normal 0 0 1
    outer loop
      vertex 9.97021 19.304 4.59
      vertex 10.4546 17.1014 4.59
      vertex 10.1513 19.0975 4.59
    endloop
  endfacet
  facet normal 0 0 1
    outer loop
      vertex 9.76368 19.4851 4.59
      vertex 10.4546 17.1014 4.59
      vertex 9.97021 19.304 4.59
    endloop
  endfacet
  facet normal 0 0 1
    outer loop
      vertex 9.53528 19.6377 4.59
      vertex 10.4546 17.1014 4.59
      vertex 9.76368 19.4851 4.59
    endloop
  endfacet
  facet normal 0 0 1
    outer loop
      vertex 9.28892 19.7592 4.59
      vertex 10.4546 17.1014 4.59
      vertex 9.53528 19.6377 4.59
    endloop
  endfacet
  facet normal 0 0 1
    outer loop
      vertex 9.28892 19.7592 4.59
      vertex 9.20296 15.8498 4.59
      vertex 10.4546 17.1014 4.59
    endloop
  endfacet
  facet normal 0 0 1
    outer loop
      vertex 9.0288 19.8475 4.59
      vertex 9.20296 15.8498 4.59
      vertex 9.28892 19.7592 4.59
    endloop
  endfacet
  facet normal 0 0 1
    outer loop
      vertex 8.75939 19.9011 4.59
      vertex 9.20296 15.8498 4.59
      vertex 9.0288 19.8475 4.59
    endloop
  endfacet
  facet normal 0 0 1
    outer loop
      vertex 8.75939 15.7371 4.59
      vertex 9.20296 15.8498 4.59
      vertex 8.75939 19.9011 4.59
    endloop
  endfacet
  facet normal 0 0 1
    outer loop
      vertex 9.20296 15.8498 4.59
      vertex 8.75939 15.7371 4.59
      vertex 9.0288 15.7906 4.59
    endloop
  endfacet
  facet normal 0 0 1
    outer loop
      vertex 8.48528 19.9191 4.59
      vertex 8.75939 15.7371 4.59
      vertex 8.75939 19.9011 4.59
    endloop
  endfacet
  facet normal 0 0 1
    outer loop
      vertex 8.48528 19.9191 4.59
      vertex 8.48528 15.7191 4.59
      vertex 8.75939 15.7371 4.59
    endloop
  endfacet
  facet normal -0 0 1
    outer loop
      vertex 8.21118 19.9011 4.59
      vertex 8.48528 15.7191 4.59
      vertex 8.48528 19.9191 4.59
    endloop
  endfacet
  facet normal 0 0 1
    outer loop
      vertex 8.21118 19.9011 4.59
      vertex 8.21118 15.7371 4.59
      vertex 8.48528 15.7191 4.59
    endloop
  endfacet
  facet normal -0 0 1
    outer loop
      vertex 7.94176 19.8475 4.59
      vertex 8.21118 15.7371 4.59
      vertex 8.21118 19.9011 4.59
    endloop
  endfacet
  facet normal 0 0 1
    outer loop
      vertex 7.94176 19.8475 4.59
      vertex 7.94176 15.7906 4.59
      vertex 8.21118 15.7371 4.59
    endloop
  endfacet
  facet normal -0 0 1
    outer loop
      vertex 7.68165 19.7592 4.59
      vertex 7.94176 15.7906 4.59
      vertex 7.94176 19.8475 4.59
    endloop
  endfacet
  facet normal 0 0 1
    outer loop
      vertex 7.68165 19.7592 4.59
      vertex 7.68165 15.8789 4.59
      vertex 7.94176 15.7906 4.59
    endloop
  endfacet
  facet normal -0 0 1
    outer loop
      vertex 7.43528 19.6377 4.59
      vertex 7.68165 15.8789 4.59
      vertex 7.68165 19.7592 4.59
    endloop
  endfacet
  facet normal 0 0 1
    outer loop
      vertex 7.43528 19.6377 4.59
      vertex 7.43528 16.0004 4.59
      vertex 7.68165 15.8789 4.59
    endloop
  endfacet
  facet normal -0 0 1
    outer loop
      vertex 7.20688 19.4851 4.59
      vertex 7.43528 16.0004 4.59
      vertex 7.43528 19.6377 4.59
    endloop
  endfacet
  facet normal 0 0 1
    outer loop
      vertex 7.20688 19.4851 4.59
      vertex 7.20688 16.153 4.59
      vertex 7.43528 16.0004 4.59
    endloop
  endfacet
  facet normal -0 0 1
    outer loop
      vertex 7.00036 19.304 4.59
      vertex 7.20688 16.153 4.59
      vertex 7.20688 19.4851 4.59
    endloop
  endfacet
  facet normal 0 0 1
    outer loop
      vertex 7.00036 19.304 4.59
      vertex 7.00036 16.3342 4.59
      vertex 7.20688 16.153 4.59
    endloop
  endfacet
  facet normal -0 0 1
    outer loop
      vertex 6.81924 19.0975 4.59
      vertex 7.00036 16.3342 4.59
      vertex 7.00036 19.304 4.59
    endloop
  endfacet
  facet normal 0 0 1
    outer loop
      vertex 6.81924 19.0975 4.59
      vertex 6.81924 16.5407 4.59
      vertex 7.00036 16.3342 4.59
    endloop
  endfacet
  facet normal -0 0 1
    outer loop
      vertex 6.66663 18.8691 4.59
      vertex 6.81924 16.5407 4.59
      vertex 6.81924 19.0975 4.59
    endloop
  endfacet
  facet normal 0 0 1
    outer loop
      vertex 6.66663 18.8691 4.59
      vertex 6.66663 16.7691 4.59
      vertex 6.81924 16.5407 4.59
    endloop
  endfacet
  facet normal -0 0 1
    outer loop
      vertex 6.54514 18.6227 4.59
      vertex 6.66663 16.7691 4.59
      vertex 6.66663 18.8691 4.59
    endloop
  endfacet
  facet normal 0 0 1
    outer loop
      vertex 6.54514 18.6227 4.59
      vertex 6.54514 17.0155 4.59
      vertex 6.66663 16.7691 4.59
    endloop
  endfacet
  facet normal -0 0 1
    outer loop
      vertex 6.45684 18.3626 4.59
      vertex 6.54514 17.0155 4.59
      vertex 6.54514 18.6227 4.59
    endloop
  endfacet
  facet normal 0 0 1
    outer loop
      vertex 6.45684 18.3626 4.59
      vertex 6.45684 17.2756 4.59
      vertex 6.54514 17.0155 4.59
    endloop
  endfacet
  facet normal -0 0 1
    outer loop
      vertex 6.40325 18.0932 4.59
      vertex 6.45684 17.2756 4.59
      vertex 6.45684 18.3626 4.59
    endloop
  endfacet
  facet normal 0 0 1
    outer loop
      vertex 6.40325 18.0932 4.59
      vertex 6.40325 17.545 4.59
      vertex 6.45684 17.2756 4.59
    endloop
  endfacet
  facet normal 0 -0 1
    outer loop
      vertex 6.40325 17.545 4.59
      vertex 6.40325 18.0932 4.59
      vertex 6.38528 17.8191 4.59
    endloop
  endfacet
  facet normal 0.980776 0.195136 0
    outer loop
      vertex 10.5673 18.0932 4.59
      vertex 10.5137 18.3626 4.19
      vertex 10.5137 18.3626 4.59
    endloop
  endfacet
  facet normal 0.980776 0.195136 0
    outer loop
      vertex 10.5137 18.3626 4.19
      vertex 10.5673 18.0932 4.59
      vertex 10.5673 18.0932 4.19
    endloop
  endfacet
  facet normal -0.321454 0.946925 0
    outer loop
      vertex 7.94176 19.8475 4.19
      vertex 7.68165 19.7592 4.59
      vertex 7.94176 19.8475 4.59
    endloop
  endfacet
  facet normal -0.321454 0.946925 0
    outer loop
      vertex 7.68165 19.7592 4.59
      vertex 7.94176 19.8475 4.19
      vertex 7.68165 19.7592 4.19
    endloop
  endfacet
  facet normal 0.83149 0.55554 0
    outer loop
      vertex 10.3039 18.8691 4.59
      vertex 10.1513 19.0975 4.19
      vertex 10.1513 19.0975 4.59
    endloop
  endfacet
  facet normal 0.83149 0.55554 0
    outer loop
      vertex 10.1513 19.0975 4.19
      vertex 10.3039 18.8691 4.59
      vertex 10.3039 18.8691 4.19
    endloop
  endfacet
  facet normal -0.896903 0.442227 0
    outer loop
      vertex 6.54514 18.6227 4.19
      vertex 6.66663 18.8691 4.59
      vertex 6.66663 18.8691 4.19
    endloop
  endfacet
  facet normal -0.896903 0.442227 0
    outer loop
      vertex 6.66663 18.8691 4.59
      vertex 6.54514 18.6227 4.19
      vertex 6.54514 18.6227 4.59
    endloop
  endfacet
  facet normal -0.0655283 0.997851 0
    outer loop
      vertex 8.48528 19.9191 4.19
      vertex 8.21118 19.9011 4.59
      vertex 8.48528 19.9191 4.59
    endloop
  endfacet
  facet normal -0.0655283 0.997851 0
    outer loop
      vertex 8.21118 19.9011 4.59
      vertex 8.48528 19.9191 4.19
      vertex 8.21118 19.9011 4.19
    endloop
  endfacet
  facet normal -0.946921 0.321465 0
    outer loop
      vertex 6.45684 18.3626 4.19
      vertex 6.54514 18.6227 4.59
      vertex 6.54514 18.6227 4.19
    endloop
  endfacet
  facet normal -0.946921 0.321465 0
    outer loop
      vertex 6.54514 18.6227 4.59
      vertex 6.45684 18.3626 4.19
      vertex 6.45684 18.3626 4.59
    endloop
  endfacet
  facet normal -0.980783 0.195101 0
    outer loop
      vertex 6.40325 18.0932 4.19
      vertex 6.45684 18.3626 4.59
      vertex 6.45684 18.3626 4.19
    endloop
  endfacet
  facet normal -0.980783 0.195101 0
    outer loop
      vertex 6.45684 18.3626 4.59
      vertex 6.40325 18.0932 4.19
      vertex 6.40325 18.0932 4.59
    endloop
  endfacet
  facet normal 0.997851 -0.0655283 0
    outer loop
      vertex 10.5673 17.545 4.59
      vertex 10.5853 17.8191 4.19
      vertex 10.5853 17.8191 4.59
    endloop
  endfacet
  facet normal 0.997851 -0.0655283 0
    outer loop
      vertex 10.5853 17.8191 4.19
      vertex 10.5673 17.545 4.59
      vertex 10.5673 17.545 4.19
    endloop
  endfacet
  facet normal -0.997858 -0.0654196 0
    outer loop
      vertex 6.40325 17.545 4.19
      vertex 6.38528 17.8191 4.59
      vertex 6.38528 17.8191 4.19
    endloop
  endfacet
  facet normal -0.997858 -0.0654196 0
    outer loop
      vertex 6.38528 17.8191 4.59
      vertex 6.40325 17.545 4.19
      vertex 6.40325 17.545 4.59
    endloop
  endfacet
  facet normal -0.659319 0.751864 0
    outer loop
      vertex 7.20688 19.4851 4.19
      vertex 7.00036 19.304 4.59
      vertex 7.20688 19.4851 4.59
    endloop
  endfacet
  facet normal -0.659319 0.751864 0
    outer loop
      vertex 7.00036 19.304 4.59
      vertex 7.20688 19.4851 4.19
      vertex 7.00036 19.304 4.19
    endloop
  endfacet
  facet normal -0.0655283 -0.997851 0
    outer loop
      vertex 8.21118 15.7371 4.19
      vertex 8.48528 15.7191 4.59
      vertex 8.21118 15.7371 4.59
    endloop
  endfacet
  facet normal -0.0655283 -0.997851 -0
    outer loop
      vertex 8.48528 15.7191 4.59
      vertex 8.21118 15.7371 4.19
      vertex 8.48528 15.7191 4.19
    endloop
  endfacet
  facet normal -0.946921 -0.321465 0
    outer loop
      vertex 6.54514 17.0155 4.19
      vertex 6.45684 17.2756 4.59
      vertex 6.45684 17.2756 4.19
    endloop
  endfacet
  facet normal -0.946921 -0.321465 0
    outer loop
      vertex 6.45684 17.2756 4.59
      vertex 6.54514 17.0155 4.19
      vertex 6.54514 17.0155 4.59
    endloop
  endfacet
  facet normal 0.946921 0.321465 0
    outer loop
      vertex 10.5137 18.3626 4.59
      vertex 10.4254 18.6227 4.19
      vertex 10.4254 18.6227 4.59
    endloop
  endfacet
  facet normal 0.946921 0.321465 0
    outer loop
      vertex 10.4254 18.6227 4.19
      vertex 10.5137 18.3626 4.59
      vertex 10.5137 18.3626 4.19
    endloop
  endfacet
  facet normal -0.751796 0.659396 0
    outer loop
      vertex 6.81924 19.0975 4.19
      vertex 7.00036 19.304 4.59
      vertex 7.00036 19.304 4.19
    endloop
  endfacet
  facet normal -0.751796 0.659396 0
    outer loop
      vertex 7.00036 19.304 4.59
      vertex 6.81924 19.0975 4.19
      vertex 6.81924 19.0975 4.59
    endloop
  endfacet
  facet normal -0.896903 -0.442227 0
    outer loop
      vertex 6.66663 16.7691 4.19
      vertex 6.54514 17.0155 4.59
      vertex 6.54514 17.0155 4.19
    endloop
  endfacet
  facet normal -0.896903 -0.442227 0
    outer loop
      vertex 6.54514 17.0155 4.59
      vertex 6.66663 16.7691 4.19
      vertex 6.66663 16.7691 4.59
    endloop
  endfacet
  facet normal -0.4423 0.896867 0
    outer loop
      vertex 7.68165 19.7592 4.19
      vertex 7.43528 19.6377 4.59
      vertex 7.68165 19.7592 4.59
    endloop
  endfacet
  facet normal -0.4423 0.896867 0
    outer loop
      vertex 7.43528 19.6377 4.59
      vertex 7.68165 19.7592 4.19
      vertex 7.43528 19.6377 4.19
    endloop
  endfacet
  facet normal 0.896889 0.442256 0
    outer loop
      vertex 10.4254 18.6227 4.59
      vertex 10.3039 18.8691 4.19
      vertex 10.3039 18.8691 4.59
    endloop
  endfacet
  facet normal 0.896889 0.442256 0
    outer loop
      vertex 10.3039 18.8691 4.19
      vertex 10.4254 18.6227 4.59
      vertex 10.4254 18.6227 4.19
    endloop
  endfacet
  facet normal -0.55554 -0.83149 0
    outer loop
      vertex 7.20688 16.153 4.19
      vertex 7.43528 16.0004 4.59
      vertex 7.20688 16.153 4.59
    endloop
  endfacet
  facet normal -0.55554 -0.83149 -0
    outer loop
      vertex 7.43528 16.0004 4.59
      vertex 7.20688 16.153 4.19
      vertex 7.43528 16.0004 4.19
    endloop
  endfacet
  facet normal 0.0655259 0.997851 -0
    outer loop
      vertex 8.75939 19.9011 4.19
      vertex 8.48528 19.9191 4.59
      vertex 8.75939 19.9011 4.59
    endloop
  endfacet
  facet normal 0.0655259 0.997851 0
    outer loop
      vertex 8.48528 19.9191 4.59
      vertex 8.75939 19.9011 4.19
      vertex 8.48528 19.9191 4.19
    endloop
  endfacet
  facet normal -0.997858 0.0654196 0
    outer loop
      vertex 6.38528 17.8191 4.19
      vertex 6.40325 18.0932 4.59
      vertex 6.40325 18.0932 4.19
    endloop
  endfacet
  facet normal -0.997858 0.0654196 0
    outer loop
      vertex 6.40325 18.0932 4.59
      vertex 6.38528 17.8191 4.19
      vertex 6.38528 17.8191 4.59
    endloop
  endfacet
  facet normal -0.321454 -0.946925 0
    outer loop
      vertex 7.68165 15.8789 4.19
      vertex 7.94176 15.7906 4.59
      vertex 7.68165 15.8789 4.59
    endloop
  endfacet
  facet normal -0.321454 -0.946925 -0
    outer loop
      vertex 7.94176 15.7906 4.59
      vertex 7.68165 15.8789 4.19
      vertex 7.94176 15.7906 4.19
    endloop
  endfacet
  facet normal -0.751796 -0.659396 0
    outer loop
      vertex 7.00036 16.3342 4.19
      vertex 6.81924 16.5407 4.59
      vertex 6.81924 16.5407 4.19
    endloop
  endfacet
  facet normal -0.751796 -0.659396 0
    outer loop
      vertex 6.81924 16.5407 4.59
      vertex 7.00036 16.3342 4.19
      vertex 7.00036 16.3342 4.59
    endloop
  endfacet
  facet normal -0.194772 -0.980849 0
    outer loop
      vertex 7.94176 15.7906 4.19
      vertex 8.21118 15.7371 4.59
      vertex 7.94176 15.7906 4.59
    endloop
  endfacet
  facet normal -0.194772 -0.980849 -0
    outer loop
      vertex 8.21118 15.7371 4.59
      vertex 7.94176 15.7906 4.19
      vertex 8.21118 15.7371 4.19
    endloop
  endfacet
  facet normal 0.980776 -0.195136 0
    outer loop
      vertex 10.5137 17.2756 4.59
      vertex 10.5673 17.545 4.19
      vertex 10.5673 17.545 4.59
    endloop
  endfacet
  facet normal 0.980776 -0.195136 0
    outer loop
      vertex 10.5673 17.545 4.19
      vertex 10.5137 17.2756 4.59
      vertex 10.5137 17.2756 4.19
    endloop
  endfacet
  facet normal -0.659524 -0.751683 0
    outer loop
      vertex 7.00036 16.3342 4.19
      vertex 7.20688 16.153 4.59
      vertex 7.00036 16.3342 4.59
    endloop
  endfacet
  facet normal -0.659524 -0.751683 -0
    outer loop
      vertex 7.20688 16.153 4.59
      vertex 7.00036 16.3342 4.19
      vertex 7.20688 16.153 4.19
    endloop
  endfacet
  facet normal 0.321833 -0.946797 0
    outer loop
      vertex 9.0288 15.7906 4.19
      vertex 9.20296 15.8498 4.59
      vertex 9.0288 15.7906 4.59
    endloop
  endfacet
  facet normal 0.321833 -0.946797 0
    outer loop
      vertex 9.20296 15.8498 4.59
      vertex 9.0288 15.7906 4.19
      vertex 9.20296 15.8498 4.19
    endloop
  endfacet
  facet normal 0.707107 0.707107 0
    outer loop
      vertex 7.77817 0 8
      vertex 0 7.77817 6.04454
      vertex 0 7.77817 8
    endloop
  endfacet
  facet normal 0.707107 0.707107 0
    outer loop
      vertex 0 7.77817 6.04454
      vertex 7.77817 0 8
      vertex 7.77817 0 6.04454
    endloop
  endfacet
  facet normal 0 0 1
    outer loop
      vertex 0 7.77817 8
      vertex 5.41806 0 8
      vertex 7.77817 0 8
    endloop
  endfacet
  facet normal 0 0 1
    outer loop
      vertex 0 7.77817 8
      vertex 0 5.41806 8
      vertex 5.41806 0 8
    endloop
  endfacet
  facet normal 0 0 1
    outer loop
      vertex 0 7.77817 8
      vertex -5.41806 0 8
      vertex 0 5.41806 8
    endloop
  endfacet
  facet normal 0 -0 1
    outer loop
      vertex -5.41806 0 8
      vertex 0 7.77817 8
      vertex -7.77817 0 8
    endloop
  endfacet
  facet normal 0 0 1
    outer loop
      vertex 0 -5.41806 8
      vertex 7.77817 0 8
      vertex 5.41806 0 8
    endloop
  endfacet
  facet normal -0 0 1
    outer loop
      vertex 0 -5.41806 8
      vertex 0 -7.77817 8
      vertex 7.77817 0 8
    endloop
  endfacet
  facet normal 0 0 1
    outer loop
      vertex -5.41806 0 8
      vertex 0 -7.77817 8
      vertex 0 -5.41806 8
    endloop
  endfacet
  facet normal 0 0 1
    outer loop
      vertex 0 -7.77817 8
      vertex -5.41806 0 8
      vertex -7.77817 0 8
    endloop
  endfacet
  facet normal -0.707105 -0.707108 0
    outer loop
      vertex -2.66933 -5.10885 1.6
      vertex 0 -7.77817 1.6
      vertex -2.66933 -5.10885 5.8
    endloop
  endfacet
  facet normal -0.707108 -0.707105 -0
    outer loop
      vertex -5.10885 -2.66933 5.8
      vertex -7.77817 0 1.6
      vertex -5.10885 -2.66933 1.6
    endloop
  endfacet
  facet normal -0.707108 -0.707105 0
    outer loop
      vertex -7.77817 0 1.6
      vertex -5.10885 -2.66933 5.8
      vertex -7.77817 0 8
    endloop
  endfacet
  facet normal -0.707107 -0.707107 3.21412e-06
    outer loop
      vertex -2.66933 -5.10885 5.8
      vertex -7.77817 0 8
      vertex -5.10885 -2.66933 5.8
    endloop
  endfacet
  facet normal -0.707107 -0.707107 3.21412e-06
    outer loop
      vertex -2.66933 -5.10885 5.8
      vertex 0 -7.77817 8
      vertex -7.77817 0 8
    endloop
  endfacet
  facet normal -0.707105 -0.707108 -0
    outer loop
      vertex 0 -7.77817 8
      vertex -2.66933 -5.10885 5.8
      vertex 0 -7.77817 1.6
    endloop
  endfacet
  facet normal -0.707108 0.707106 0
    outer loop
      vertex -3.88909 3.88909 1.6
      vertex -7.77817 0 1.6
      vertex -3.88909 3.88909 6.04454
    endloop
  endfacet
  facet normal -0.707106 0.707108 0
    outer loop
      vertex -3.88909 3.88909 6.04454
      vertex 0 7.77817 8
      vertex 0 7.77817 6.04454
    endloop
  endfacet
  facet normal -0.707107 0.707107 3.61606e-06
    outer loop
      vertex -3.88909 3.88909 6.04454
      vertex -7.77817 0 8
      vertex 0 7.77817 8
    endloop
  endfacet
  facet normal -0.707108 0.707106 0
    outer loop
      vertex -7.77817 0 8
      vertex -3.88909 3.88909 6.04454
      vertex -7.77817 0 1.6
    endloop
  endfacet
  facet normal 0.707108 -0.707106 0
    outer loop
      vertex 7.77817 0 8
      vertex 3.88909 -3.88909 6.04454
      vertex 7.77817 0 6.04454
    endloop
  endfacet
  facet normal 0.707107 -0.707107 3.61606e-06
    outer loop
      vertex 0 -7.77817 8
      vertex 3.88909 -3.88909 6.04454
      vertex 7.77817 0 8
    endloop
  endfacet
  facet normal 0.707106 -0.707108 0
    outer loop
      vertex 0 -7.77817 1.6
      vertex 3.88909 -3.88909 6.04454
      vertex 0 -7.77817 8
    endloop
  endfacet
  facet normal 0.707106 -0.707108 0
    outer loop
      vertex 3.88909 -3.88909 6.04454
      vertex 0 -7.77817 1.6
      vertex 3.88909 -3.88909 1.6
    endloop
  endfacet
  facet normal 0.707111 0.707102 -0
    outer loop
      vertex 7.9196 11.8794 1.6
      vertex 5.51543 14.2836 6.04454
      vertex 7.9196 11.8794 6.04454
    endloop
  endfacet
  facet normal 0.707111 0.707102 0
    outer loop
      vertex 5.51543 14.2836 6.04454
      vertex 7.9196 11.8794 1.6
      vertex 5.51543 14.2836 1.6
    endloop
  endfacet
  facet normal 0.707102 0.707111 0
    outer loop
      vertex 14.2836 5.51543 6.04454
      vertex 11.8794 7.9196 1.6
      vertex 11.8794 7.9196 6.04454
    endloop
  endfacet
  facet normal 0.707102 0.707111 0
    outer loop
      vertex 11.8794 7.9196 1.6
      vertex 14.2836 5.51543 6.04454
      vertex 14.2836 5.51543 1.6
    endloop
  endfacet
  facet normal 0 0 1
    outer loop
      vertex 5.51543 14.2836 6.04454
      vertex 2.26274 6.22254 6.04454
      vertex 7.9196 11.8794 6.04454
    endloop
  endfacet
  facet normal 0 0 1
    outer loop
      vertex 5.51543 14.2836 6.04454
      vertex 0 7.77817 6.04454
      vertex 2.26274 6.22254 6.04454
    endloop
  endfacet
  facet normal 0 0 1
    outer loop
      vertex -4.38406 4.38406 6.04454
      vertex 0 7.77817 6.04454
      vertex 5.51543 14.2836 6.04454
    endloop
  endfacet
  facet normal 0 0 1
    outer loop
      vertex 0 7.77817 6.04454
      vertex -4.38406 4.38406 6.04454
      vertex -3.88909 3.88909 6.04454
    endloop
  endfacet
  facet normal 0 0 1
    outer loop
      vertex 14.2836 5.51543 6.04454
      vertex 6.22254 2.26274 6.04454
      vertex 7.77817 0 6.04454
    endloop
  endfacet
  facet normal 0 0 1
    outer loop
      vertex 2.26274 6.22254 6.04454
      vertex 7.77817 0 6.04454
      vertex 6.22254 2.26274 6.04454
    endloop
  endfacet
  facet normal 0 0 1
    outer loop
      vertex 7.77817 0 6.04454
      vertex 2.26274 6.22254 6.04454
      vertex 0 7.77817 6.04454
    endloop
  endfacet
  facet normal 0 0 1
    outer loop
      vertex 6.22254 2.26274 6.04454
      vertex 14.2836 5.51543 6.04454
      vertex 11.8794 7.9196 6.04454
    endloop
  endfacet
  facet normal -0 0 1
    outer loop
      vertex 7.77817 0 6.04454
      vertex 4.38406 -4.38406 6.04454
      vertex 14.2836 5.51543 6.04454
    endloop
  endfacet
  facet normal 0 -0 1
    outer loop
      vertex 4.38406 -4.38406 6.04454
      vertex 7.77817 0 6.04454
      vertex 3.88909 -3.88909 6.04454
    endloop
  endfacet
  facet normal -0.707107 -0.707107 0
    outer loop
      vertex -3.88909 3.88909 1.6
      vertex -4.38406 4.38406 6.04454
      vertex -4.38406 4.38406 1.6
    endloop
  endfacet
  facet normal -0.707107 -0.707107 0
    outer loop
      vertex -4.38406 4.38406 6.04454
      vertex -3.88909 3.88909 1.6
      vertex -3.88909 3.88909 6.04454
    endloop
  endfacet
  facet normal -0.707107 -0.707107 0
    outer loop
      vertex 4.38406 -4.38406 1.6
      vertex 3.88909 -3.88909 6.04454
      vertex 3.88909 -3.88909 1.6
    endloop
  endfacet
  facet normal -0.707107 -0.707107 0
    outer loop
      vertex 3.88909 -3.88909 6.04454
      vertex 4.38406 -4.38406 1.6
      vertex 4.38406 -4.38406 6.04454
    endloop
  endfacet
  facet normal -0.707167 0.707046 -8.44112e-05
    outer loop
      vertex 4.21664 12.9848 3.37946
      vertex 5.51543 14.2836 1.6
      vertex 4.22496 12.9931 3.2
    endloop
  endfacet
  facet normal -0.707068 0.707145 7.52451e-05
    outer loop
      vertex 5.51543 14.2836 1.6
      vertex 4.21664 12.9848 3.02054
      vertex 4.22496 12.9931 3.2
    endloop
  endfacet
  facet normal -0.70709 0.707123 3.54039e-05
    outer loop
      vertex 5.51543 14.2836 1.6
      vertex 4.19183 12.96 2.84413
      vertex 4.21664 12.9848 3.02054
    endloop
  endfacet
  facet normal -0.707139 0.707075 -6.77484e-05
    outer loop
      vertex 5.51543 14.2836 1.6
      vertex 4.15095 12.9191 2.67382
      vertex 4.19183 12.96 2.84413
    endloop
  endfacet
  facet normal -0.707178 0.707035 -0.000169119
    outer loop
      vertex 5.51543 14.2836 1.6
      vertex 4.0947 12.8628 2.5125
      vertex 4.15095 12.9191 2.67382
    endloop
  endfacet
  facet normal -0.70705 0.707163 0.000230305
    outer loop
      vertex 5.51543 14.2836 1.6
      vertex 4.02404 12.7922 2.36296
      vertex 4.0947 12.8628 2.5125
    endloop
  endfacet
  facet normal -0.707149 0.707064 -0.000156551
    outer loop
      vertex 5.51543 14.2836 1.6
      vertex 3.94018 12.7083 2.22774
      vertex 4.02404 12.7922 2.36296
    endloop
  endfacet
  facet normal -0.707097 0.707116 0.00010395
    outer loop
      vertex 5.51543 14.2836 1.6
      vertex 3.84456 12.6127 2.10915
      vertex 3.94018 12.7083 2.22774
    endloop
  endfacet
  facet normal -0.707087 0.707126 0.000170688
    outer loop
      vertex 5.51543 14.2836 1.6
      vertex 3.73883 12.507 2.00922
      vertex 3.84456 12.6127 2.10915
    endloop
  endfacet
  facet normal -0.70713 0.707084 -0.000200468
    outer loop
      vertex 5.51543 14.2836 1.6
      vertex 3.62476 12.3929 1.92968
      vertex 3.73883 12.507 2.00922
    endloop
  endfacet
  facet normal -0.707166 0.707048 -0.00061079
    outer loop
      vertex 5.51543 14.2836 1.6
      vertex 3.50433 12.2724 1.87186
      vertex 3.62476 12.3929 1.92968
    endloop
  endfacet
  facet normal -0.707082 0.707132 0.00062875
    outer loop
      vertex 5.51543 14.2836 1.6
      vertex 3.37959 12.1477 1.83676
      vertex 3.50433 12.2724 1.87186
    endloop
  endfacet
  facet normal -0.707111 0.707102 9.76006e-05
    outer loop
      vertex 5.51543 14.2836 1.6
      vertex 3.25269 12.0208 1.825
      vertex 3.37959 12.1477 1.83676
    endloop
  endfacet
  facet normal -0.707109 0.707105 0.000152645
    outer loop
      vertex -4.38406 4.38406 1.6
      vertex 3.25269 12.0208 1.825
      vertex 5.51543 14.2836 1.6
    endloop
  endfacet
  facet normal -0.707142 0.707071 0.000311924
    outer loop
      vertex 2.28874 11.0569 3.02054
      vertex -4.38406 4.38406 1.6
      vertex 2.28042 11.0485 3.2
    endloop
  endfacet
  facet normal -0.707105 0.707109 -3.94969e-05
    outer loop
      vertex 2.31355 11.0817 2.84413
      vertex -4.38406 4.38406 1.6
      vertex 2.28874 11.0569 3.02054
    endloop
  endfacet
  facet normal -0.707112 0.707102 3.90179e-05
    outer loop
      vertex 2.35444 11.1226 2.67382
      vertex -4.38406 4.38406 1.6
      vertex 2.31355 11.0817 2.84413
    endloop
  endfacet
  facet normal -0.707096 0.707118 -0.000167491
    outer loop
      vertex 2.41068 11.1788 2.5125
      vertex -4.38406 4.38406 1.6
      vertex 2.35444 11.1226 2.67382
    endloop
  endfacet
  facet normal -0.707119 0.707095 0.000177853
    outer loop
      vertex 2.48134 11.2495 2.36296
      vertex -4.38406 4.38406 1.6
      vertex 2.41068 11.1788 2.5125
    endloop
  endfacet
  facet normal -0.707092 0.707121 -0.000295924
    outer loop
      vertex 2.5652 11.3333 2.22774
      vertex -4.38406 4.38406 1.6
      vertex 2.48134 11.2495 2.36296
    endloop
  endfacet
  facet normal -0.707101 0.707113 -0.000109628
    outer loop
      vertex 2.66082 11.4289 2.10915
      vertex -4.38406 4.38406 1.6
      vertex 2.5652 11.3333 2.22774
    endloop
  endfacet
  facet normal -0.707121 0.707092 0.000464073
    outer loop
      vertex 2.76655 11.5347 2.00922
      vertex -4.38406 4.38406 1.6
      vertex 2.66082 11.4289 2.10915
    endloop
  endfacet
  facet normal -0.707092 0.707122 -0.000579041
    outer loop
      vertex 2.88062 11.6487 1.92968
      vertex -4.38406 4.38406 1.6
      vertex 2.76655 11.5347 2.00922
    endloop
  endfacet
  facet normal -0.70712 0.707093 0.000677791
    outer loop
      vertex 3.00106 11.7692 1.87186
      vertex -4.38406 4.38406 1.6
      vertex 2.88062 11.6487 1.92968
    endloop
  endfacet
  facet normal -0.707098 0.707116 -0.000540476
    outer loop
      vertex 3.12579 11.8939 1.83676
      vertex -4.38406 4.38406 1.6
      vertex 3.00106 11.7692 1.87186
    endloop
  endfacet
  facet normal -0.707106 0.707107 7.58123e-06
    outer loop
      vertex 3.25269 12.0208 1.825
      vertex -4.38406 4.38406 1.6
      vertex 3.12579 11.8939 1.83676
    endloop
  endfacet
  facet normal -0.70711 0.707104 0
    outer loop
      vertex 5.51543 14.2836 1.6
      vertex 4.21664 12.9848 3.37946
      vertex 5.51543 14.2836 6.04454
    endloop
  endfacet
  facet normal -0.707077 0.707137 -3.17018e-05
    outer loop
      vertex 4.19183 12.96 3.55587
      vertex 5.51543 14.2836 6.04454
      vertex 4.21664 12.9848 3.37946
    endloop
  endfacet
  facet normal -0.707161 0.707053 5.7211e-05
    outer loop
      vertex 4.15095 12.9191 3.72618
      vertex 5.51543 14.2836 6.04454
      vertex 4.19183 12.96 3.55587
    endloop
  endfacet
  facet normal -0.707227 0.706987 0.000135334
    outer loop
      vertex 4.0947 12.8628 3.8875
      vertex 5.51543 14.2836 6.04454
      vertex 4.15095 12.9191 3.72618
    endloop
  endfacet
  facet normal -0.706991 0.707222 -0.000174813
    outer loop
      vertex 4.02404 12.7922 4.03704
      vertex 5.51543 14.2836 6.04454
      vertex 4.0947 12.8628 3.8875
    endloop
  endfacet
  facet normal -0.707185 0.707029 0.000112388
    outer loop
      vertex 3.94018 12.7083 4.17226
      vertex 5.51543 14.2836 6.04454
      vertex 4.02404 12.7922 4.03704
    endloop
  endfacet
  facet normal -0.707115 0.707098 -4.67144e-06
    outer loop
      vertex 3.25269 12.0208 5.14453
      vertex 5.51543 14.2836 6.04454
      vertex 3.94018 12.7083 4.17226
    endloop
  endfacet
  facet normal -0.707066 0.707147 -0.00031898
    outer loop
      vertex -4.38406 4.38406 1.6
      vertex 2.28874 11.0569 3.37946
      vertex 2.28042 11.0485 3.2
    endloop
  endfacet
  facet normal -0.707109 0.707105 0
    outer loop
      vertex -4.38406 4.38406 6.04454
      vertex 2.28874 11.0569 3.37946
      vertex -4.38406 4.38406 1.6
    endloop
  endfacet
  facet normal -0.707101 0.707112 3.85161e-05
    outer loop
      vertex 2.28874 11.0569 3.37946
      vertex -4.38406 4.38406 6.04454
      vertex 2.31355 11.0817 3.55587
    endloop
  endfacet
  facet normal -0.707115 0.707098 -3.74196e-05
    outer loop
      vertex 2.31355 11.0817 3.55587
      vertex -4.38406 4.38406 6.04454
      vertex 2.35444 11.1226 3.72618
    endloop
  endfacet
  facet normal -0.707082 0.707132 0.000157865
    outer loop
      vertex 2.35444 11.1226 3.72618
      vertex -4.38406 4.38406 6.04454
      vertex 2.41068 11.1788 3.8875
    endloop
  endfacet
  facet normal -0.707133 0.707081 -0.000164465
    outer loop
      vertex 2.41068 11.1788 3.8875
      vertex -4.38406 4.38406 6.04454
      vertex 2.48134 11.2495 4.03704
    endloop
  endfacet
  facet normal -0.70707 0.707144 0.000267771
    outer loop
      vertex 2.48134 11.2495 4.03704
      vertex -4.38406 4.38406 6.04454
      vertex 2.5652 11.3333 4.17226
    endloop
  endfacet
  facet normal -0.707109 0.707105 -3.81608e-05
    outer loop
      vertex 3.25269 12.0208 5.14453
      vertex -4.38406 4.38406 6.04454
      vertex 5.51543 14.2836 6.04454
    endloop
  endfacet
  facet normal -0.707107 0.707107 -7.31766e-06
    outer loop
      vertex 2.5652 11.3333 4.17226
      vertex -4.38406 4.38406 6.04454
      vertex 3.25269 12.0208 5.14453
    endloop
  endfacet
  facet normal 0.707105 -0.707109 -3.81608e-05
    outer loop
      vertex 4.38406 -4.38406 6.04454
      vertex 12.0208 3.25269 5.14453
      vertex 14.2836 5.51543 6.04454
    endloop
  endfacet
  facet normal 0.707107 -0.707107 -7.31766e-06
    outer loop
      vertex 4.38406 -4.38406 6.04454
      vertex 11.3333 2.5652 4.17226
      vertex 12.0208 3.25269 5.14453
    endloop
  endfacet
  facet normal 0.707144 -0.70707 0.000267771
    outer loop
      vertex 4.38406 -4.38406 6.04454
      vertex 11.2495 2.48134 4.03704
      vertex 11.3333 2.5652 4.17226
    endloop
  endfacet
  facet normal 0.707081 -0.707133 -0.000164465
    outer loop
      vertex 4.38406 -4.38406 6.04454
      vertex 11.1788 2.41068 3.8875
      vertex 11.2495 2.48134 4.03704
    endloop
  endfacet
  facet normal 0.707132 -0.707082 0.000157865
    outer loop
      vertex 4.38406 -4.38406 6.04454
      vertex 11.1226 2.35444 3.72618
      vertex 11.1788 2.41068 3.8875
    endloop
  endfacet
  facet normal 0.707098 -0.707115 -3.74196e-05
    outer loop
      vertex 4.38406 -4.38406 6.04454
      vertex 11.0817 2.31355 3.55587
      vertex 11.1226 2.35444 3.72618
    endloop
  endfacet
  facet normal 0.707112 -0.707101 3.85161e-05
    outer loop
      vertex 4.38406 -4.38406 6.04454
      vertex 11.0569 2.28874 3.37946
      vertex 11.0817 2.31355 3.55587
    endloop
  endfacet
  facet normal 0.707105 -0.707109 0
    outer loop
      vertex 4.38406 -4.38406 1.6
      vertex 11.0569 2.28874 3.37946
      vertex 4.38406 -4.38406 6.04454
    endloop
  endfacet
  facet normal 0.707147 -0.707066 -0.00031898
    outer loop
      vertex 11.0569 2.28874 3.37946
      vertex 4.38406 -4.38406 1.6
      vertex 11.0485 2.28042 3.2
    endloop
  endfacet
  facet normal 0.707071 -0.707142 0.000311924
    outer loop
      vertex 11.0485 2.28042 3.2
      vertex 4.38406 -4.38406 1.6
      vertex 11.0569 2.28874 3.02054
    endloop
  endfacet
  facet normal 0.707109 -0.707105 -3.94969e-05
    outer loop
      vertex 11.0569 2.28874 3.02054
      vertex 4.38406 -4.38406 1.6
      vertex 11.0817 2.31355 2.84413
    endloop
  endfacet
  facet normal 0.707102 -0.707112 3.90179e-05
    outer loop
      vertex 11.0817 2.31355 2.84413
      vertex 4.38406 -4.38406 1.6
      vertex 11.1226 2.35444 2.67382
    endloop
  endfacet
  facet normal 0.707118 -0.707096 -0.000167491
    outer loop
      vertex 11.1226 2.35444 2.67382
      vertex 4.38406 -4.38406 1.6
      vertex 11.1788 2.41068 2.5125
    endloop
  endfacet
  facet normal 0.707095 -0.707119 0.000177853
    outer loop
      vertex 11.1788 2.41068 2.5125
      vertex 4.38406 -4.38406 1.6
      vertex 11.2495 2.48134 2.36296
    endloop
  endfacet
  facet normal 0.707121 -0.707092 -0.000295924
    outer loop
      vertex 11.2495 2.48134 2.36296
      vertex 4.38406 -4.38406 1.6
      vertex 11.3333 2.5652 2.22774
    endloop
  endfacet
  facet normal 0.707113 -0.707101 -0.000109628
    outer loop
      vertex 11.3333 2.5652 2.22774
      vertex 4.38406 -4.38406 1.6
      vertex 11.4289 2.66082 2.10915
    endloop
  endfacet
  facet normal 0.707092 -0.707121 0.000464073
    outer loop
      vertex 11.4289 2.66082 2.10915
      vertex 4.38406 -4.38406 1.6
      vertex 11.5347 2.76655 2.00922
    endloop
  endfacet
  facet normal 0.707107 -0.707106 7.58123e-06
    outer loop
      vertex 11.8939 3.12579 1.83676
      vertex 4.38406 -4.38406 1.6
      vertex 12.0208 3.25269 1.825
    endloop
  endfacet
  facet normal 0.707116 -0.707098 -0.000540476
    outer loop
      vertex 11.7692 3.00106 1.87186
      vertex 4.38406 -4.38406 1.6
      vertex 11.8939 3.12579 1.83676
    endloop
  endfacet
  facet normal 0.707093 -0.70712 0.000677791
    outer loop
      vertex 11.6487 2.88062 1.92968
      vertex 4.38406 -4.38406 1.6
      vertex 11.7692 3.00106 1.87186
    endloop
  endfacet
  facet normal 0.707122 -0.707092 -0.000579041
    outer loop
      vertex 11.5347 2.76655 2.00922
      vertex 4.38406 -4.38406 1.6
      vertex 11.6487 2.88062 1.92968
    endloop
  endfacet
  facet normal 0.707098 -0.707115 -4.67144e-06
    outer loop
      vertex 12.7083 3.94018 4.17226
      vertex 14.2836 5.51543 6.04454
      vertex 12.0208 3.25269 5.14453
    endloop
  endfacet
  facet normal 0.707029 -0.707185 0.000112388
    outer loop
      vertex 12.7922 4.02404 4.03704
      vertex 14.2836 5.51543 6.04454
      vertex 12.7083 3.94018 4.17226
    endloop
  endfacet
  facet normal 0.707222 -0.706991 -0.000174813
    outer loop
      vertex 12.8628 4.0947 3.8875
      vertex 14.2836 5.51543 6.04454
      vertex 12.7922 4.02404 4.03704
    endloop
  endfacet
  facet normal 0.706987 -0.707227 0.000135334
    outer loop
      vertex 12.9191 4.15095 3.72618
      vertex 14.2836 5.51543 6.04454
      vertex 12.8628 4.0947 3.8875
    endloop
  endfacet
  facet normal 0.707053 -0.707161 5.7211e-05
    outer loop
      vertex 12.96 4.19183 3.55587
      vertex 14.2836 5.51543 6.04454
      vertex 12.9191 4.15095 3.72618
    endloop
  endfacet
  facet normal 0.707137 -0.707077 -3.17018e-05
    outer loop
      vertex 12.9848 4.21664 3.37946
      vertex 14.2836 5.51543 6.04454
      vertex 12.96 4.19183 3.55587
    endloop
  endfacet
  facet normal 0.707046 -0.707167 -8.44112e-05
    outer loop
      vertex 14.2836 5.51543 1.6
      vertex 12.9848 4.21664 3.37946
      vertex 12.9931 4.22496 3.2
    endloop
  endfacet
  facet normal 0.707145 -0.707068 7.52451e-05
    outer loop
      vertex 14.2836 5.51543 1.6
      vertex 12.9931 4.22496 3.2
      vertex 12.9848 4.21664 3.02054
    endloop
  endfacet
  facet normal 0.707123 -0.70709 3.54039e-05
    outer loop
      vertex 14.2836 5.51543 1.6
      vertex 12.9848 4.21664 3.02054
      vertex 12.96 4.19183 2.84413
    endloop
  endfacet
  facet normal 0.707075 -0.707139 -6.77484e-05
    outer loop
      vertex 14.2836 5.51543 1.6
      vertex 12.96 4.19183 2.84413
      vertex 12.9191 4.15095 2.67382
    endloop
  endfacet
  facet normal 0.707035 -0.707178 -0.000169119
    outer loop
      vertex 14.2836 5.51543 1.6
      vertex 12.9191 4.15095 2.67382
      vertex 12.8628 4.0947 2.5125
    endloop
  endfacet
  facet normal 0.707104 -0.70711 0
    outer loop
      vertex 12.9848 4.21664 3.37946
      vertex 14.2836 5.51543 1.6
      vertex 14.2836 5.51543 6.04454
    endloop
  endfacet
  facet normal 0.707163 -0.70705 0.000230305
    outer loop
      vertex 12.7922 4.02404 2.36296
      vertex 14.2836 5.51543 1.6
      vertex 12.8628 4.0947 2.5125
    endloop
  endfacet
  facet normal 0.707064 -0.707149 -0.000156551
    outer loop
      vertex 12.7083 3.94018 2.22774
      vertex 14.2836 5.51543 1.6
      vertex 12.7922 4.02404 2.36296
    endloop
  endfacet
  facet normal 0.707116 -0.707097 0.00010395
    outer loop
      vertex 12.6127 3.84456 2.10915
      vertex 14.2836 5.51543 1.6
      vertex 12.7083 3.94018 2.22774
    endloop
  endfacet
  facet normal 0.707126 -0.707087 0.000170688
    outer loop
      vertex 12.507 3.73883 2.00922
      vertex 14.2836 5.51543 1.6
      vertex 12.6127 3.84456 2.10915
    endloop
  endfacet
  facet normal 0.707084 -0.70713 -0.000200468
    outer loop
      vertex 12.3929 3.62476 1.92968
      vertex 14.2836 5.51543 1.6
      vertex 12.507 3.73883 2.00922
    endloop
  endfacet
  facet normal 0.707048 -0.707166 -0.00061079
    outer loop
      vertex 12.2724 3.50433 1.87186
      vertex 14.2836 5.51543 1.6
      vertex 12.3929 3.62476 1.92968
    endloop
  endfacet
  facet normal 0.707132 -0.707082 0.00062875
    outer loop
      vertex 12.1477 3.37959 1.83676
      vertex 14.2836 5.51543 1.6
      vertex 12.2724 3.50433 1.87186
    endloop
  endfacet
  facet normal 0.707102 -0.707111 9.76006e-05
    outer loop
      vertex 12.0208 3.25269 1.825
      vertex 14.2836 5.51543 1.6
      vertex 12.1477 3.37959 1.83676
    endloop
  endfacet
  facet normal 0.707105 -0.707109 0.000152645
    outer loop
      vertex 14.2836 5.51543 1.6
      vertex 12.0208 3.25269 1.825
      vertex 4.38406 -4.38406 1.6
    endloop
  endfacet
  facet normal -0.707105 -0.707109 0
    outer loop
      vertex 3.39411 0.954594 0
      vertex 4.34871 0 0
      vertex 3.39411 0.954594 5.8
    endloop
  endfacet
  facet normal -0.707109 -0.707105 -0
    outer loop
      vertex 0.954594 3.39411 5.8
      vertex 0 4.34871 0
      vertex 0.954594 3.39411 0
    endloop
  endfacet
  facet normal -0.707109 -0.707105 0
    outer loop
      vertex 0 4.34871 0
      vertex 0.954594 3.39411 5.8
      vertex 0 4.34871 7.4
    endloop
  endfacet
  facet normal -0.707107 -0.707107 2.65165e-06
    outer loop
      vertex 3.39411 0.954594 5.8
      vertex 0 4.34871 7.4
      vertex 0.954594 3.39411 5.8
    endloop
  endfacet
  facet normal -0.707107 -0.707107 2.65165e-06
    outer loop
      vertex 3.39411 0.954594 5.8
      vertex 4.34871 0 7.4
      vertex 0 4.34871 7.4
    endloop
  endfacet
  facet normal -0.707105 -0.707109 -0
    outer loop
      vertex 4.34871 0 7.4
      vertex 3.39411 0.954594 5.8
      vertex 4.34871 0 0
    endloop
  endfacet
  facet normal 0.707105 0.707109 0
    outer loop
      vertex -4.34871 0 7.4
      vertex -3.39411 -0.954594 5.8
      vertex -4.34871 0 0
    endloop
  endfacet
  facet normal 0.707107 0.707107 2.65165e-06
    outer loop
      vertex -4.34871 0 7.4
      vertex -0.954594 -3.39411 5.8
      vertex -3.39411 -0.954594 5.8
    endloop
  endfacet
  facet normal 0.707107 0.707107 2.65165e-06
    outer loop
      vertex 0 -4.34871 7.4
      vertex -0.954594 -3.39411 5.8
      vertex -4.34871 0 7.4
    endloop
  endfacet
  facet normal 0.707109 0.707105 -0
    outer loop
      vertex 0 -4.34871 0
      vertex -0.954594 -3.39411 5.8
      vertex 0 -4.34871 7.4
    endloop
  endfacet
  facet normal 0.707109 0.707105 0
    outer loop
      vertex -0.954594 -3.39411 5.8
      vertex 0 -4.34871 0
      vertex -0.954594 -3.39411 0
    endloop
  endfacet
  facet normal 0.707105 0.707109 0
    outer loop
      vertex -4.34871 0 0
      vertex -3.39411 -0.954594 5.8
      vertex -3.39411 -0.954594 0
    endloop
  endfacet
  facet normal 0.707107 -0.707107 0
    outer loop
      vertex -4.34871 0 7.4
      vertex 0 4.34871 0
      vertex 0 4.34871 7.4
    endloop
  endfacet
  facet normal 0.707107 -0.707107 0
    outer loop
      vertex 0 4.34871 0
      vertex -4.34871 0 7.4
      vertex -4.34871 0 0
    endloop
  endfacet
  facet normal -0.707107 0.707107 0
    outer loop
      vertex 0 -4.34871 0
      vertex 4.34871 0 7.4
      vertex 4.34871 0 0
    endloop
  endfacet
  facet normal -0.707107 0.707107 0
    outer loop
      vertex 4.34871 0 7.4
      vertex 0 -4.34871 0
      vertex 0 -4.34871 7.4
    endloop
  endfacet
  facet normal 0.439527 0.439527 0.783347
    outer loop
      vertex -4.34871 0 7.4
      vertex 0 -5.41806 8
      vertex 0 -4.34871 7.4
    endloop
  endfacet
  facet normal 0.439527 0.439527 0.783347
    outer loop
      vertex 0 -5.41806 8
      vertex -4.34871 0 7.4
      vertex -5.41806 0 8
    endloop
  endfacet
  facet normal -0.439527 -0.439527 0.783347
    outer loop
      vertex 0 5.41806 8
      vertex 4.34871 0 7.4
      vertex 5.41806 0 8
    endloop
  endfacet
  facet normal -0.439527 -0.439527 0.783347
    outer loop
      vertex 4.34871 0 7.4
      vertex 0 5.41806 8
      vertex 0 4.34871 7.4
    endloop
  endfacet
  facet normal 0.439527 -0.439527 0.783347
    outer loop
      vertex 0 5.41806 8
      vertex -4.34871 0 7.4
      vertex 0 4.34871 7.4
    endloop
  endfacet
  facet normal 0.439527 -0.439527 0.783347
    outer loop
      vertex -4.34871 0 7.4
      vertex 0 5.41806 8
      vertex -5.41806 0 8
    endloop
  endfacet
  facet normal -0.439527 0.439527 0.783347
    outer loop
      vertex 0 -4.34871 7.4
      vertex 5.41806 0 8
      vertex 4.34871 0 7.4
    endloop
  endfacet
  facet normal -0.439527 0.439527 0.783347
    outer loop
      vertex 5.41806 0 8
      vertex 0 -4.34871 7.4
      vertex 0 -5.41806 8
    endloop
  endfacet
  facet normal -0.707107 -0.707107 0
    outer loop
      vertex 5.03814 2.59862 0
      vertex 2.59862 5.03814 5.8
      vertex 2.59862 5.03814 0
    endloop
  endfacet
  facet normal -0.707107 -0.707107 0
    outer loop
      vertex 2.59862 5.03814 5.8
      vertex 5.03814 2.59862 0
      vertex 5.03814 2.59862 5.8
    endloop
  endfacet
  facet normal 0 0 -1
    outer loop
      vertex 3.39411 0.954594 5.8
      vertex 2.59862 5.03814 5.8
      vertex 5.03814 2.59862 5.8
    endloop
  endfacet
  facet normal 0 -0 -1
    outer loop
      vertex 2.59862 5.03814 5.8
      vertex 3.39411 0.954594 5.8
      vertex 0.954594 3.39411 5.8
    endloop
  endfacet
  facet normal 0 0 -1
    outer loop
      vertex -2.66933 -5.10885 5.8
      vertex -3.39411 -0.954594 5.8
      vertex -0.954594 -3.39411 5.8
    endloop
  endfacet
  facet normal 0 -0 -1
    outer loop
      vertex -3.39411 -0.954594 5.8
      vertex -2.66933 -5.10885 5.8
      vertex -5.10885 -2.66933 5.8
    endloop
  endfacet
  facet normal 0.707107 0.707107 0
    outer loop
      vertex -3.37644 -5.81595 1.6
      vertex -5.81595 -3.37644 0
      vertex -5.81595 -3.37644 1.6
    endloop
  endfacet
  facet normal 0.707107 0.707107 0
    outer loop
      vertex -5.81595 -3.37644 0
      vertex -3.37644 -5.81595 1.6
      vertex -3.37644 -5.81595 0
    endloop
  endfacet
  facet normal 0.707108 -0.707106 0
    outer loop
      vertex 0.954594 3.39411 0
      vertex 2.59862 5.03814 5.8
      vertex 0.954594 3.39411 5.8
    endloop
  endfacet
  facet normal 0.707108 -0.707106 0
    outer loop
      vertex 2.59862 5.03814 5.8
      vertex 0.954594 3.39411 0
      vertex 2.59862 5.03814 0
    endloop
  endfacet
  facet normal 0.707106 -0.707108 0
    outer loop
      vertex -5.10885 -2.66933 1.6
      vertex -3.39411 -0.954594 5.8
      vertex -5.10885 -2.66933 5.8
    endloop
  endfacet
  facet normal 0.707106 -0.707108 0
    outer loop
      vertex -3.39411 -0.954594 5.8
      vertex -5.10885 -2.66933 1.6
      vertex -3.39411 -0.954594 0
    endloop
  endfacet
  facet normal 0.707112 -0.707102 0
    outer loop
      vertex -5.81595 -3.37644 0
      vertex -5.10885 -2.66933 1.6
      vertex -5.81595 -3.37644 1.6
    endloop
  endfacet
  facet normal 0.707108 -0.707106 3.64522e-06
    outer loop
      vertex -5.10885 -2.66933 1.6
      vertex -5.81595 -3.37644 0
      vertex -3.39411 -0.954594 0
    endloop
  endfacet
  facet normal -0.707106 0.707108 0
    outer loop
      vertex 3.39411 0.954594 0
      vertex 5.03814 2.59862 5.8
      vertex 5.03814 2.59862 0
    endloop
  endfacet
  facet normal -0.707106 0.707108 0
    outer loop
      vertex 5.03814 2.59862 5.8
      vertex 3.39411 0.954594 0
      vertex 3.39411 0.954594 5.8
    endloop
  endfacet
  facet normal -0.707108 0.707106 0
    outer loop
      vertex -0.954594 -3.39411 5.8
      vertex -2.66933 -5.10885 1.6
      vertex -2.66933 -5.10885 5.8
    endloop
  endfacet
  facet normal -0.707108 0.707106 0
    outer loop
      vertex -0.954594 -3.39411 0
      vertex -2.66933 -5.10885 1.6
      vertex -0.954594 -3.39411 5.8
    endloop
  endfacet
  facet normal -0.707106 0.707108 3.64522e-06
    outer loop
      vertex -3.37644 -5.81595 0
      vertex -2.66933 -5.10885 1.6
      vertex -0.954594 -3.39411 0
    endloop
  endfacet
  facet normal -0.707102 0.707112 0
    outer loop
      vertex -2.66933 -5.10885 1.6
      vertex -3.37644 -5.81595 0
      vertex -3.37644 -5.81595 1.6
    endloop
  endfacet
  facet normal 0 0 1
    outer loop
      vertex 4.73762 8.69741 0.599999
      vertex 6.22254 2.26274 0.599999
      vertex 8.69741 4.73762 0.599999
    endloop
  endfacet
  facet normal 0 0 1
    outer loop
      vertex 6.22254 2.26274 0.599999
      vertex 4.73762 8.69741 0.599999
      vertex 2.26274 6.22254 0.599999
    endloop
  endfacet
  facet normal 0.707107 0.707107 0
    outer loop
      vertex 6.22254 2.26274 6.04454
      vertex 2.26274 6.22254 0.599999
      vertex 2.26274 6.22254 6.04454
    endloop
  endfacet
  facet normal 0.707107 0.707107 0
    outer loop
      vertex 2.26274 6.22254 0.599999
      vertex 6.22254 2.26274 6.04454
      vertex 6.22254 2.26274 0.599999
    endloop
  endfacet
  facet normal 0.707121 -0.707092 -3.46143e-05
    outer loop
      vertex 2.26274 6.22254 0.599999
      vertex 4.7586 8.7184 2.67382
      vertex 4.71772 8.67751 2.84413
    endloop
  endfacet
  facet normal 0.707089 -0.707124 3.51573e-05
    outer loop
      vertex 2.26274 6.22254 0.599999
      vertex 4.71772 8.67751 2.84413
      vertex 4.6929 8.6527 3.02054
    endloop
  endfacet
  facet normal 0.707107 -0.707107 0
    outer loop
      vertex 2.26274 6.22254 0.599999
      vertex 4.6929 8.6527 3.02054
      vertex 4.68458 8.64438 3.2
    endloop
  endfacet
  facet normal 0.707107 -0.707107 0
    outer loop
      vertex 2.26274 6.22254 0.599999
      vertex 4.68458 8.64438 3.2
      vertex 2.26274 6.22254 6.04454
    endloop
  endfacet
  facet normal 0.707105 -0.707108 3.43859e-06
    outer loop
      vertex 4.7586 8.7184 2.67382
      vertex 2.26274 6.22254 0.599999
      vertex 4.73762 8.69741 0.599999
    endloop
  endfacet
  facet normal 0.70711 -0.707104 0
    outer loop
      vertex 6.62081 10.5806 3.37946
      vertex 7.9196 11.8794 1.6
      vertex 7.9196 11.8794 6.04454
    endloop
  endfacet
  facet normal 0.707167 -0.707046 8.44112e-05
    outer loop
      vertex 7.9196 11.8794 1.6
      vertex 6.62081 10.5806 3.37946
      vertex 6.62913 10.5889 3.2
    endloop
  endfacet
  facet normal 0.707045 -0.707168 6.28069e-05
    outer loop
      vertex 7.9196 11.8794 6.04454
      vertex 6.59599 10.5558 3.55587
      vertex 6.62081 10.5806 3.37946
    endloop
  endfacet
  facet normal 0.707159 -0.707055 -5.80948e-05
    outer loop
      vertex 7.9196 11.8794 6.04454
      vertex 6.55511 10.5149 3.72618
      vertex 6.59599 10.5558 3.55587
    endloop
  endfacet
  facet normal 0.706991 -0.707222 0.000138784
    outer loop
      vertex 7.9196 11.8794 6.04454
      vertex 6.49886 10.4587 3.8875
      vertex 6.55511 10.5149 3.72618
    endloop
  endfacet
  facet normal 0.707185 -0.707029 -0.000115598
    outer loop
      vertex 7.9196 11.8794 6.04454
      vertex 6.4282 10.388 4.03704
      vertex 6.49886 10.4587 3.8875
    endloop
  endfacet
  facet normal 0.707203 -0.707011 -0.000142493
    outer loop
      vertex 7.9196 11.8794 6.04454
      vertex 6.34435 10.3041 4.17226
      vertex 6.4282 10.388 4.03704
    endloop
  endfacet
  facet normal 0.707101 -0.707112 2.83816e-05
    outer loop
      vertex 7.9196 11.8794 6.04454
      vertex 5.65685 9.61665 5.14453
      vertex 6.34435 10.3041 4.17226
    endloop
  endfacet
  facet normal 0.707107 -0.707107 1.07062e-17
    outer loop
      vertex 4.6929 8.6527 3.37946
      vertex 2.26274 6.22254 6.04454
      vertex 4.68458 8.64438 3.2
    endloop
  endfacet
  facet normal 0.707088 -0.707126 -3.47261e-05
    outer loop
      vertex 4.71772 8.67751 3.55587
      vertex 2.26274 6.22254 6.04454
      vertex 4.6929 8.6527 3.37946
    endloop
  endfacet
  facet normal 0.707123 -0.707091 3.39486e-05
    outer loop
      vertex 4.7586 8.7184 3.72618
      vertex 2.26274 6.22254 6.04454
      vertex 4.71772 8.67751 3.55587
    endloop
  endfacet
  facet normal 0.707091 -0.707122 -3.31097e-05
    outer loop
      vertex 4.81485 8.77464 3.8875
      vertex 2.26274 6.22254 6.04454
      vertex 4.7586 8.7184 3.72618
    endloop
  endfacet
  facet normal 0.707106 -0.707108 9.35557e-07
    outer loop
      vertex 4.88551 8.8453 4.03704
      vertex 2.26274 6.22254 6.04454
      vertex 4.81485 8.77464 3.8875
    endloop
  endfacet
  facet normal 0.707119 -0.707094 3.65948e-05
    outer loop
      vertex 4.96936 8.92916 4.17226
      vertex 2.26274 6.22254 6.04454
      vertex 4.88551 8.8453 4.03704
    endloop
  endfacet
  facet normal 0.707107 -0.707107 1.60265e-16
    outer loop
      vertex 5.65685 9.61665 5.14453
      vertex 2.26274 6.22254 6.04454
      vertex 4.96936 8.92916 4.17226
    endloop
  endfacet
  facet normal 0.707107 -0.707107 4.93426e-16
    outer loop
      vertex 2.26274 6.22254 6.04454
      vertex 5.65685 9.61665 5.14453
      vertex 7.9196 11.8794 6.04454
    endloop
  endfacet
  facet normal 0.707089 -0.707125 0
    outer loop
      vertex 7.9196 11.8794 1.6
      vertex 8.90955 12.8693 0
      vertex 8.90955 12.8693 1.6
    endloop
  endfacet
  facet normal 0.707068 -0.707145 -7.52451e-05
    outer loop
      vertex 6.62081 10.5806 3.02054
      vertex 7.9196 11.8794 1.6
      vertex 6.62913 10.5889 3.2
    endloop
  endfacet
  facet normal 0.707071 -0.707142 -7.01426e-05
    outer loop
      vertex 6.59599 10.5558 2.84413
      vertex 7.9196 11.8794 1.6
      vertex 6.62081 10.5806 3.02054
    endloop
  endfacet
  facet normal 0.707136 -0.707077 6.87949e-05
    outer loop
      vertex 6.55511 10.5149 2.67382
      vertex 7.9196 11.8794 1.6
      vertex 6.59599 10.5558 2.84413
    endloop
  endfacet
  facet normal 0.707041 -0.707172 -0.000173406
    outer loop
      vertex 6.49886 10.4587 2.5125
      vertex 7.9196 11.8794 1.6
      vertex 6.55511 10.5149 2.67382
    endloop
  endfacet
  facet normal 0.707146 -0.707068 0.000152313
    outer loop
      vertex 6.4282 10.388 2.36296
      vertex 7.9196 11.8794 1.6
      vertex 6.49886 10.4587 2.5125
    endloop
  endfacet
  facet normal 0.707158 -0.707056 0.000198483
    outer loop
      vertex 6.34435 10.3041 2.22774
      vertex 7.9196 11.8794 1.6
      vertex 6.4282 10.388 2.36296
    endloop
  endfacet
  facet normal 0.707097 -0.707116 -0.00010395
    outer loop
      vertex 6.24873 10.2085 2.10915
      vertex 7.9196 11.8794 1.6
      vertex 6.34435 10.3041 2.22774
    endloop
  endfacet
  facet normal 0.707079 -0.707135 -0.000224197
    outer loop
      vertex 6.14299 10.1028 2.00922
      vertex 7.9196 11.8794 1.6
      vertex 6.24873 10.2085 2.10915
    endloop
  endfacet
  facet normal 0.707113 -0.707101 7.1115e-05
    outer loop
      vertex 6.02892 9.98872 1.92968
      vertex 7.9196 11.8794 1.6
      vertex 6.14299 10.1028 2.00922
    endloop
  endfacet
  facet normal 0.707107 -0.707107 0
    outer loop
      vertex 5.90849 9.86829 1.87186
      vertex 7.9196 11.8794 1.6
      vertex 6.02892 9.98872 1.92968
    endloop
  endfacet
  facet normal 0.707107 -0.707107 3.48305e-06
    outer loop
      vertex 4.73762 8.69741 0
      vertex 7.9196 11.8794 1.6
      vertex 5.90849 9.86829 1.87186
    endloop
  endfacet
  facet normal 0.707106 -0.707108 7.5033e-06
    outer loop
      vertex 4.73762 8.69741 0.599999
      vertex 5.90849 9.86829 1.87186
      vertex 5.78375 9.74355 1.83676
    endloop
  endfacet
  facet normal 0.707106 -0.707107 6.2037e-06
    outer loop
      vertex 4.73762 8.69741 0.599999
      vertex 5.78375 9.74355 1.83676
      vertex 5.65685 9.61665 1.825
    endloop
  endfacet
  facet normal 0.707133 -0.70708 -3.3699e-05
    outer loop
      vertex 4.73762 8.69741 0.599999
      vertex 5.65685 9.61665 1.825
      vertex 5.52996 9.48975 1.83676
    endloop
  endfacet
  facet normal 0.707083 -0.707131 3.07707e-05
    outer loop
      vertex 4.73762 8.69741 0.599999
      vertex 5.52996 9.48975 1.83676
      vertex 5.40522 9.36502 1.87186
    endloop
  endfacet
  facet normal 0.707131 -0.707082 -2.01748e-05
    outer loop
      vertex 4.73762 8.69741 0.599999
      vertex 5.40522 9.36502 1.87186
      vertex 5.28479 9.24458 1.92968
    endloop
  endfacet
  facet normal 0.70705 -0.707163 4.54978e-06
    outer loop
      vertex 4.73762 8.69741 0.599999
      vertex 4.81485 8.77464 2.5125
      vertex 4.7586 8.7184 2.67382
    endloop
  endfacet
  facet normal 0.707107 -0.707107 0
    outer loop
      vertex 4.73762 8.69741 0.599999
      vertex 4.88551 8.8453 2.36296
      vertex 4.81485 8.77464 2.5125
    endloop
  endfacet
  facet normal 0.707144 -0.70707 -6.23092e-06
    outer loop
      vertex 4.73762 8.69741 0.599999
      vertex 4.96936 8.92916 2.22774
      vertex 4.88551 8.8453 2.36296
    endloop
  endfacet
  facet normal 0.707109 -0.707104 3.69216e-06
    outer loop
      vertex 4.73762 8.69741 0.599999
      vertex 5.06498 9.02478 2.10915
      vertex 4.96936 8.92916 2.22774
    endloop
  endfacet
  facet normal 0.707109 -0.707105 3.88835e-06
    outer loop
      vertex 4.73762 8.69741 0.599999
      vertex 5.17072 9.13052 2.00922
      vertex 5.06498 9.02478 2.10915
    endloop
  endfacet
  facet normal 0.707083 -0.707131 1.98219e-05
    outer loop
      vertex 4.73762 8.69741 0.599999
      vertex 5.28479 9.24458 1.92968
      vertex 5.17072 9.13052 2.00922
    endloop
  endfacet
  facet normal 0.70711 -0.707104 0
    outer loop
      vertex 5.90849 9.86829 1.87186
      vertex 4.73762 8.69741 0.599999
      vertex 4.73762 8.69741 0
    endloop
  endfacet
  facet normal 0.707103 -0.70711 1.79025e-05
    outer loop
      vertex 7.9196 11.8794 1.6
      vertex 4.73762 8.69741 0
      vertex 8.90955 12.8693 0
    endloop
  endfacet
  facet normal 0.707107 -0.707107 0
    outer loop
      vertex 16.6402 20.6 1.6
      vertex 16.2402 20.2 0.4
      vertex 16.6402 20.6 0.4
    endloop
  endfacet
  facet normal 0.707118 -0.707095 -7.69326e-06
    outer loop
      vertex 13.5765 17.5362 1.6
      vertex 16.2402 20.2 0.4
      vertex 16.6402 20.6 1.6
    endloop
  endfacet
  facet normal 0.70712 -0.707094 0
    outer loop
      vertex 13.5765 17.5362 0
      vertex 16.2402 20.2 0.4
      vertex 13.5765 17.5362 1.6
    endloop
  endfacet
  facet normal 0.70712 -0.707094 0
    outer loop
      vertex 16.2402 20.2 0.4
      vertex 13.5765 17.5362 0
      vertex 16.2402 20.2 0
    endloop
  endfacet
  facet normal -0.707125 0.707089 0
    outer loop
      vertex 12.8693 8.90955 0
      vertex 11.8794 7.9196 1.6
      vertex 12.8693 8.90955 1.6
    endloop
  endfacet
  facet normal -0.707046 0.707167 8.44112e-05
    outer loop
      vertex 10.5806 6.62081 3.37946
      vertex 11.8794 7.9196 1.6
      vertex 10.5889 6.62913 3.2
    endloop
  endfacet
  facet normal -0.70711 0.707103 1.79025e-05
    outer loop
      vertex 8.69741 4.73762 0
      vertex 11.8794 7.9196 1.6
      vertex 12.8693 8.90955 0
    endloop
  endfacet
  facet normal -0.707145 0.707068 -7.52451e-05
    outer loop
      vertex 11.8794 7.9196 1.6
      vertex 10.5806 6.62081 3.02054
      vertex 10.5889 6.62913 3.2
    endloop
  endfacet
  facet normal -0.707142 0.707071 -7.01426e-05
    outer loop
      vertex 11.8794 7.9196 1.6
      vertex 10.5558 6.59599 2.84413
      vertex 10.5806 6.62081 3.02054
    endloop
  endfacet
  facet normal -0.707077 0.707136 6.87949e-05
    outer loop
      vertex 11.8794 7.9196 1.6
      vertex 10.5149 6.55511 2.67382
      vertex 10.5558 6.59599 2.84413
    endloop
  endfacet
  facet normal -0.707172 0.707041 -0.000173406
    outer loop
      vertex 11.8794 7.9196 1.6
      vertex 10.4587 6.49886 2.5125
      vertex 10.5149 6.55511 2.67382
    endloop
  endfacet
  facet normal -0.707068 0.707146 0.000152313
    outer loop
      vertex 11.8794 7.9196 1.6
      vertex 10.388 6.4282 2.36296
      vertex 10.4587 6.49886 2.5125
    endloop
  endfacet
  facet normal -0.707056 0.707158 0.000198483
    outer loop
      vertex 11.8794 7.9196 1.6
      vertex 10.3041 6.34435 2.22774
      vertex 10.388 6.4282 2.36296
    endloop
  endfacet
  facet normal -0.707116 0.707097 -0.00010395
    outer loop
      vertex 11.8794 7.9196 1.6
      vertex 10.2085 6.24873 2.10915
      vertex 10.3041 6.34435 2.22774
    endloop
  endfacet
  facet normal -0.707135 0.707079 -0.000224197
    outer loop
      vertex 11.8794 7.9196 1.6
      vertex 10.1028 6.14299 2.00922
      vertex 10.2085 6.24873 2.10915
    endloop
  endfacet
  facet normal -0.707101 0.707113 7.1115e-05
    outer loop
      vertex 11.8794 7.9196 1.6
      vertex 9.98872 6.02892 1.92968
      vertex 10.1028 6.14299 2.00922
    endloop
  endfacet
  facet normal -0.707107 0.707107 0
    outer loop
      vertex 11.8794 7.9196 1.6
      vertex 9.86829 5.90849 1.87186
      vertex 9.98872 6.02892 1.92968
    endloop
  endfacet
  facet normal -0.707107 0.707107 3.48305e-06
    outer loop
      vertex 11.8794 7.9196 1.6
      vertex 8.69741 4.73762 0
      vertex 9.86829 5.90849 1.87186
    endloop
  endfacet
  facet normal -0.707104 0.70711 0
    outer loop
      vertex 8.69741 4.73762 0.599999
      vertex 9.86829 5.90849 1.87186
      vertex 8.69741 4.73762 0
    endloop
  endfacet
  facet normal -0.707108 0.707106 7.5033e-06
    outer loop
      vertex 9.86829 5.90849 1.87186
      vertex 8.69741 4.73762 0.599999
      vertex 9.74355 5.78375 1.83676
    endloop
  endfacet
  facet normal -0.707107 0.707106 6.2037e-06
    outer loop
      vertex 9.74355 5.78375 1.83676
      vertex 8.69741 4.73762 0.599999
      vertex 9.61665 5.65685 1.825
    endloop
  endfacet
  facet normal -0.707131 0.707083 3.07707e-05
    outer loop
      vertex 9.48975 5.52996 1.83676
      vertex 8.69741 4.73762 0.599999
      vertex 9.36502 5.40522 1.87186
    endloop
  endfacet
  facet normal -0.70708 0.707133 -3.3699e-05
    outer loop
      vertex 9.61665 5.65685 1.825
      vertex 8.69741 4.73762 0.599999
      vertex 9.48975 5.52996 1.83676
    endloop
  endfacet
  facet normal -0.707082 0.707131 -2.01748e-05
    outer loop
      vertex 9.36502 5.40522 1.87186
      vertex 8.69741 4.73762 0.599999
      vertex 9.24458 5.28479 1.92968
    endloop
  endfacet
  facet normal -0.707131 0.707083 1.98219e-05
    outer loop
      vertex 9.24458 5.28479 1.92968
      vertex 8.69741 4.73762 0.599999
      vertex 9.13052 5.17072 2.00922
    endloop
  endfacet
  facet normal -0.707105 0.707109 3.88835e-06
    outer loop
      vertex 9.13052 5.17072 2.00922
      vertex 8.69741 4.73762 0.599999
      vertex 9.02478 5.06498 2.10915
    endloop
  endfacet
  facet normal -0.707104 0.707109 3.69216e-06
    outer loop
      vertex 9.02478 5.06498 2.10915
      vertex 8.69741 4.73762 0.599999
      vertex 8.92916 4.96936 2.22774
    endloop
  endfacet
  facet normal -0.70707 0.707144 -6.23092e-06
    outer loop
      vertex 8.92916 4.96936 2.22774
      vertex 8.69741 4.73762 0.599999
      vertex 8.8453 4.88551 2.36296
    endloop
  endfacet
  facet normal -0.707108 0.707105 2.39678e-07
    outer loop
      vertex 6.22254 2.26274 0.599999
      vertex 8.8453 4.88551 2.36296
      vertex 8.69741 4.73762 0.599999
    endloop
  endfacet
  facet normal -0.707108 0.707106 -9.66838e-07
    outer loop
      vertex 8.8453 4.88551 2.36296
      vertex 6.22254 2.26274 0.599999
      vertex 8.77464 4.81485 2.5125
    endloop
  endfacet
  facet normal -0.707121 0.707093 3.39867e-05
    outer loop
      vertex 8.77464 4.81485 2.5125
      vertex 6.22254 2.26274 0.599999
      vertex 8.7184 4.7586 2.67382
    endloop
  endfacet
  facet normal -0.707092 0.707121 -3.46143e-05
    outer loop
      vertex 8.7184 4.7586 2.67382
      vertex 6.22254 2.26274 0.599999
      vertex 8.67751 4.71772 2.84413
    endloop
  endfacet
  facet normal -0.707124 0.707089 3.51573e-05
    outer loop
      vertex 8.67751 4.71772 2.84413
      vertex 6.22254 2.26274 0.599999
      vertex 8.6527 4.6929 3.02054
    endloop
  endfacet
  facet normal -0.707107 0.707107 -1.07539e-17
    outer loop
      vertex 8.6527 4.6929 3.02054
      vertex 6.22254 2.26274 0.599999
      vertex 8.64438 4.68458 3.2
    endloop
  endfacet
  facet normal -0.707104 0.70711 0
    outer loop
      vertex 11.8794 7.9196 1.6
      vertex 10.5806 6.62081 3.37946
      vertex 11.8794 7.9196 6.04454
    endloop
  endfacet
  facet normal -0.707168 0.707045 6.28069e-05
    outer loop
      vertex 10.5558 6.59599 3.55587
      vertex 11.8794 7.9196 6.04454
      vertex 10.5806 6.62081 3.37946
    endloop
  endfacet
  facet normal -0.707055 0.707159 -5.80948e-05
    outer loop
      vertex 10.5149 6.55511 3.72618
      vertex 11.8794 7.9196 6.04454
      vertex 10.5558 6.59599 3.55587
    endloop
  endfacet
  facet normal -0.707222 0.706991 0.000138784
    outer loop
      vertex 10.4587 6.49886 3.8875
      vertex 11.8794 7.9196 6.04454
      vertex 10.5149 6.55511 3.72618
    endloop
  endfacet
  facet normal -0.707029 0.707185 -0.000115598
    outer loop
      vertex 10.388 6.4282 4.03704
      vertex 11.8794 7.9196 6.04454
      vertex 10.4587 6.49886 3.8875
    endloop
  endfacet
  facet normal -0.707011 0.707203 -0.000142493
    outer loop
      vertex 10.3041 6.34435 4.17226
      vertex 11.8794 7.9196 6.04454
      vertex 10.388 6.4282 4.03704
    endloop
  endfacet
  facet normal -0.707112 0.707101 2.83816e-05
    outer loop
      vertex 9.61665 5.65685 5.14453
      vertex 11.8794 7.9196 6.04454
      vertex 10.3041 6.34435 4.17226
    endloop
  endfacet
  facet normal -0.707107 0.707107 0
    outer loop
      vertex 6.22254 2.26274 6.04454
      vertex 8.64438 4.68458 3.2
      vertex 6.22254 2.26274 0.599999
    endloop
  endfacet
  facet normal -0.707107 0.707107 1.07062e-17
    outer loop
      vertex 8.64438 4.68458 3.2
      vertex 6.22254 2.26274 6.04454
      vertex 8.6527 4.6929 3.37946
    endloop
  endfacet
  facet normal -0.707126 0.707088 -3.47261e-05
    outer loop
      vertex 8.6527 4.6929 3.37946
      vertex 6.22254 2.26274 6.04454
      vertex 8.67751 4.71772 3.55587
    endloop
  endfacet
  facet normal -0.707091 0.707123 3.39486e-05
    outer loop
      vertex 8.67751 4.71772 3.55587
      vertex 6.22254 2.26274 6.04454
      vertex 8.7184 4.7586 3.72618
    endloop
  endfacet
  facet normal -0.707122 0.707091 -3.31097e-05
    outer loop
      vertex 8.7184 4.7586 3.72618
      vertex 6.22254 2.26274 6.04454
      vertex 8.77464 4.81485 3.8875
    endloop
  endfacet
  facet normal -0.707108 0.707106 9.35557e-07
    outer loop
      vertex 8.77464 4.81485 3.8875
      vertex 6.22254 2.26274 6.04454
      vertex 8.8453 4.88551 4.03704
    endloop
  endfacet
  facet normal -0.707094 0.707119 3.65948e-05
    outer loop
      vertex 8.8453 4.88551 4.03704
      vertex 6.22254 2.26274 6.04454
      vertex 8.92916 4.96936 4.17226
    endloop
  endfacet
  facet normal -0.707107 0.707107 6.16783e-16
    outer loop
      vertex 9.61665 5.65685 5.14453
      vertex 6.22254 2.26274 6.04454
      vertex 11.8794 7.9196 6.04454
    endloop
  endfacet
  facet normal -0.707107 0.707107 1.20199e-16
    outer loop
      vertex 8.92916 4.96936 4.17226
      vertex 6.22254 2.26274 6.04454
      vertex 9.61665 5.65685 5.14453
    endloop
  endfacet
  facet normal -0.707094 0.70712 0
    outer loop
      vertex 20.2 16.2402 0
      vertex 17.5362 13.5765 0
      vertex 20.2 16.2402 0.4
    endloop
  endfacet
  facet normal -0.707107 0.707107 0
    outer loop
      vertex 20.2 16.2402 0.4
      vertex 20.6 16.6402 1.6
      vertex 20.6 16.6402 0.4
    endloop
  endfacet
  facet normal -0.707094 0.70712 0
    outer loop
      vertex 17.5362 13.5765 1.6
      vertex 20.2 16.2402 0.4
      vertex 17.5362 13.5765 0
    endloop
  endfacet
  facet normal -0.707095 0.707118 -7.69326e-06
    outer loop
      vertex 20.2 16.2402 0.4
      vertex 17.5362 13.5765 1.6
      vertex 20.6 16.6402 1.6
    endloop
  endfacet
  facet normal 0.707107 0.707107 0
    outer loop
      vertex 8.69741 4.73762 0.599999
      vertex 4.73762 8.69741 0
      vertex 4.73762 8.69741 0.599999
    endloop
  endfacet
  facet normal 0.707107 0.707107 0
    outer loop
      vertex 4.73762 8.69741 0
      vertex 8.69741 4.73762 0.599999
      vertex 8.69741 4.73762 0
    endloop
  endfacet
  facet normal -0.707107 -0.707107 0
    outer loop
      vertex 17.5362 13.5765 0
      vertex 18.8798 12.2329 1.6
      vertex 17.5362 13.5765 1.6
    endloop
  endfacet
  facet normal -0.707107 -0.707107 -0
    outer loop
      vertex 18.8798 12.2329 1.6
      vertex 17.5362 13.5765 0
      vertex 18.8798 12.2329 0
    endloop
  endfacet
  facet normal -0.707107 -0.707107 0
    outer loop
      vertex 13.5765 17.5362 0
      vertex 12.2329 18.8798 1.6
      vertex 12.2329 18.8798 0
    endloop
  endfacet
  facet normal -0.707107 -0.707107 0
    outer loop
      vertex 12.2329 18.8798 1.6
      vertex 13.5765 17.5362 0
      vertex 13.5765 17.5362 1.6
    endloop
  endfacet
  facet normal 0.707109 0.707104 0
    outer loop
      vertex 14.2128 7.56604 1.6
      vertex 12.8693 8.90955 0
      vertex 12.8693 8.90955 1.6
    endloop
  endfacet
  facet normal 0.707109 0.707104 0
    outer loop
      vertex 12.8693 8.90955 0
      vertex 14.2128 7.56604 1.6
      vertex 14.2128 7.56604 0
    endloop
  endfacet
  facet normal 0.707104 0.707109 -0
    outer loop
      vertex 8.90955 12.8693 0
      vertex 7.56604 14.2128 1.6
      vertex 8.90955 12.8693 1.6
    endloop
  endfacet
  facet normal 0.707104 0.707109 0
    outer loop
      vertex 7.56604 14.2128 1.6
      vertex 8.90955 12.8693 0
      vertex 7.56604 14.2128 0
    endloop
  endfacet
  facet normal 0.707107 -0.707107 0
    outer loop
      vertex 10.4546 17.1014 4.59
      vertex 10.3947 17.0415 4.15243
      vertex 10.4546 17.1014 4.19
    endloop
  endfacet
  facet normal 0.707107 -0.707107 1.47432e-14
    outer loop
      vertex 10.373 17.0198 4.14097
      vertex 10.3947 17.0415 4.15243
      vertex 10.4546 17.1014 4.59
    endloop
  endfacet
  facet normal 0.707107 -0.707107 5.9412e-13
    outer loop
      vertex 10.3947 17.0415 4.15243
      vertex 10.373 17.0198 4.14097
      vertex 10.3853 17.0321 4.14655
    endloop
  endfacet
  facet normal 0.707107 -0.707107 1.68161e-15
    outer loop
      vertex 10.4546 17.1014 4.59
      vertex 10.1888 16.8356 4.05703
      vertex 10.373 17.0198 4.14097
    endloop
  endfacet
  facet normal 0.707107 -0.707107 5.52575e-15
    outer loop
      vertex 10.4546 17.1014 4.59
      vertex 10.0458 16.6926 4.0175
      vertex 10.1888 16.8356 4.05703
    endloop
  endfacet
  facet normal 0.707058 -0.707155 6.91791e-05
    outer loop
      vertex 9.96199 16.6088 4.00235
      vertex 10.0458 16.6926 4.0175
      vertex 10.4546 17.1014 4.59
    endloop
  endfacet
  facet normal 0.706985 -0.707228 0.000878623
    outer loop
      vertex 10.0458 16.6926 4.0175
      vertex 9.96199 16.6088 4.00235
      vertex 10.0057 16.6525 4.0064
    endloop
  endfacet
  facet normal 0.707079 -0.707135 3.52014e-05
    outer loop
      vertex 10.4546 17.1014 4.59
      vertex 9.82878 16.4756 3.99
      vertex 9.96199 16.6088 4.00235
    endloop
  endfacet
  facet normal 0.707095 -0.707118 2.09075e-15
    outer loop
      vertex 9.20296 15.8498 4.59
      vertex 9.82878 16.4756 3.99
      vertex 10.4546 17.1014 4.59
    endloop
  endfacet
  facet normal 0.707108 -0.707106 2.60936e-05
    outer loop
      vertex 9.82878 16.4756 3.99
      vertex 9.20296 15.8498 4.59
      vertex 9.69558 16.3424 4.00235
    endloop
  endfacet
  facet normal 0.70701 -0.707204 -0.000138349
    outer loop
      vertex 9.61176 16.2586 4.0175
      vertex 9.69558 16.3424 4.00235
      vertex 9.20296 15.8498 4.59
    endloop
  endfacet
  facet normal 0.707674 -0.7065 0.00743062
    outer loop
      vertex 9.69558 16.3424 4.00235
      vertex 9.61176 16.2586 4.0175
      vertex 9.65191 16.2987 4.0064
    endloop
  endfacet
  facet normal 0.707199 -0.707014 0.000131995
    outer loop
      vertex 9.61176 16.2586 4.0175
      vertex 9.20296 15.8498 4.59
      vertex 9.46879 16.1156 4.05703
    endloop
  endfacet
  facet normal 0.707218 -0.706996 0.000150554
    outer loop
      vertex 9.46879 16.1156 4.05703
      vertex 9.20296 15.8498 4.59
      vertex 9.28453 15.9313 4.14097
    endloop
  endfacet
  facet normal 0.706596 -0.707617 -7.52139e-05
    outer loop
      vertex 9.2629 15.9097 4.15243
      vertex 9.28453 15.9313 4.14097
      vertex 9.20296 15.8498 4.59
    endloop
  endfacet
  facet normal 0.701677 -0.712265 -0.0181205
    outer loop
      vertex 9.28453 15.9313 4.14097
      vertex 9.2629 15.9097 4.15243
      vertex 9.27229 15.9191 4.14655
    endloop
  endfacet
  facet normal 0.706871 -0.707343 0
    outer loop
      vertex 9.2629 15.9097 4.15243
      vertex 9.20296 15.8498 4.59
      vertex 9.20296 15.8498 4.19
    endloop
  endfacet
  facet normal 0.707117 -0.707096 0
    outer loop
      vertex 7.56604 14.2128 1.6
      vertex 12.2329 18.8798 0
      vertex 12.2329 18.8798 1.6
    endloop
  endfacet
  facet normal 0.707117 -0.707096 0
    outer loop
      vertex 12.2329 18.8798 0
      vertex 7.56604 14.2128 1.6
      vertex 7.56604 14.2128 0
    endloop
  endfacet
  facet normal -0.707107 0.707107 0
    outer loop
      vertex 17.0415 10.3947 4.15243
      vertex 17.1014 10.4546 4.59
      vertex 17.1014 10.4546 4.19
    endloop
  endfacet
  facet normal -0.707107 0.707107 5.9412e-13
    outer loop
      vertex 17.0198 10.373 4.14097
      vertex 17.0415 10.3947 4.15243
      vertex 17.0321 10.3853 4.14655
    endloop
  endfacet
  facet normal -0.707107 0.707107 1.47258e-14
    outer loop
      vertex 17.0415 10.3947 4.15243
      vertex 17.0198 10.373 4.14097
      vertex 17.1014 10.4546 4.59
    endloop
  endfacet
  facet normal -0.707107 0.707107 1.68161e-15
    outer loop
      vertex 16.8356 10.1888 4.05703
      vertex 17.1014 10.4546 4.59
      vertex 17.0198 10.373 4.14097
    endloop
  endfacet
  facet normal -0.707107 0.707107 5.52575e-15
    outer loop
      vertex 16.6926 10.0458 4.0175
      vertex 17.1014 10.4546 4.59
      vertex 16.8356 10.1888 4.05703
    endloop
  endfacet
  facet normal -0.707228 0.706985 0.000878623
    outer loop
      vertex 16.6088 9.96199 4.00235
      vertex 16.6926 10.0458 4.0175
      vertex 16.6525 10.0057 4.0064
    endloop
  endfacet
  facet normal -0.707155 0.707058 6.91791e-05
    outer loop
      vertex 16.6926 10.0458 4.0175
      vertex 16.6088 9.96199 4.00235
      vertex 17.1014 10.4546 4.59
    endloop
  endfacet
  facet normal -0.707135 0.707079 3.52014e-05
    outer loop
      vertex 16.4756 9.82878 3.99
      vertex 17.1014 10.4546 4.59
      vertex 16.6088 9.96199 4.00235
    endloop
  endfacet
  facet normal -0.707106 0.707108 2.60936e-05
    outer loop
      vertex 15.8498 9.20296 4.59
      vertex 16.4756 9.82878 3.99
      vertex 16.3424 9.69558 4.00235
    endloop
  endfacet
  facet normal -0.7065 0.707674 0.00743062
    outer loop
      vertex 16.2586 9.61176 4.0175
      vertex 16.3424 9.69558 4.00235
      vertex 16.2987 9.65191 4.0064
    endloop
  endfacet
  facet normal -0.707204 0.70701 -0.000138349
    outer loop
      vertex 16.3424 9.69558 4.00235
      vertex 16.2586 9.61176 4.0175
      vertex 15.8498 9.20296 4.59
    endloop
  endfacet
  facet normal -0.707014 0.707199 0.000131995
    outer loop
      vertex 15.8498 9.20296 4.59
      vertex 16.2586 9.61176 4.0175
      vertex 16.1156 9.46879 4.05703
    endloop
  endfacet
  facet normal -0.706996 0.707218 0.000150554
    outer loop
      vertex 15.8498 9.20296 4.59
      vertex 16.1156 9.46879 4.05703
      vertex 15.9313 9.28453 4.14097
    endloop
  endfacet
  facet normal -0.712265 0.701677 -0.0181205
    outer loop
      vertex 15.9097 9.2629 4.15243
      vertex 15.9313 9.28453 4.14097
      vertex 15.9191 9.27229 4.14655
    endloop
  endfacet
  facet normal -0.707617 0.706596 -7.52139e-05
    outer loop
      vertex 15.9313 9.28453 4.14097
      vertex 15.9097 9.2629 4.15243
      vertex 15.8498 9.20296 4.59
    endloop
  endfacet
  facet normal -0.707343 0.706871 0
    outer loop
      vertex 15.8498 9.20296 4.59
      vertex 15.9097 9.2629 4.15243
      vertex 15.8498 9.20296 4.19
    endloop
  endfacet
  facet normal -0.707118 0.707095 2.09075e-15
    outer loop
      vertex 16.4756 9.82878 3.99
      vertex 15.8498 9.20296 4.59
      vertex 17.1014 10.4546 4.59
    endloop
  endfacet
  facet normal -0.707096 0.707117 0
    outer loop
      vertex 18.8798 12.2329 0
      vertex 14.2128 7.56604 1.6
      vertex 18.8798 12.2329 1.6
    endloop
  endfacet
  facet normal -0.707096 0.707117 0
    outer loop
      vertex 14.2128 7.56604 1.6
      vertex 18.8798 12.2329 0
      vertex 14.2128 7.56604 0
    endloop
  endfacet
  facet normal 0.138015 0.138014 0.980767
    outer loop
      vertex 9.48975 5.52996 1.83676
      vertex 11.7692 3.00106 1.87186
      vertex 11.8939 3.12579 1.83676
    endloop
  endfacet
  facet normal 0.137993 0.137994 0.980773
    outer loop
      vertex 11.7692 3.00106 1.87186
      vertex 9.48975 5.52996 1.83676
      vertex 9.36502 5.40522 1.87186
    endloop
  endfacet
  facet normal 0.137993 0.137994 0.980773
    outer loop
      vertex 3.12579 11.8939 1.83676
      vertex 5.40522 9.36502 1.87186
      vertex 5.52996 9.48975 1.83676
    endloop
  endfacet
  facet normal 0.138015 0.138014 0.980767
    outer loop
      vertex 5.40522 9.36502 1.87186
      vertex 3.12579 11.8939 1.83676
      vertex 3.00106 11.7692 1.87186
    endloop
  endfacet
  facet normal 0.0462383 0.0462384 0.99786
    outer loop
      vertex 3.25269 12.0208 1.825
      vertex 5.52996 9.48975 1.83676
      vertex 5.65685 9.61665 1.825
    endloop
  endfacet
  facet normal 0.0462363 0.0462367 0.99786
    outer loop
      vertex 5.52996 9.48975 1.83676
      vertex 3.25269 12.0208 1.825
      vertex 3.12579 11.8939 1.83676
    endloop
  endfacet
  facet normal 0.0462366 0.0462364 0.99786
    outer loop
      vertex 9.61665 5.65685 1.825
      vertex 11.8939 3.12579 1.83676
      vertex 12.0208 3.25269 1.825
    endloop
  endfacet
  facet normal 0.0462385 0.0462382 0.99786
    outer loop
      vertex 11.8939 3.12579 1.83676
      vertex 9.61665 5.65685 1.825
      vertex 9.48975 5.52996 1.83676
    endloop
  endfacet
  facet normal 0.500002 0.500004 -0.707102
    outer loop
      vertex 4.96936 8.92916 4.17226
      vertex 3.25269 12.0208 5.14453
      vertex 5.65685 9.61665 5.14453
    endloop
  endfacet
  facet normal 0.499999 0.500003 -0.707105
    outer loop
      vertex 3.25269 12.0208 5.14453
      vertex 4.96936 8.92916 4.17226
      vertex 2.5652 11.3333 4.17226
    endloop
  endfacet
  facet normal 0.500002 0.5 -0.707105
    outer loop
      vertex 11.3333 2.5652 4.17226
      vertex 9.61665 5.65685 5.14453
      vertex 12.0208 3.25269 5.14453
    endloop
  endfacet
  facet normal 0.500005 0.500001 -0.707102
    outer loop
      vertex 9.61665 5.65685 5.14453
      vertex 11.3333 2.5652 4.17226
      vertex 8.92916 4.96936 4.17226
    endloop
  endfacet
  facet normal 0.669566 0.669577 -0.321478
    outer loop
      vertex 11.1226 2.35444 3.72618
      vertex 8.67751 4.71772 3.55587
      vertex 8.7184 4.7586 3.72618
    endloop
  endfacet
  facet normal 0.669552 0.669557 -0.321548
    outer loop
      vertex 8.67751 4.71772 3.55587
      vertex 11.1226 2.35444 3.72618
      vertex 11.0817 2.31355 3.55587
    endloop
  endfacet
  facet normal 0.66956 0.669549 -0.321548
    outer loop
      vertex 4.7586 8.7184 3.72618
      vertex 2.31355 11.0817 3.55587
      vertex 2.35444 11.1226 3.72618
    endloop
  endfacet
  facet normal 0.669574 0.669569 -0.321478
    outer loop
      vertex 2.31355 11.0817 3.55587
      vertex 4.7586 8.7184 3.72618
      vertex 4.71772 8.67751 3.55587
    endloop
  endfacet
  facet normal 0.312782 0.312775 0.89685
    outer loop
      vertex 9.24458 5.28479 1.92968
      vertex 11.5347 2.76655 2.00922
      vertex 11.6487 2.88062 1.92968
    endloop
  endfacet
  facet normal 0.312712 0.312713 0.896896
    outer loop
      vertex 11.5347 2.76655 2.00922
      vertex 9.24458 5.28479 1.92968
      vertex 9.13052 5.17072 2.00922
    endloop
  endfacet
  facet normal 0.312709 0.312716 0.896896
    outer loop
      vertex 2.88062 11.6487 1.92968
      vertex 5.17072 9.13052 2.00922
      vertex 5.28479 9.24458 1.92968
    endloop
  endfacet
  facet normal 0.312779 0.312778 0.89685
    outer loop
      vertex 5.17072 9.13052 2.00922
      vertex 2.88062 11.6487 1.92968
      vertex 2.76655 11.5347 2.00922
    endloop
  endfacet
  facet normal 0.587918 0.587925 0.555604
    outer loop
      vertex 8.77464 4.81485 2.5125
      vertex 11.2495 2.48134 2.36296
      vertex 8.8453 4.88551 2.36296
    endloop
  endfacet
  facet normal 0.587871 0.587869 0.555713
    outer loop
      vertex 11.2495 2.48134 2.36296
      vertex 8.77464 4.81485 2.5125
      vertex 11.1788 2.41068 2.5125
    endloop
  endfacet
  facet normal 0.587874 0.587867 0.555713
    outer loop
      vertex 2.41068 11.1788 2.5125
      vertex 4.88551 8.8453 2.36296
      vertex 2.48134 11.2495 2.36296
    endloop
  endfacet
  facet normal 0.58792 0.587923 0.555604
    outer loop
      vertex 4.88551 8.8453 2.36296
      vertex 2.41068 11.1788 2.5125
      vertex 4.81485 8.77464 2.5125
    endloop
  endfacet
  facet normal 0.531621 0.531625 -0.659359
    outer loop
      vertex 4.88551 8.8453 4.03704
      vertex 2.5652 11.3333 4.17226
      vertex 4.96936 8.92916 4.17226
    endloop
  endfacet
  facet normal 0.531695 0.531689 -0.659248
    outer loop
      vertex 2.5652 11.3333 4.17226
      vertex 4.88551 8.8453 4.03704
      vertex 2.48134 11.2495 4.03704
    endloop
  endfacet
  facet normal 0.531694 0.53169 -0.659248
    outer loop
      vertex 11.2495 2.48134 4.03704
      vertex 8.92916 4.96936 4.17226
      vertex 11.3333 2.5652 4.17226
    endloop
  endfacet
  facet normal 0.53162 0.531626 -0.659359
    outer loop
      vertex 8.92916 4.96936 4.17226
      vertex 11.2495 2.48134 4.03704
      vertex 8.8453 4.88551 4.03704
    endloop
  endfacet
  facet normal 0.705586 0.705598 0.0654243
    outer loop
      vertex 8.64438 4.68458 3.2
      vertex 11.0569 2.28874 3.02054
      vertex 8.6527 4.6929 3.02054
    endloop
  endfacet
  facet normal 0.705583 0.705571 0.0657375
    outer loop
      vertex 11.0569 2.28874 3.02054
      vertex 8.64438 4.68458 3.2
      vertex 11.0485 2.28042 3.2
    endloop
  endfacet
  facet normal 0.705583 0.705571 0.0657375
    outer loop
      vertex 2.28042 11.0485 3.2
      vertex 4.6929 8.6527 3.02054
      vertex 2.28874 11.0569 3.02054
    endloop
  endfacet
  facet normal 0.705586 0.705598 0.0654243
    outer loop
      vertex 4.6929 8.6527 3.02054
      vertex 2.28042 11.0485 3.2
      vertex 4.68458 8.64438 3.2
    endloop
  endfacet
  facet normal 0.531694 0.53169 0.659248
    outer loop
      vertex 8.92916 4.96936 2.22774
      vertex 11.2495 2.48134 2.36296
      vertex 11.3333 2.5652 2.22774
    endloop
  endfacet
  facet normal 0.53162 0.531626 0.659359
    outer loop
      vertex 11.2495 2.48134 2.36296
      vertex 8.92916 4.96936 2.22774
      vertex 8.8453 4.88551 2.36296
    endloop
  endfacet
  facet normal 0.531621 0.531625 0.659359
    outer loop
      vertex 2.5652 11.3333 2.22774
      vertex 4.88551 8.8453 2.36296
      vertex 4.96936 8.92916 2.22774
    endloop
  endfacet
  facet normal 0.531695 0.531689 0.659248
    outer loop
      vertex 4.88551 8.8453 2.36296
      vertex 2.5652 11.3333 2.22774
      vertex 2.48134 11.2495 2.36296
    endloop
  endfacet
  facet normal -0.0462364 -0.0462366 0.99786
    outer loop
      vertex 3.37959 12.1477 1.83676
      vertex 5.65685 9.61665 1.825
      vertex 5.78375 9.74355 1.83676
    endloop
  endfacet
  facet normal -0.0462364 -0.0462366 0.99786
    outer loop
      vertex 5.65685 9.61665 1.825
      vertex 3.37959 12.1477 1.83676
      vertex 3.25269 12.0208 1.825
    endloop
  endfacet
  facet normal -0.0462366 -0.0462364 0.99786
    outer loop
      vertex 9.74355 5.78375 1.83676
      vertex 12.0208 3.25269 1.825
      vertex 12.1477 3.37959 1.83676
    endloop
  endfacet
  facet normal -0.0462366 -0.0462364 0.99786
    outer loop
      vertex 12.0208 3.25269 1.825
      vertex 9.74355 5.78375 1.83676
      vertex 9.61665 5.65685 1.825
    endloop
  endfacet
  facet normal -0.46625 -0.466256 0.751808
    outer loop
      vertex 10.3041 6.34435 2.22774
      vertex 12.6127 3.84456 2.10915
      vertex 12.7083 3.94018 2.22774
    endloop
  endfacet
  facet normal -0.46625 -0.466256 0.751808
    outer loop
      vertex 12.6127 3.84456 2.10915
      vertex 10.3041 6.34435 2.22774
      vertex 10.2085 6.24873 2.10915
    endloop
  endfacet
  facet normal -0.466256 -0.46625 0.751808
    outer loop
      vertex 3.94018 12.7083 2.22774
      vertex 6.24873 10.2085 2.10915
      vertex 6.34435 10.3041 2.22774
    endloop
  endfacet
  facet normal -0.466256 -0.46625 0.751808
    outer loop
      vertex 6.24873 10.2085 2.10915
      vertex 3.94018 12.7083 2.22774
      vertex 3.84456 12.6127 2.10915
    endloop
  endfacet
  facet normal -0.531572 -0.531563 -0.659448
    outer loop
      vertex 6.34435 10.3041 4.17226
      vertex 4.02404 12.7922 4.03704
      vertex 6.4282 10.388 4.03704
    endloop
  endfacet
  facet normal -0.531557 -0.531551 -0.65947
    outer loop
      vertex 4.02404 12.7922 4.03704
      vertex 6.34435 10.3041 4.17226
      vertex 3.94018 12.7083 4.17226
    endloop
  endfacet
  facet normal -0.53155 -0.531559 -0.65947
    outer loop
      vertex 12.7083 3.94018 4.17226
      vertex 10.388 6.4282 4.03704
      vertex 12.7922 4.02404 4.03704
    endloop
  endfacet
  facet normal -0.531565 -0.531571 -0.659448
    outer loop
      vertex 10.388 6.4282 4.03704
      vertex 12.7083 3.94018 4.17226
      vertex 10.3041 6.34435 4.17226
    endloop
  endfacet
  facet normal -0.634142 -0.634132 -0.442426
    outer loop
      vertex 6.55511 10.5149 3.72618
      vertex 4.0947 12.8628 3.8875
      vertex 4.15095 12.9191 3.72618
    endloop
  endfacet
  facet normal -0.634239 -0.634255 -0.44211
    outer loop
      vertex 4.0947 12.8628 3.8875
      vertex 6.55511 10.5149 3.72618
      vertex 6.49886 10.4587 3.8875
    endloop
  endfacet
  facet normal -0.634242 -0.634253 -0.44211
    outer loop
      vertex 12.9191 4.15095 3.72618
      vertex 10.4587 6.49886 3.8875
      vertex 10.5149 6.55511 3.72618
    endloop
  endfacet
  facet normal -0.634145 -0.634129 -0.442426
    outer loop
      vertex 10.4587 6.49886 3.8875
      vertex 12.9191 4.15095 3.72618
      vertex 12.8628 4.0947 3.8875
    endloop
  endfacet
  facet normal -0.500012 -0.500006 -0.707095
    outer loop
      vertex 5.65685 9.61665 5.14453
      vertex 3.94018 12.7083 4.17226
      vertex 6.34435 10.3041 4.17226
    endloop
  endfacet
  facet normal -0.5 -0.500002 -0.707105
    outer loop
      vertex 3.94018 12.7083 4.17226
      vertex 5.65685 9.61665 5.14453
      vertex 3.25269 12.0208 5.14453
    endloop
  endfacet
  facet normal -0.499998 -0.500004 -0.707105
    outer loop
      vertex 12.0208 3.25269 5.14453
      vertex 10.3041 6.34435 4.17226
      vertex 12.7083 3.94018 4.17226
    endloop
  endfacet
  facet normal -0.50001 -0.500008 -0.707095
    outer loop
      vertex 10.3041 6.34435 4.17226
      vertex 12.0208 3.25269 5.14453
      vertex 9.61665 5.65685 5.14453
    endloop
  endfacet
  facet normal 0.587874 0.587867 -0.555713
    outer loop
      vertex 4.88551 8.8453 4.03704
      vertex 2.41068 11.1788 3.8875
      vertex 2.48134 11.2495 4.03704
    endloop
  endfacet
  facet normal 0.58792 0.587923 -0.555604
    outer loop
      vertex 2.41068 11.1788 3.8875
      vertex 4.88551 8.8453 4.03704
      vertex 4.81485 8.77464 3.8875
    endloop
  endfacet
  facet normal 0.587918 0.587925 -0.555604
    outer loop
      vertex 11.2495 2.48134 4.03704
      vertex 8.77464 4.81485 3.8875
      vertex 8.8453 4.88551 4.03704
    endloop
  endfacet
  facet normal 0.587871 0.587869 -0.555713
    outer loop
      vertex 8.77464 4.81485 3.8875
      vertex 11.2495 2.48134 4.03704
      vertex 11.1788 2.41068 3.8875
    endloop
  endfacet
  facet normal -0.693518 -0.693527 0.195072
    outer loop
      vertex 10.5558 6.59599 2.84413
      vertex 12.9848 4.21664 3.02054
      vertex 10.5806 6.62081 3.02054
    endloop
  endfacet
  facet normal -0.693522 -0.693534 0.195034
    outer loop
      vertex 12.9848 4.21664 3.02054
      vertex 10.5558 6.59599 2.84413
      vertex 12.96 4.19183 2.84413
    endloop
  endfacet
  facet normal -0.693532 -0.693524 0.195034
    outer loop
      vertex 4.19183 12.96 2.84413
      vertex 6.62081 10.5806 3.02054
      vertex 4.21664 12.9848 3.02054
    endloop
  endfacet
  facet normal -0.693528 -0.693517 0.195072
    outer loop
      vertex 6.62081 10.5806 3.02054
      vertex 4.19183 12.96 2.84413
      vertex 6.59599 10.5558 2.84413
    endloop
  endfacet
  facet normal -0.39294 -0.392945 0.83138
    outer loop
      vertex 10.2085 6.24873 2.10915
      vertex 12.507 3.73883 2.00922
      vertex 12.6127 3.84456 2.10915
    endloop
  endfacet
  facet normal -0.392926 -0.392933 0.831392
    outer loop
      vertex 12.507 3.73883 2.00922
      vertex 10.2085 6.24873 2.10915
      vertex 10.1028 6.14299 2.00922
    endloop
  endfacet
  facet normal -0.392932 -0.392927 0.831392
    outer loop
      vertex 3.84456 12.6127 2.10915
      vertex 6.14299 10.1028 2.00922
      vertex 6.24873 10.2085 2.10915
    endloop
  endfacet
  facet normal -0.392946 -0.392939 0.83138
    outer loop
      vertex 6.14299 10.1028 2.00922
      vertex 3.84456 12.6127 2.10915
      vertex 3.73883 12.507 2.00922
    endloop
  endfacet
  facet normal -0.705591 -0.7056 -0.065346
    outer loop
      vertex 10.5889 6.62913 3.2
      vertex 12.9848 4.21664 3.37946
      vertex 10.5806 6.62081 3.37946
    endloop
  endfacet
  facet normal -0.705591 -0.7056 -0.065346
    outer loop
      vertex 12.9848 4.21664 3.37946
      vertex 10.5889 6.62913 3.2
      vertex 12.9931 4.22496 3.2
    endloop
  endfacet
  facet normal -0.7056 -0.705591 -0.065346
    outer loop
      vertex 6.62913 10.5889 3.2
      vertex 4.21664 12.9848 3.37946
      vertex 4.22496 12.9931 3.2
    endloop
  endfacet
  facet normal -0.7056 -0.705591 -0.065346
    outer loop
      vertex 4.21664 12.9848 3.37946
      vertex 6.62913 10.5889 3.2
      vertex 6.62081 10.5806 3.37946
    endloop
  endfacet
  facet normal 0.705586 0.705598 -0.0654243
    outer loop
      vertex 11.0569 2.28874 3.37946
      vertex 8.64438 4.68458 3.2
      vertex 8.6527 4.6929 3.37946
    endloop
  endfacet
  facet normal 0.705583 0.705571 -0.0657375
    outer loop
      vertex 8.64438 4.68458 3.2
      vertex 11.0569 2.28874 3.37946
      vertex 11.0485 2.28042 3.2
    endloop
  endfacet
  facet normal 0.705583 0.705571 -0.0657375
    outer loop
      vertex 4.6929 8.6527 3.37946
      vertex 2.28042 11.0485 3.2
      vertex 2.28874 11.0569 3.37946
    endloop
  endfacet
  facet normal 0.705586 0.705598 -0.0654243
    outer loop
      vertex 2.28042 11.0485 3.2
      vertex 4.6929 8.6527 3.37946
      vertex 4.68458 8.64438 3.2
    endloop
  endfacet
  facet normal -0.669558 -0.669569 0.321513
    outer loop
      vertex 10.5149 6.55511 2.67382
      vertex 12.96 4.19183 2.84413
      vertex 10.5558 6.59599 2.84413
    endloop
  endfacet
  facet normal -0.669558 -0.669569 0.321513
    outer loop
      vertex 12.96 4.19183 2.84413
      vertex 10.5149 6.55511 2.67382
      vertex 12.9191 4.15095 2.67382
    endloop
  endfacet
  facet normal -0.669569 -0.669558 0.321513
    outer loop
      vertex 4.15095 12.9191 2.67382
      vertex 6.59599 10.5558 2.84413
      vertex 4.19183 12.96 2.84413
    endloop
  endfacet
  facet normal -0.669569 -0.669558 0.321513
    outer loop
      vertex 6.59599 10.5558 2.84413
      vertex 4.15095 12.9191 2.67382
      vertex 6.55511 10.5149 2.67382
    endloop
  endfacet
  facet normal -0.669558 -0.669569 -0.321513
    outer loop
      vertex 12.96 4.19183 3.55587
      vertex 10.5149 6.55511 3.72618
      vertex 10.5558 6.59599 3.55587
    endloop
  endfacet
  facet normal -0.669558 -0.669569 -0.321513
    outer loop
      vertex 10.5149 6.55511 3.72618
      vertex 12.96 4.19183 3.55587
      vertex 12.9191 4.15095 3.72618
    endloop
  endfacet
  facet normal -0.669569 -0.669558 -0.321513
    outer loop
      vertex 6.59599 10.5558 3.55587
      vertex 4.15095 12.9191 3.72618
      vertex 4.19183 12.96 3.55587
    endloop
  endfacet
  facet normal -0.669569 -0.669558 -0.321513
    outer loop
      vertex 4.15095 12.9191 3.72618
      vertex 6.59599 10.5558 3.55587
      vertex 6.55511 10.5149 3.72618
    endloop
  endfacet
  facet normal -0.693518 -0.693527 -0.195072
    outer loop
      vertex 12.9848 4.21664 3.37946
      vertex 10.5558 6.59599 3.55587
      vertex 10.5806 6.62081 3.37946
    endloop
  endfacet
  facet normal -0.693522 -0.693534 -0.195034
    outer loop
      vertex 10.5558 6.59599 3.55587
      vertex 12.9848 4.21664 3.37946
      vertex 12.96 4.19183 3.55587
    endloop
  endfacet
  facet normal -0.693532 -0.693524 -0.195034
    outer loop
      vertex 6.62081 10.5806 3.37946
      vertex 4.19183 12.96 3.55587
      vertex 4.21664 12.9848 3.37946
    endloop
  endfacet
  facet normal -0.693528 -0.693517 -0.195072
    outer loop
      vertex 4.19183 12.96 3.55587
      vertex 6.62081 10.5806 3.37946
      vertex 6.59599 10.5558 3.55587
    endloop
  endfacet
  facet normal -0.13801 -0.138008 0.980769
    outer loop
      vertex 9.86829 5.90849 1.87186
      vertex 12.1477 3.37959 1.83676
      vertex 12.2724 3.50433 1.87186
    endloop
  endfacet
  facet normal -0.137988 -0.137987 0.980775
    outer loop
      vertex 12.1477 3.37959 1.83676
      vertex 9.86829 5.90849 1.87186
      vertex 9.74355 5.78375 1.83676
    endloop
  endfacet
  facet normal -0.137986 -0.137989 0.980775
    outer loop
      vertex 3.50433 12.2724 1.87186
      vertex 5.78375 9.74355 1.83676
      vertex 5.90849 9.86829 1.87186
    endloop
  endfacet
  facet normal -0.138009 -0.138009 0.980769
    outer loop
      vertex 5.78375 9.74355 1.83676
      vertex 3.50433 12.2724 1.87186
      vertex 3.37959 12.1477 1.83676
    endloop
  endfacet
  facet normal 0.392813 0.392815 0.831501
    outer loop
      vertex 9.13052 5.17072 2.00922
      vertex 11.4289 2.66082 2.10915
      vertex 11.5347 2.76655 2.00922
    endloop
  endfacet
  facet normal 0.392881 0.392875 0.831441
    outer loop
      vertex 11.4289 2.66082 2.10915
      vertex 9.13052 5.17072 2.00922
      vertex 9.02478 5.06498 2.10915
    endloop
  endfacet
  facet normal 0.392879 0.392877 0.831441
    outer loop
      vertex 2.76655 11.5347 2.00922
      vertex 5.06498 9.02478 2.10915
      vertex 5.17072 9.13052 2.00922
    endloop
  endfacet
  facet normal 0.392811 0.392817 0.831501
    outer loop
      vertex 5.06498 9.02478 2.10915
      vertex 2.76655 11.5347 2.00922
      vertex 2.66082 11.4289 2.10915
    endloop
  endfacet
  facet normal -0.53155 -0.531559 0.65947
    outer loop
      vertex 10.388 6.4282 2.36296
      vertex 12.7083 3.94018 2.22774
      vertex 12.7922 4.02404 2.36296
    endloop
  endfacet
  facet normal -0.531565 -0.531571 0.659448
    outer loop
      vertex 12.7083 3.94018 2.22774
      vertex 10.388 6.4282 2.36296
      vertex 10.3041 6.34435 2.22774
    endloop
  endfacet
  facet normal -0.531572 -0.531563 0.659448
    outer loop
      vertex 4.02404 12.7922 2.36296
      vertex 6.34435 10.3041 2.22774
      vertex 6.4282 10.388 2.36296
    endloop
  endfacet
  facet normal -0.531557 -0.531551 0.65947
    outer loop
      vertex 6.34435 10.3041 2.22774
      vertex 4.02404 12.7922 2.36296
      vertex 3.94018 12.7083 2.22774
    endloop
  endfacet
  facet normal -0.312666 -0.312671 0.896926
    outer loop
      vertex 10.1028 6.14299 2.00922
      vertex 12.3929 3.62476 1.92968
      vertex 12.507 3.73883 2.00922
    endloop
  endfacet
  facet normal -0.312689 -0.312692 0.896911
    outer loop
      vertex 12.3929 3.62476 1.92968
      vertex 10.1028 6.14299 2.00922
      vertex 9.98872 6.02892 1.92968
    endloop
  endfacet
  facet normal -0.312693 -0.312688 0.896911
    outer loop
      vertex 3.73883 12.507 2.00922
      vertex 6.02892 9.98872 1.92968
      vertex 6.14299 10.1028 2.00922
    endloop
  endfacet
  facet normal -0.31267 -0.312667 0.896926
    outer loop
      vertex 6.02892 9.98872 1.92968
      vertex 3.73883 12.507 2.00922
      vertex 3.62476 12.3929 1.92968
    endloop
  endfacet
  facet normal 0.466257 0.466249 0.751808
    outer loop
      vertex 9.02478 5.06498 2.10915
      vertex 11.3333 2.5652 2.22774
      vertex 11.4289 2.66082 2.10915
    endloop
  endfacet
  facet normal 0.466228 0.466224 0.751843
    outer loop
      vertex 11.3333 2.5652 2.22774
      vertex 9.02478 5.06498 2.10915
      vertex 8.92916 4.96936 2.22774
    endloop
  endfacet
  facet normal 0.466222 0.46623 0.751843
    outer loop
      vertex 2.66082 11.4289 2.10915
      vertex 4.96936 8.92916 2.22774
      vertex 5.06498 9.02478 2.10915
    endloop
  endfacet
  facet normal 0.466251 0.466255 0.751808
    outer loop
      vertex 4.96936 8.92916 2.22774
      vertex 2.66082 11.4289 2.10915
      vertex 2.5652 11.3333 2.22774
    endloop
  endfacet
  facet normal 0.669566 0.669577 0.321478
    outer loop
      vertex 8.67751 4.71772 2.84413
      vertex 11.1226 2.35444 2.67382
      vertex 8.7184 4.7586 2.67382
    endloop
  endfacet
  facet normal 0.669552 0.669557 0.321548
    outer loop
      vertex 11.1226 2.35444 2.67382
      vertex 8.67751 4.71772 2.84413
      vertex 11.0817 2.31355 2.84413
    endloop
  endfacet
  facet normal 0.66956 0.669549 0.321548
    outer loop
      vertex 2.31355 11.0817 2.84413
      vertex 4.7586 8.7184 2.67382
      vertex 2.35444 11.1226 2.67382
    endloop
  endfacet
  facet normal 0.669574 0.669569 0.321478
    outer loop
      vertex 4.7586 8.7184 2.67382
      vertex 2.31355 11.0817 2.84413
      vertex 4.71772 8.67751 2.84413
    endloop
  endfacet
  facet normal 0.227246 0.227247 0.946952
    outer loop
      vertex 9.36502 5.40522 1.87186
      vertex 11.6487 2.88062 1.92968
      vertex 11.7692 3.00106 1.87186
    endloop
  endfacet
  facet normal 0.227308 0.227303 0.946924
    outer loop
      vertex 11.6487 2.88062 1.92968
      vertex 9.36502 5.40522 1.87186
      vertex 9.24458 5.28479 1.92968
    endloop
  endfacet
  facet normal 0.227307 0.227305 0.946924
    outer loop
      vertex 3.00106 11.7692 1.87186
      vertex 5.28479 9.24458 1.92968
      vertex 5.40522 9.36502 1.87186
    endloop
  endfacet
  facet normal 0.227244 0.227249 0.946952
    outer loop
      vertex 5.28479 9.24458 1.92968
      vertex 3.00106 11.7692 1.87186
      vertex 2.88062 11.6487 1.92968
    endloop
  endfacet
  facet normal 0.693514 0.69352 0.195109
    outer loop
      vertex 8.6527 4.6929 3.02054
      vertex 11.0817 2.31355 2.84413
      vertex 8.67751 4.71772 2.84413
    endloop
  endfacet
  facet normal 0.693522 0.693534 0.195034
    outer loop
      vertex 11.0817 2.31355 2.84413
      vertex 8.6527 4.6929 3.02054
      vertex 11.0569 2.28874 3.02054
    endloop
  endfacet
  facet normal 0.693531 0.693525 0.195034
    outer loop
      vertex 2.28874 11.0569 3.02054
      vertex 4.71772 8.67751 2.84413
      vertex 2.31355 11.0817 2.84413
    endloop
  endfacet
  facet normal 0.693523 0.693511 0.195109
    outer loop
      vertex 4.71772 8.67751 2.84413
      vertex 2.28874 11.0569 3.02054
      vertex 4.6929 8.6527 3.02054
    endloop
  endfacet
  facet normal 0.634257 0.63426 -0.442078
    outer loop
      vertex 4.81485 8.77464 3.8875
      vertex 2.35444 11.1226 3.72618
      vertex 2.41068 11.1788 3.8875
    endloop
  endfacet
  facet normal 0.634208 0.634198 -0.442236
    outer loop
      vertex 2.35444 11.1226 3.72618
      vertex 4.81485 8.77464 3.8875
      vertex 4.7586 8.7184 3.72618
    endloop
  endfacet
  facet normal 0.63426 0.634257 -0.442078
    outer loop
      vertex 11.1226 2.35444 3.72618
      vertex 8.77464 4.81485 3.8875
      vertex 11.1788 2.41068 3.8875
    endloop
  endfacet
  facet normal 0.634198 0.634208 -0.442236
    outer loop
      vertex 8.77464 4.81485 3.8875
      vertex 11.1226 2.35444 3.72618
      vertex 8.7184 4.7586 3.72618
    endloop
  endfacet
  facet normal -0.587878 -0.587863 0.555713
    outer loop
      vertex 10.388 6.4282 2.36296
      vertex 12.8628 4.0947 2.5125
      vertex 10.4587 6.49886 2.5125
    endloop
  endfacet
  facet normal -0.587994 -0.588004 0.555441
    outer loop
      vertex 12.8628 4.0947 2.5125
      vertex 10.388 6.4282 2.36296
      vertex 12.7922 4.02404 2.36296
    endloop
  endfacet
  facet normal -0.587991 -0.588006 0.555441
    outer loop
      vertex 4.02404 12.7922 2.36296
      vertex 6.49886 10.4587 2.5125
      vertex 4.0947 12.8628 2.5125
    endloop
  endfacet
  facet normal -0.587875 -0.587865 0.555713
    outer loop
      vertex 6.49886 10.4587 2.5125
      vertex 4.02404 12.7922 2.36296
      vertex 6.4282 10.388 2.36296
    endloop
  endfacet
  facet normal -0.705591 -0.7056 0.065346
    outer loop
      vertex 12.9848 4.21664 3.02054
      vertex 10.5889 6.62913 3.2
      vertex 10.5806 6.62081 3.02054
    endloop
  endfacet
  facet normal -0.705591 -0.7056 0.065346
    outer loop
      vertex 10.5889 6.62913 3.2
      vertex 12.9848 4.21664 3.02054
      vertex 12.9931 4.22496 3.2
    endloop
  endfacet
  facet normal -0.7056 -0.705591 0.065346
    outer loop
      vertex 4.21664 12.9848 3.02054
      vertex 6.62913 10.5889 3.2
      vertex 4.22496 12.9931 3.2
    endloop
  endfacet
  facet normal -0.7056 -0.705591 0.065346
    outer loop
      vertex 6.62913 10.5889 3.2
      vertex 4.21664 12.9848 3.02054
      vertex 6.62081 10.5806 3.02054
    endloop
  endfacet
  facet normal 0.693514 0.69352 -0.195109
    outer loop
      vertex 11.0817 2.31355 3.55587
      vertex 8.6527 4.6929 3.37946
      vertex 8.67751 4.71772 3.55587
    endloop
  endfacet
  facet normal 0.693522 0.693534 -0.195034
    outer loop
      vertex 8.6527 4.6929 3.37946
      vertex 11.0817 2.31355 3.55587
      vertex 11.0569 2.28874 3.37946
    endloop
  endfacet
  facet normal 0.693531 0.693525 -0.195034
    outer loop
      vertex 4.71772 8.67751 3.55587
      vertex 2.28874 11.0569 3.37946
      vertex 2.31355 11.0817 3.55587
    endloop
  endfacet
  facet normal 0.693523 0.693511 -0.195109
    outer loop
      vertex 2.28874 11.0569 3.37946
      vertex 4.71772 8.67751 3.55587
      vertex 4.6929 8.6527 3.37946
    endloop
  endfacet
  facet normal -0.587991 -0.588006 -0.555441
    outer loop
      vertex 6.49886 10.4587 3.8875
      vertex 4.02404 12.7922 4.03704
      vertex 4.0947 12.8628 3.8875
    endloop
  endfacet
  facet normal -0.587875 -0.587865 -0.555713
    outer loop
      vertex 4.02404 12.7922 4.03704
      vertex 6.49886 10.4587 3.8875
      vertex 6.4282 10.388 4.03704
    endloop
  endfacet
  facet normal -0.587878 -0.587863 -0.555713
    outer loop
      vertex 12.8628 4.0947 3.8875
      vertex 10.388 6.4282 4.03704
      vertex 10.4587 6.49886 3.8875
    endloop
  endfacet
  facet normal -0.587994 -0.588004 -0.555441
    outer loop
      vertex 10.388 6.4282 4.03704
      vertex 12.8628 4.0947 3.8875
      vertex 12.7922 4.02404 4.03704
    endloop
  endfacet
  facet normal 0.63426 0.634257 0.442078
    outer loop
      vertex 8.77464 4.81485 2.5125
      vertex 11.1226 2.35444 2.67382
      vertex 11.1788 2.41068 2.5125
    endloop
  endfacet
  facet normal 0.634198 0.634208 0.442236
    outer loop
      vertex 11.1226 2.35444 2.67382
      vertex 8.77464 4.81485 2.5125
      vertex 8.7184 4.7586 2.67382
    endloop
  endfacet
  facet normal 0.634257 0.63426 0.442078
    outer loop
      vertex 2.35444 11.1226 2.67382
      vertex 4.81485 8.77464 2.5125
      vertex 2.41068 11.1788 2.5125
    endloop
  endfacet
  facet normal 0.634208 0.634198 0.442236
    outer loop
      vertex 4.81485 8.77464 2.5125
      vertex 2.35444 11.1226 2.67382
      vertex 4.7586 8.7184 2.67382
    endloop
  endfacet
  facet normal -0.634242 -0.634253 0.44211
    outer loop
      vertex 10.4587 6.49886 2.5125
      vertex 12.9191 4.15095 2.67382
      vertex 10.5149 6.55511 2.67382
    endloop
  endfacet
  facet normal -0.634145 -0.634129 0.442426
    outer loop
      vertex 12.9191 4.15095 2.67382
      vertex 10.4587 6.49886 2.5125
      vertex 12.8628 4.0947 2.5125
    endloop
  endfacet
  facet normal -0.634142 -0.634132 0.442426
    outer loop
      vertex 4.0947 12.8628 2.5125
      vertex 6.55511 10.5149 2.67382
      vertex 4.15095 12.9191 2.67382
    endloop
  endfacet
  facet normal -0.634239 -0.634255 0.44211
    outer loop
      vertex 6.55511 10.5149 2.67382
      vertex 4.0947 12.8628 2.5125
      vertex 6.49886 10.4587 2.5125
    endloop
  endfacet
  facet normal -0.227254 -0.227256 0.946948
    outer loop
      vertex 9.98872 6.02892 1.92968
      vertex 12.2724 3.50433 1.87186
      vertex 12.3929 3.62476 1.92968
    endloop
  endfacet
  facet normal -0.227317 -0.227312 0.94692
    outer loop
      vertex 12.2724 3.50433 1.87186
      vertex 9.98872 6.02892 1.92968
      vertex 9.86829 5.90849 1.87186
    endloop
  endfacet
  facet normal -0.227315 -0.227313 0.94692
    outer loop
      vertex 3.62476 12.3929 1.92968
      vertex 5.90849 9.86829 1.87186
      vertex 6.02892 9.98872 1.92968
    endloop
  endfacet
  facet normal -0.227253 -0.227257 0.946948
    outer loop
      vertex 5.90849 9.86829 1.87186
      vertex 3.62476 12.3929 1.92968
      vertex 3.50433 12.2724 1.87186
    endloop
  endfacet
endsolid OpenSCAD_Model
